[2026-03-09 16:11:24,238][SimpleHeuristics 1][INFO] - Starting listening to showdown websocket
[2026-03-09 16:11:24,239][SimpleHeuristics 1][ERROR] - Multiple exceptions: [Errno 61] Connect call failed ('::1', 8000, 0, 0), [Errno 61] Connect call failed ('127.0.0.1', 8000)
Traceback (most recent call last):
  File "/Library/Frameworks/Python.framework/Versions/3.13/lib/python3.13/site-packages/poke_env/ps_client/ps_client.py", line 216, in listen
    async with ws.connect(
               ~~~~~~~~~~^
        self.websocket_url,
        ^^^^^^^^^^^^^^^^^^^
    ...<3 lines>...
        ping_timeout=self._ping_timeout,
        ^^^^^^^^^^^^^^^^^^^^^^^^^^^^^^^^
    ) as websocket:
    ^
  File "/Library/Frameworks/Python.framework/Versions/3.13/lib/python3.13/site-packages/websockets/asyncio/client.py", line 587, in __aenter__
    return await self
           ^^^^^^^^^^
  File "/Library/Frameworks/Python.framework/Versions/3.13/lib/python3.13/site-packages/websockets/asyncio/client.py", line 541, in __await_impl__
    self.connection = await self.create_connection()
                      ^^^^^^^^^^^^^^^^^^^^^^^^^^^^^^
  File "/Library/Frameworks/Python.framework/Versions/3.13/lib/python3.13/site-packages/websockets/asyncio/client.py", line 467, in create_connection
    _, connection = await loop.create_connection(factory, **kwargs)
                    ^^^^^^^^^^^^^^^^^^^^^^^^^^^^^^^^^^^^^^^^^^^^^^^
  File "/Library/Frameworks/Python.framework/Versions/3.13/lib/python3.13/asyncio/base_events.py", line 1174, in create_connection
    raise OSError('Multiple exceptions: {}'.format(
        ', '.join(str(exc) for exc in exceptions)))
OSError: Multiple exceptions: [Errno 61] Connect call failed ('::1', 8000, 0, 0), [Errno 61] Connect call failed ('127.0.0.1', 8000)
[2026-03-09 16:11:24,242][PokeRLEnv wf6xf][ERROR] - Multiple exceptions: [Errno 61] Connect call failed ('::1', 8000, 0, 0), [Errno 61] Connect call failed ('127.0.0.1', 8000)
Traceback (most recent call last):
  File "/Library/Frameworks/Python.framework/Versions/3.13/lib/python3.13/site-packages/poke_env/ps_client/ps_client.py", line 216, in listen
    async with ws.connect(
               ~~~~~~~~~~^
        self.websocket_url,
        ^^^^^^^^^^^^^^^^^^^
    ...<3 lines>...
        ping_timeout=self._ping_timeout,
        ^^^^^^^^^^^^^^^^^^^^^^^^^^^^^^^^
    ) as websocket:
    ^
  File "/Library/Frameworks/Python.framework/Versions/3.13/lib/python3.13/site-packages/websockets/asyncio/client.py", line 587, in __aenter__
    return await self
           ^^^^^^^^^^
  File "/Library/Frameworks/Python.framework/Versions/3.13/lib/python3.13/site-packages/websockets/asyncio/client.py", line 541, in __await_impl__
    self.connection = await self.create_connection()
                      ^^^^^^^^^^^^^^^^^^^^^^^^^^^^^^
  File "/Library/Frameworks/Python.framework/Versions/3.13/lib/python3.13/site-packages/websockets/asyncio/client.py", line 467, in create_connection
    _, connection = await loop.create_connection(factory, **kwargs)
                    ^^^^^^^^^^^^^^^^^^^^^^^^^^^^^^^^^^^^^^^^^^^^^^^
  File "/Library/Frameworks/Python.framework/Versions/3.13/lib/python3.13/asyncio/base_events.py", line 1174, in create_connection
    raise OSError('Multiple exceptions: {}'.format(
        ', '.join(str(exc) for exc in exceptions)))
OSError: Multiple exceptions: [Errno 61] Connect call failed ('::1', 8000, 0, 0), [Errno 61] Connect call failed ('127.0.0.1', 8000)
[2026-03-09 16:11:24,243][PokeRLEnv obnmc][ERROR] - Multiple exceptions: [Errno 61] Connect call failed ('::1', 8000, 0, 0), [Errno 61] Connect call failed ('127.0.0.1', 8000)
Traceback (most recent call last):
  File "/Library/Frameworks/Python.framework/Versions/3.13/lib/python3.13/site-packages/poke_env/ps_client/ps_client.py", line 216, in listen
    async with ws.connect(
               ~~~~~~~~~~^
        self.websocket_url,
        ^^^^^^^^^^^^^^^^^^^
    ...<3 lines>...
        ping_timeout=self._ping_timeout,
        ^^^^^^^^^^^^^^^^^^^^^^^^^^^^^^^^
    ) as websocket:
    ^
  File "/Library/Frameworks/Python.framework/Versions/3.13/lib/python3.13/site-packages/websockets/asyncio/client.py", line 587, in __aenter__
    return await self
           ^^^^^^^^^^
  File "/Library/Frameworks/Python.framework/Versions/3.13/lib/python3.13/site-packages/websockets/asyncio/client.py", line 541, in __await_impl__
    self.connection = await self.create_connection()
                      ^^^^^^^^^^^^^^^^^^^^^^^^^^^^^^
  File "/Library/Frameworks/Python.framework/Versions/3.13/lib/python3.13/site-packages/websockets/asyncio/client.py", line 467, in create_connection
    _, connection = await loop.create_connection(factory, **kwargs)
                    ^^^^^^^^^^^^^^^^^^^^^^^^^^^^^^^^^^^^^^^^^^^^^^^
  File "/Library/Frameworks/Python.framework/Versions/3.13/lib/python3.13/asyncio/base_events.py", line 1174, in create_connection
    raise OSError('Multiple exceptions: {}'.format(
        ', '.join(str(exc) for exc in exceptions)))
OSError: Multiple exceptions: [Errno 61] Connect call failed ('::1', 8000, 0, 0), [Errno 61] Connect call failed ('127.0.0.1', 8000)
[2026-03-09 16:11:24,244][SimpleHeuristics 2][INFO] - Starting listening to showdown websocket
[2026-03-09 16:11:24,245][SimpleHeuristics 2][ERROR] - Multiple exceptions: [Errno 61] Connect call failed ('::1', 8000, 0, 0), [Errno 61] Connect call failed ('127.0.0.1', 8000)
Traceback (most recent call last):
  File "/Library/Frameworks/Python.framework/Versions/3.13/lib/python3.13/site-packages/poke_env/ps_client/ps_client.py", line 216, in listen
    async with ws.connect(
               ~~~~~~~~~~^
        self.websocket_url,
        ^^^^^^^^^^^^^^^^^^^
    ...<3 lines>...
        ping_timeout=self._ping_timeout,
        ^^^^^^^^^^^^^^^^^^^^^^^^^^^^^^^^
    ) as websocket:
    ^
  File "/Library/Frameworks/Python.framework/Versions/3.13/lib/python3.13/site-packages/websockets/asyncio/client.py", line 587, in __aenter__
    return await self
           ^^^^^^^^^^
  File "/Library/Frameworks/Python.framework/Versions/3.13/lib/python3.13/site-packages/websockets/asyncio/client.py", line 541, in __await_impl__
    self.connection = await self.create_connection()
                      ^^^^^^^^^^^^^^^^^^^^^^^^^^^^^^
  File "/Library/Frameworks/Python.framework/Versions/3.13/lib/python3.13/site-packages/websockets/asyncio/client.py", line 467, in create_connection
    _, connection = await loop.create_connection(factory, **kwargs)
                    ^^^^^^^^^^^^^^^^^^^^^^^^^^^^^^^^^^^^^^^^^^^^^^^
  File "/Library/Frameworks/Python.framework/Versions/3.13/lib/python3.13/asyncio/base_events.py", line 1174, in create_connection
    raise OSError('Multiple exceptions: {}'.format(
        ', '.join(str(exc) for exc in exceptions)))
OSError: Multiple exceptions: [Errno 61] Connect call failed ('::1', 8000, 0, 0), [Errno 61] Connect call failed ('127.0.0.1', 8000)
[2026-03-09 16:11:24,247][PokeRLEnv 0tfhn][ERROR] - Multiple exceptions: [Errno 61] Connect call failed ('::1', 8000, 0, 0), [Errno 61] Connect call failed ('127.0.0.1', 8000)
Traceback (most recent call last):
  File "/Library/Frameworks/Python.framework/Versions/3.13/lib/python3.13/site-packages/poke_env/ps_client/ps_client.py", line 216, in listen
    async with ws.connect(
               ~~~~~~~~~~^
        self.websocket_url,
        ^^^^^^^^^^^^^^^^^^^
    ...<3 lines>...
        ping_timeout=self._ping_timeout,
        ^^^^^^^^^^^^^^^^^^^^^^^^^^^^^^^^
    ) as websocket:
    ^
  File "/Library/Frameworks/Python.framework/Versions/3.13/lib/python3.13/site-packages/websockets/asyncio/client.py", line 587, in __aenter__
    return await self
           ^^^^^^^^^^
  File "/Library/Frameworks/Python.framework/Versions/3.13/lib/python3.13/site-packages/websockets/asyncio/client.py", line 541, in __await_impl__
    self.connection = await self.create_connection()
                      ^^^^^^^^^^^^^^^^^^^^^^^^^^^^^^
  File "/Library/Frameworks/Python.framework/Versions/3.13/lib/python3.13/site-packages/websockets/asyncio/client.py", line 467, in create_connection
    _, connection = await loop.create_connection(factory, **kwargs)
                    ^^^^^^^^^^^^^^^^^^^^^^^^^^^^^^^^^^^^^^^^^^^^^^^
  File "/Library/Frameworks/Python.framework/Versions/3.13/lib/python3.13/asyncio/base_events.py", line 1174, in create_connection
    raise OSError('Multiple exceptions: {}'.format(
        ', '.join(str(exc) for exc in exceptions)))
OSError: Multiple exceptions: [Errno 61] Connect call failed ('::1', 8000, 0, 0), [Errno 61] Connect call failed ('127.0.0.1', 8000)
[2026-03-09 16:11:24,248][PokeRLEnv 2a8kc][ERROR] - Multiple exceptions: [Errno 61] Connect call failed ('::1', 8000, 0, 0), [Errno 61] Connect call failed ('127.0.0.1', 8000)
Traceback (most recent call last):
  File "/Library/Frameworks/Python.framework/Versions/3.13/lib/python3.13/site-packages/poke_env/ps_client/ps_client.py", line 216, in listen
    async with ws.connect(
               ~~~~~~~~~~^
        self.websocket_url,
        ^^^^^^^^^^^^^^^^^^^
    ...<3 lines>...
        ping_timeout=self._ping_timeout,
        ^^^^^^^^^^^^^^^^^^^^^^^^^^^^^^^^
    ) as websocket:
    ^
  File "/Library/Frameworks/Python.framework/Versions/3.13/lib/python3.13/site-packages/websockets/asyncio/client.py", line 587, in __aenter__
    return await self
           ^^^^^^^^^^
  File "/Library/Frameworks/Python.framework/Versions/3.13/lib/python3.13/site-packages/websockets/asyncio/client.py", line 541, in __await_impl__
    self.connection = await self.create_connection()
                      ^^^^^^^^^^^^^^^^^^^^^^^^^^^^^^
  File "/Library/Frameworks/Python.framework/Versions/3.13/lib/python3.13/site-packages/websockets/asyncio/client.py", line 467, in create_connection
    _, connection = await loop.create_connection(factory, **kwargs)
                    ^^^^^^^^^^^^^^^^^^^^^^^^^^^^^^^^^^^^^^^^^^^^^^^
  File "/Library/Frameworks/Python.framework/Versions/3.13/lib/python3.13/asyncio/base_events.py", line 1174, in create_connection
    raise OSError('Multiple exceptions: {}'.format(
        ', '.join(str(exc) for exc in exceptions)))
OSError: Multiple exceptions: [Errno 61] Connect call failed ('::1', 8000, 0, 0), [Errno 61] Connect call failed ('127.0.0.1', 8000)
[2026-03-09 16:11:24,866][RandomPlayer 1][INFO] - Starting listening to showdown websocket
[2026-03-09 16:11:24,867][RandomPlayer 1][ERROR] - Multiple exceptions: [Errno 61] Connect call failed ('::1', 8000, 0, 0), [Errno 61] Connect call failed ('127.0.0.1', 8000)
Traceback (most recent call last):
  File "/Library/Frameworks/Python.framework/Versions/3.13/lib/python3.13/site-packages/poke_env/ps_client/ps_client.py", line 216, in listen
    async with ws.connect(
               ~~~~~~~~~~^
        self.websocket_url,
        ^^^^^^^^^^^^^^^^^^^
    ...<3 lines>...
        ping_timeout=self._ping_timeout,
        ^^^^^^^^^^^^^^^^^^^^^^^^^^^^^^^^
    ) as websocket:
    ^
  File "/Library/Frameworks/Python.framework/Versions/3.13/lib/python3.13/site-packages/websockets/asyncio/client.py", line 587, in __aenter__
    return await self
           ^^^^^^^^^^
  File "/Library/Frameworks/Python.framework/Versions/3.13/lib/python3.13/site-packages/websockets/asyncio/client.py", line 541, in __await_impl__
    self.connection = await self.create_connection()
                      ^^^^^^^^^^^^^^^^^^^^^^^^^^^^^^
  File "/Library/Frameworks/Python.framework/Versions/3.13/lib/python3.13/site-packages/websockets/asyncio/client.py", line 467, in create_connection
    _, connection = await loop.create_connection(factory, **kwargs)
                    ^^^^^^^^^^^^^^^^^^^^^^^^^^^^^^^^^^^^^^^^^^^^^^^
  File "/Library/Frameworks/Python.framework/Versions/3.13/lib/python3.13/asyncio/base_events.py", line 1174, in create_connection
    raise OSError('Multiple exceptions: {}'.format(
        ', '.join(str(exc) for exc in exceptions)))
OSError: Multiple exceptions: [Errno 61] Connect call failed ('::1', 8000, 0, 0), [Errno 61] Connect call failed ('127.0.0.1', 8000)
[2026-03-09 16:11:24,868][PokeRLEnv xaji0][ERROR] - Multiple exceptions: [Errno 61] Connect call failed ('::1', 8000, 0, 0), [Errno 61] Connect call failed ('127.0.0.1', 8000)
Traceback (most recent call last):
  File "/Library/Frameworks/Python.framework/Versions/3.13/lib/python3.13/site-packages/poke_env/ps_client/ps_client.py", line 216, in listen
    async with ws.connect(
               ~~~~~~~~~~^
        self.websocket_url,
        ^^^^^^^^^^^^^^^^^^^
    ...<3 lines>...
        ping_timeout=self._ping_timeout,
        ^^^^^^^^^^^^^^^^^^^^^^^^^^^^^^^^
    ) as websocket:
    ^
  File "/Library/Frameworks/Python.framework/Versions/3.13/lib/python3.13/site-packages/websockets/asyncio/client.py", line 587, in __aenter__
    return await self
           ^^^^^^^^^^
  File "/Library/Frameworks/Python.framework/Versions/3.13/lib/python3.13/site-packages/websockets/asyncio/client.py", line 541, in __await_impl__
    self.connection = await self.create_connection()
                      ^^^^^^^^^^^^^^^^^^^^^^^^^^^^^^
  File "/Library/Frameworks/Python.framework/Versions/3.13/lib/python3.13/site-packages/websockets/asyncio/client.py", line 467, in create_connection
    _, connection = await loop.create_connection(factory, **kwargs)
                    ^^^^^^^^^^^^^^^^^^^^^^^^^^^^^^^^^^^^^^^^^^^^^^^
  File "/Library/Frameworks/Python.framework/Versions/3.13/lib/python3.13/asyncio/base_events.py", line 1174, in create_connection
    raise OSError('Multiple exceptions: {}'.format(
        ', '.join(str(exc) for exc in exceptions)))
OSError: Multiple exceptions: [Errno 61] Connect call failed ('::1', 8000, 0, 0), [Errno 61] Connect call failed ('127.0.0.1', 8000)
[2026-03-09 16:11:24,869][PokeRLEnv y6dpb][ERROR] - Multiple exceptions: [Errno 61] Connect call failed ('::1', 8000, 0, 0), [Errno 61] Connect call failed ('127.0.0.1', 8000)
Traceback (most recent call last):
  File "/Library/Frameworks/Python.framework/Versions/3.13/lib/python3.13/site-packages/poke_env/ps_client/ps_client.py", line 216, in listen
    async with ws.connect(
               ~~~~~~~~~~^
        self.websocket_url,
        ^^^^^^^^^^^^^^^^^^^
    ...<3 lines>...
        ping_timeout=self._ping_timeout,
        ^^^^^^^^^^^^^^^^^^^^^^^^^^^^^^^^
    ) as websocket:
    ^
  File "/Library/Frameworks/Python.framework/Versions/3.13/lib/python3.13/site-packages/websockets/asyncio/client.py", line 587, in __aenter__
    return await self
           ^^^^^^^^^^
  File "/Library/Frameworks/Python.framework/Versions/3.13/lib/python3.13/site-packages/websockets/asyncio/client.py", line 541, in __await_impl__
    self.connection = await self.create_connection()
                      ^^^^^^^^^^^^^^^^^^^^^^^^^^^^^^
  File "/Library/Frameworks/Python.framework/Versions/3.13/lib/python3.13/site-packages/websockets/asyncio/client.py", line 467, in create_connection
    _, connection = await loop.create_connection(factory, **kwargs)
                    ^^^^^^^^^^^^^^^^^^^^^^^^^^^^^^^^^^^^^^^^^^^^^^^
  File "/Library/Frameworks/Python.framework/Versions/3.13/lib/python3.13/asyncio/base_events.py", line 1174, in create_connection
    raise OSError('Multiple exceptions: {}'.format(
        ', '.join(str(exc) for exc in exceptions)))
OSError: Multiple exceptions: [Errno 61] Connect call failed ('::1', 8000, 0, 0), [Errno 61] Connect call failed ('127.0.0.1', 8000)
[2026-03-09 16:12:06,372][SimpleHeuristics 1][INFO] - Starting listening to showdown websocket
[2026-03-09 16:12:06,376][SimpleHeuristics 2][INFO] - Starting listening to showdown websocket
[2026-03-09 16:12:06,984][RandomPlayer 1][INFO] - Starting listening to showdown websocket
[2026-03-09 16:12:07,088][SimpleHeuristics 1][INFO] - [92m[1m<<<[0m |updateuser| Guest 1|0|102|{"blockChallenges":false,"blockPMs":false,"ignoreTickets":false,"hideBattlesFromTrainerCard":false,"blockInvites":false,"doNotDisturb":false,"blockFriendRequests":false,"allowFriendNotifications":false,"displayBattlesToFriends":false,"hideLogins":false,"hiddenNextBattle":false,"inviteOnlyNextBattle":false,"language":null}
|customgroups|[{"symbol":"~","name":"Administrator","type":"leadership"},{"symbol":"#","name":"Room Owner","type":"leadership"},{"symbol":"★","name":"Host","type":"leadership"},{"symbol":"@","name":"Moderator","type":"staff"},{"symbol":"%","name":"Driver","type":"staff"},{"symbol":"*","name":"Bot","type":"normal"},{"symbol":"☆","name":"Player","type":"normal"},{"symbol":"+","name":"Voice","type":"normal"},{"symbol":"^","name":"Prize Winner","type":"normal"},{"symbol":"whitelist","name":"Whitelist","type":"normal"},{"symbol":" ","name":null,"type":"normal"},{"symbol":"‽","name":"Locked","type":"punishment"},{"symbol":"!","name":"Muted","type":"punishment"}]
|formats|,LL|,1|S/V Singles|[Gen 9] Random Battle,4f|[Gen 9] Unrated Random Battle,b|[Gen 9] Free-For-All Random Battle,7|[Gen 9] Random Battle (Blitz),4f|[Gen 9] Multi Random Battle,5|[Gen 9] OU,e|[Gen 9] Ubers,e|[Gen 9] UU,e|[Gen 9] RU,e|[Gen 9] NU,e|[Gen 9] PU,e|[Gen 9] LC,e|[Gen 9] Monotype,e|[Gen 9] CAP,e|[Gen 9] BSS Reg I,5e|[Gen 9] BSS Reg J,5c|[Gen 9] Custom Game,c|,1|S/V Doubles|[Gen 9] Random Doubles Battle,4f|[Gen 9] Doubles OU,e|[Gen 9] Doubles Ubers,e|[Gen 9] Doubles UU,e|[Gen 9] Doubles LC,c|[Gen 9] VGC 2023 Reg C,5c|[Gen 9] VGC 2023 Reg D,5c|[Gen 9] VGC 2024 Reg G,5c|[Gen 9] VGC 2026 Reg I,5e|[Gen 9] VGC 2026 Reg F,5e|[Gen 9] VGC 2026 Reg F (Bo3),1e|[Gen 9] Doubles Custom Game,c|,1|Unofficial Metagames|[Gen 9] 1v1,e|[Gen 9] 2v2 Doubles,e|[Gen 9] Anything Goes,e|[Gen 9] ZU,e|[Gen 9] Free-For-All,6|[Gen 9] LC UU,c|[Gen 9] NFE,c|[Gen 9] Ubers UU,c|,1|Draft|[Gen 9] Draft,8c|[Gen 9] 6v6 Doubles Draft,8c|[Gen 9] 4v4 Doubles Draft,dc|[Gen 9] NatDex Draft,8c|[Gen 9] NatDex 6v6 Doubles Draft,8c|[Gen 9] NatDex LC Draft,8c|[Gen 8] Draft,c|[Gen 8] NatDex Draft,c|[Gen 8] NatDex 4v4 Doubles Draft,1c|[Gen 7] Draft,c|[Gen 6] Draft,c|[Gen 5] Draft,c|[Gen 4] Draft,c|[Gen 3] Draft,c|,2|Ladder Spotlight|[Gen 9] BSS Factory (Bo3),1f|[Gen 9] Linked,e|[Gen 9] 350 Cup,e|[Gen 9] Pokebilities AAA,e|[Gen 9] 4v4 Doubles UU,5e|[Gen 9] National Dex RU,e|[Gen 6] Megas Revisited Random Battle,4f|[Gen 9] ChatBats,f|[Gen 4] Ubers,e|[Gen 6] NU,e|[Gen 4] VGC 2009,5e|,2|Other Metagames|[Gen 9] Almost Any Ability,e|[Gen 9] Balanced Hackmons,e|[Gen 9] Godly Gift,e|[Gen 9] Mix and Mega,e|[Gen 9] Shared Power,e|[Gen 9] STABmons,e|[Gen 6] Pure Hackmons,e|,2|Challengeable OMs|[Gen 9] 1-2 Switch,c|[Gen 9] Alphabet Cup,c|[Gen 9] Bad 'n Boosted,c|[Gen 9] Battlefields,c|[Gen 9] Bio Mech Mons,c|[Gen 9] Camomons,c|[Gen 9] Category Swap,c|[Gen 9] Convergence,c|[Gen 9] Cross Evolution,c|[Gen 9] Fervent Impersonation,c|[Gen 9] Flipped,c|[Gen 9] Foresighters,c|[Gen 9] Formemons,c|[Gen 9] Fortemons,c|[Gen 9] Frantic Fusions,c|[Gen 9] Full Potential,c|[Gen 9] Inheritance,c|[Gen 9] Inverse,c|[Gen 9] Nature Swap,c|[Gen 9] Partners in Crime,c|[Gen 9] Passive Aggressive,c|[Gen 9] Pokebilities,c|[Gen 9] Pokemoves,c|[Gen 9] Pure Hackmons,c|[Gen 9] Relay Race,c|[Gen 9] Revelationmons,c|[Gen 9] Sharing is Caring,c|[Gen 9] Tera Donation,c|[Gen 9] Tera Override,c|[Gen 9] The Card Game,c|[Gen 9] The Loser's Game,c|[Gen 9] Tier Shift,c|[Gen 9] Trademarked,c|[Gen 9] Triples,c|[Gen 9] Type Split,c|[Gen 9] VoltTurn Mayhem,c|[Gen 7] Pure Hackmons,c|,2|Temporary Tour Metas|[Gen 9] Mix and Mega LC,c|[Gen 8] Mix and Mega,c|[Gen 7] Mix and Mega,c|[Gen 6] Mix and Mega,c|,2|National Dex|[Gen 9] National Dex,e|[Gen 8] National Dex,e|,2|National Dex Other Tiers|[Gen 9] National Dex 35 Pokes,c|[Gen 9] National Dex Ubers,e|[Gen 9] National Dex UU,e|[Gen 9] National Dex Ubers UU,c|[Gen 9] National Dex LC,c|[Gen 9] National Dex Monotype,e|[Gen 9] National Dex Doubles,e|[Gen 9] National Dex Doubles Ubers,c|[Gen 9] National Dex 1v1,c|[Gen 9] National Dex AG,c|[Gen 9] National Dex AAA,c|[Gen 9] National Dex BH,c|[Gen 9] National Dex Godly Gift,c|[Gen 9] National Dex STABmons,c|[Gen 8] National Dex UU,c|[Gen 8] National Dex RU,c|[Gen 8] National Dex Doubles,e|[Gen 8] National Dex Monotype,c|[Gen 8 DLC 1] National Dex AG,c|,2|Pet Mods|[Gen 6] Megas Revisited,c|[Gen 9] Legends Z-A OU,e|,3|Randomized Metas|[Gen 9] Random Roulette,4f|[Gen 9] Super Staff Bros Ultimate,4f|[Gen 9] Monotype Random Battle,4f|[Gen 9] Random Battle (Shared Power, B12P6),4f|[Gen 9] Random Battle Mayhem,4f|[Gen 9] Battle Factory,4f|[Gen 9] 1v1 Factory,4f|[Gen 9] BSS Factory,5d|[Gen 9] Draft Factory,4d|[Gen 9] Baby Random Battle,4f|[Gen 9] Hackmons Cup,4f|[Gen 9] Doubles Hackmons Cup,4d|[Gen 9] Broken Cup,4f|[Gen 9] Challenge Cup 1v1,4f|[Gen 9] Challenge Cup 2v2,4f|[Gen 9] Challenge Cup 6v6,4d|[Gen 9] Metronome Battle,4e|[Gen 8] Random Battle,4f|[Gen 8] Random Doubles Battle,4d|[Gen 8] Free-For-All Random Battle,5|[Gen 8] Multi Random Battle,5|[Gen 8] Battle Factory,4d|[Gen 8] BSS Factory,5d|[Gen 8] Hackmons Cup,4d|[Gen 8] CAP 1v1,4d|[Gen 8 BDSP] Random Battle,4d|[Gen 7] Random Battle,4f|[Gen 7] Battle Factory,4d|[Gen 7] BSS Factory,5d|[Gen 7] Hackmons Cup,9|[Gen 7 Let's Go] Random Battle,4d|[Gen 6] Random Battle,4f|[Gen 6] Battle Factory,9|[Gen 5] Random Battle,4f|[Gen 4] Random Battle,4f|[Gen 3] Random Battle,4f|[Gen 2] Random Battle,4f|[Gen 1] Random Battle,4f|[Gen 1] Challenge Cup,9|[Gen 1] Hackmons Cup,9|,4|Past Gens OU|[Gen 8] OU,e|[Gen 7] OU,e|[Gen 6] OU,e|[Gen 5] OU,e|[Gen 4] OU,e|[Gen 3] OU,e|[Gen 2] OU,e|[Gen 1] OU,e|,4|Past Gens Doubles OU|[Gen 8] Doubles OU,e|[Gen 7] Doubles OU,e|[Gen 6] Doubles OU,e|[Gen 5] Doubles OU,c|[Gen 4] Doubles OU,c|[Gen 3] Doubles OU,c|,4|Sw/Sh Singles|[Gen 8] Ubers,c|[Gen 8] UU,c|[Gen 8] RU,c|[Gen 8] NU,c|[Gen 8] PU,c|[Gen 8] LC,c|[Gen 8] Monotype,c|[Gen 8] 1v1,c|[Gen 8] Anything Goes,c|[Gen 8] ZU,c|[Gen 8] CAP,c|[Gen 8] Battle Stadium Singles,5c|[Gen 8 BDSP] OU,c|[Gen 8 BDSP] Ubers,c|[Gen 8] Custom Game,c|,4|Sw/Sh Doubles|[Gen 8] Doubles Ubers,c|[Gen 8] Doubles UU,c|[Gen 8] VGC 2022,5c|[Gen 8] VGC 2021,5c|[Gen 8] VGC 2020,5c|[Gen 8 BDSP] Doubles OU,c|[Gen 8 BDSP] Battle Festival Doubles,1c|[Gen 8] Doubles Custom Game,c|,4|US/UM Singles|[Gen 7] Ubers,c|[Gen 7] UU,c|[Gen 7] RU,c|[Gen 7] NU,c|[Gen 7] PU,c|[Gen 7] LC,c|[Gen 7] Monotype,c|[Gen 7] 1v1,c|[Gen 7] Anything Goes,c|[Gen 7] ZU,c|[Gen 7] CAP,c|[Gen 7] Battle Spot Singles,5c|[Gen 7 Let's Go] OU,1c|[Gen 7] Custom Game,c|,4|US/UM Doubles|[Gen 7] Doubles UU,c|[Gen 7] VGC 2019,5c|[Gen 7] VGC 2018,5c|[Gen 7] VGC 2017,5c|[Gen 7] Battle Spot Doubles,5c|[Gen 7 Let's Go] Doubles OU,1c|[Gen 7] Doubles Custom Game,c|,4|OR/AS Singles|[Gen 6] Ubers,c|[Gen 6] UU,c|[Gen 6] RU,c|[Gen 6] PU,c|[Gen 6] LC,c|[Gen 6] Monotype,c|[Gen 6] 1v1,c|[Gen 6] Anything Goes,c|[Gen 6] ZU,c|[Gen 6] CAP,c|[Gen 6] Battle Spot Singles,5c|[Gen 6] Custom Game,c|,4|OR/AS Doubles/Triples|[Gen 6] VGC 2016,5c|[Gen 6] VGC 2015,5c|[Gen 6] VGC 2014,5c|[Gen 6] Battle Spot Doubles,5c|[Gen 6] Doubles Custom Game,c|[Gen 6] Battle Spot Triples,1c|[Gen 6] Triples Custom Game,c|,4|B2/W2 Singles|[Gen 5] Ubers,c|[Gen 5] UU,c|[Gen 5] RU,c|[Gen 5] NU,c|[Gen 5] PU,c|[Gen 5] Monotype,c|[Gen 5] LC,c|[Gen 5] 1v1,c|[Gen 5] CAP,c|[Gen 5] ZU,c|[Gen 5] BW1 OU,c|[Gen 5] GBU Singles,5c|[Gen 5] Custom Game,c|,4|B2/W2 Doubles|[Gen 5] VGC 2013,5c|[Gen 5] VGC 2012,5c|[Gen 5] VGC 2011,5c|[Gen 5] Doubles Custom Game,c|[Gen 5] Triples Custom Game,c|,4|DPP Singles|[Gen 4] UU,c|[Gen 4] NU,c|[Gen 4] LC,c|[Gen 4] Anything Goes,c|[Gen 4] 1v1,c|[Gen 4] CAP,c|[Gen 4] PU,c|[Gen 4] ZU,c|[Gen 4] Custom Game,c|,4|DPP Doubles|[Gen 4] VGC 2010,5c|[Gen 4] Doubles Custom Game,c|,4|Past Generations|[Gen 3] Ubers,c|[Gen 3] UU,c|[Gen 3] RU,c|[Gen 3] NU,c|[Gen 3] PU,c|[Gen 3] LC,c|[Gen 3] 1v1,c|[Gen 3] UUBL,c|[Gen 3] ZU,c|[Gen 3] ADV 200,c|[Gen 3] ADV 200 Doubles,c|[Gen 3] Orre Colosseum,4c|[Gen 3] Custom Game,c|[Gen 3] Doubles Custom Game,c|[Gen 2] Ubers,c|[Gen 2] UU,c|[Gen 2] NU,c|[Gen 2] PU,c|[Gen 2] 1v1,c|[Gen 2] ZU,c|[Gen 2] NC 2000,4c|[Gen 2] Stadium OU,c|[Gen 2] Custom Game,c|[Gen 1] Ubers,c|[Gen 1] UU,c|[Gen 1] NU,c|[Gen 1] PU,c|[Gen 1] ZU,c|[Gen 1] LC,c|[Gen 1] 1v1,c|[Gen 1] NC 1997,4c|[Gen 1] Japanese OU,c|[Gen 1] Stadium OU,c|[Gen 1] Tradebacks OU,c|[Gen 1] Custom Game,c
[2026-03-09 16:12:07,091][SimpleHeuristics 1][INFO] - [92m[1m<<<[0m |challstr|4|a778cab063bd54670c09495e3a8ad2c3fd1959db212b23135fb099c7ca8b03fd82e69a2d3552d8d4c3e2e40afacb693d334e4fe03b7b40f1fe80e33a740d87deba1312cf25730332574dc4543aa8e993f7331bc8b6b08e63bbd106dece9e5ea6fe18e2114a3045d3c41d41c968b007711ca9efe2046810ae8d66257bb72631ac
[2026-03-09 16:12:07,091][SimpleHeuristics 1][INFO] - Bypassing authentication request
[2026-03-09 16:12:07,091][SimpleHeuristics 1][INFO] - [93m[1m>>>[0m |/trn SimpleHeuristics 1,0,
[2026-03-09 16:12:07,091][SimpleHeuristics 2][INFO] - [92m[1m<<<[0m |updateuser| Guest 4|0|1|{"blockChallenges":false,"blockPMs":false,"ignoreTickets":false,"hideBattlesFromTrainerCard":false,"blockInvites":false,"doNotDisturb":false,"blockFriendRequests":false,"allowFriendNotifications":false,"displayBattlesToFriends":false,"hideLogins":false,"hiddenNextBattle":false,"inviteOnlyNextBattle":false,"language":null}
|customgroups|[{"symbol":"~","name":"Administrator","type":"leadership"},{"symbol":"#","name":"Room Owner","type":"leadership"},{"symbol":"★","name":"Host","type":"leadership"},{"symbol":"@","name":"Moderator","type":"staff"},{"symbol":"%","name":"Driver","type":"staff"},{"symbol":"*","name":"Bot","type":"normal"},{"symbol":"☆","name":"Player","type":"normal"},{"symbol":"+","name":"Voice","type":"normal"},{"symbol":"^","name":"Prize Winner","type":"normal"},{"symbol":"whitelist","name":"Whitelist","type":"normal"},{"symbol":" ","name":null,"type":"normal"},{"symbol":"‽","name":"Locked","type":"punishment"},{"symbol":"!","name":"Muted","type":"punishment"}]
|formats|,LL|,1|S/V Singles|[Gen 9] Random Battle,4f|[Gen 9] Unrated Random Battle,b|[Gen 9] Free-For-All Random Battle,7|[Gen 9] Random Battle (Blitz),4f|[Gen 9] Multi Random Battle,5|[Gen 9] OU,e|[Gen 9] Ubers,e|[Gen 9] UU,e|[Gen 9] RU,e|[Gen 9] NU,e|[Gen 9] PU,e|[Gen 9] LC,e|[Gen 9] Monotype,e|[Gen 9] CAP,e|[Gen 9] BSS Reg I,5e|[Gen 9] BSS Reg J,5c|[Gen 9] Custom Game,c|,1|S/V Doubles|[Gen 9] Random Doubles Battle,4f|[Gen 9] Doubles OU,e|[Gen 9] Doubles Ubers,e|[Gen 9] Doubles UU,e|[Gen 9] Doubles LC,c|[Gen 9] VGC 2023 Reg C,5c|[Gen 9] VGC 2023 Reg D,5c|[Gen 9] VGC 2024 Reg G,5c|[Gen 9] VGC 2026 Reg I,5e|[Gen 9] VGC 2026 Reg F,5e|[Gen 9] VGC 2026 Reg F (Bo3),1e|[Gen 9] Doubles Custom Game,c|,1|Unofficial Metagames|[Gen 9] 1v1,e|[Gen 9] 2v2 Doubles,e|[Gen 9] Anything Goes,e|[Gen 9] ZU,e|[Gen 9] Free-For-All,6|[Gen 9] LC UU,c|[Gen 9] NFE,c|[Gen 9] Ubers UU,c|,1|Draft|[Gen 9] Draft,8c|[Gen 9] 6v6 Doubles Draft,8c|[Gen 9] 4v4 Doubles Draft,dc|[Gen 9] NatDex Draft,8c|[Gen 9] NatDex 6v6 Doubles Draft,8c|[Gen 9] NatDex LC Draft,8c|[Gen 8] Draft,c|[Gen 8] NatDex Draft,c|[Gen 8] NatDex 4v4 Doubles Draft,1c|[Gen 7] Draft,c|[Gen 6] Draft,c|[Gen 5] Draft,c|[Gen 4] Draft,c|[Gen 3] Draft,c|,2|Ladder Spotlight|[Gen 9] BSS Factory (Bo3),1f|[Gen 9] Linked,e|[Gen 9] 350 Cup,e|[Gen 9] Pokebilities AAA,e|[Gen 9] 4v4 Doubles UU,5e|[Gen 9] National Dex RU,e|[Gen 6] Megas Revisited Random Battle,4f|[Gen 9] ChatBats,f|[Gen 4] Ubers,e|[Gen 6] NU,e|[Gen 4] VGC 2009,5e|,2|Other Metagames|[Gen 9] Almost Any Ability,e|[Gen 9] Balanced Hackmons,e|[Gen 9] Godly Gift,e|[Gen 9] Mix and Mega,e|[Gen 9] Shared Power,e|[Gen 9] STABmons,e|[Gen 6] Pure Hackmons,e|,2|Challengeable OMs|[Gen 9] 1-2 Switch,c|[Gen 9] Alphabet Cup,c|[Gen 9] Bad 'n Boosted,c|[Gen 9] Battlefields,c|[Gen 9] Bio Mech Mons,c|[Gen 9] Camomons,c|[Gen 9] Category Swap,c|[Gen 9] Convergence,c|[Gen 9] Cross Evolution,c|[Gen 9] Fervent Impersonation,c|[Gen 9] Flipped,c|[Gen 9] Foresighters,c|[Gen 9] Formemons,c|[Gen 9] Fortemons,c|[Gen 9] Frantic Fusions,c|[Gen 9] Full Potential,c|[Gen 9] Inheritance,c|[Gen 9] Inverse,c|[Gen 9] Nature Swap,c|[Gen 9] Partners in Crime,c|[Gen 9] Passive Aggressive,c|[Gen 9] Pokebilities,c|[Gen 9] Pokemoves,c|[Gen 9] Pure Hackmons,c|[Gen 9] Relay Race,c|[Gen 9] Revelationmons,c|[Gen 9] Sharing is Caring,c|[Gen 9] Tera Donation,c|[Gen 9] Tera Override,c|[Gen 9] The Card Game,c|[Gen 9] The Loser's Game,c|[Gen 9] Tier Shift,c|[Gen 9] Trademarked,c|[Gen 9] Triples,c|[Gen 9] Type Split,c|[Gen 9] VoltTurn Mayhem,c|[Gen 7] Pure Hackmons,c|,2|Temporary Tour Metas|[Gen 9] Mix and Mega LC,c|[Gen 8] Mix and Mega,c|[Gen 7] Mix and Mega,c|[Gen 6] Mix and Mega,c|,2|National Dex|[Gen 9] National Dex,e|[Gen 8] National Dex,e|,2|National Dex Other Tiers|[Gen 9] National Dex 35 Pokes,c|[Gen 9] National Dex Ubers,e|[Gen 9] National Dex UU,e|[Gen 9] National Dex Ubers UU,c|[Gen 9] National Dex LC,c|[Gen 9] National Dex Monotype,e|[Gen 9] National Dex Doubles,e|[Gen 9] National Dex Doubles Ubers,c|[Gen 9] National Dex 1v1,c|[Gen 9] National Dex AG,c|[Gen 9] National Dex AAA,c|[Gen 9] National Dex BH,c|[Gen 9] National Dex Godly Gift,c|[Gen 9] National Dex STABmons,c|[Gen 8] National Dex UU,c|[Gen 8] National Dex RU,c|[Gen 8] National Dex Doubles,e|[Gen 8] National Dex Monotype,c|[Gen 8 DLC 1] National Dex AG,c|,2|Pet Mods|[Gen 6] Megas Revisited,c|[Gen 9] Legends Z-A OU,e|,3|Randomized Metas|[Gen 9] Random Roulette,4f|[Gen 9] Super Staff Bros Ultimate,4f|[Gen 9] Monotype Random Battle,4f|[Gen 9] Random Battle (Shared Power, B12P6),4f|[Gen 9] Random Battle Mayhem,4f|[Gen 9] Battle Factory,4f|[Gen 9] 1v1 Factory,4f|[Gen 9] BSS Factory,5d|[Gen 9] Draft Factory,4d|[Gen 9] Baby Random Battle,4f|[Gen 9] Hackmons Cup,4f|[Gen 9] Doubles Hackmons Cup,4d|[Gen 9] Broken Cup,4f|[Gen 9] Challenge Cup 1v1,4f|[Gen 9] Challenge Cup 2v2,4f|[Gen 9] Challenge Cup 6v6,4d|[Gen 9] Metronome Battle,4e|[Gen 8] Random Battle,4f|[Gen 8] Random Doubles Battle,4d|[Gen 8] Free-For-All Random Battle,5|[Gen 8] Multi Random Battle,5|[Gen 8] Battle Factory,4d|[Gen 8] BSS Factory,5d|[Gen 8] Hackmons Cup,4d|[Gen 8] CAP 1v1,4d|[Gen 8 BDSP] Random Battle,4d|[Gen 7] Random Battle,4f|[Gen 7] Battle Factory,4d|[Gen 7] BSS Factory,5d|[Gen 7] Hackmons Cup,9|[Gen 7 Let's Go] Random Battle,4d|[Gen 6] Random Battle,4f|[Gen 6] Battle Factory,9|[Gen 5] Random Battle,4f|[Gen 4] Random Battle,4f|[Gen 3] Random Battle,4f|[Gen 2] Random Battle,4f|[Gen 1] Random Battle,4f|[Gen 1] Challenge Cup,9|[Gen 1] Hackmons Cup,9|,4|Past Gens OU|[Gen 8] OU,e|[Gen 7] OU,e|[Gen 6] OU,e|[Gen 5] OU,e|[Gen 4] OU,e|[Gen 3] OU,e|[Gen 2] OU,e|[Gen 1] OU,e|,4|Past Gens Doubles OU|[Gen 8] Doubles OU,e|[Gen 7] Doubles OU,e|[Gen 6] Doubles OU,e|[Gen 5] Doubles OU,c|[Gen 4] Doubles OU,c|[Gen 3] Doubles OU,c|,4|Sw/Sh Singles|[Gen 8] Ubers,c|[Gen 8] UU,c|[Gen 8] RU,c|[Gen 8] NU,c|[Gen 8] PU,c|[Gen 8] LC,c|[Gen 8] Monotype,c|[Gen 8] 1v1,c|[Gen 8] Anything Goes,c|[Gen 8] ZU,c|[Gen 8] CAP,c|[Gen 8] Battle Stadium Singles,5c|[Gen 8 BDSP] OU,c|[Gen 8 BDSP] Ubers,c|[Gen 8] Custom Game,c|,4|Sw/Sh Doubles|[Gen 8] Doubles Ubers,c|[Gen 8] Doubles UU,c|[Gen 8] VGC 2022,5c|[Gen 8] VGC 2021,5c|[Gen 8] VGC 2020,5c|[Gen 8 BDSP] Doubles OU,c|[Gen 8 BDSP] Battle Festival Doubles,1c|[Gen 8] Doubles Custom Game,c|,4|US/UM Singles|[Gen 7] Ubers,c|[Gen 7] UU,c|[Gen 7] RU,c|[Gen 7] NU,c|[Gen 7] PU,c|[Gen 7] LC,c|[Gen 7] Monotype,c|[Gen 7] 1v1,c|[Gen 7] Anything Goes,c|[Gen 7] ZU,c|[Gen 7] CAP,c|[Gen 7] Battle Spot Singles,5c|[Gen 7 Let's Go] OU,1c|[Gen 7] Custom Game,c|,4|US/UM Doubles|[Gen 7] Doubles UU,c|[Gen 7] VGC 2019,5c|[Gen 7] VGC 2018,5c|[Gen 7] VGC 2017,5c|[Gen 7] Battle Spot Doubles,5c|[Gen 7 Let's Go] Doubles OU,1c|[Gen 7] Doubles Custom Game,c|,4|OR/AS Singles|[Gen 6] Ubers,c|[Gen 6] UU,c|[Gen 6] RU,c|[Gen 6] PU,c|[Gen 6] LC,c|[Gen 6] Monotype,c|[Gen 6] 1v1,c|[Gen 6] Anything Goes,c|[Gen 6] ZU,c|[Gen 6] CAP,c|[Gen 6] Battle Spot Singles,5c|[Gen 6] Custom Game,c|,4|OR/AS Doubles/Triples|[Gen 6] VGC 2016,5c|[Gen 6] VGC 2015,5c|[Gen 6] VGC 2014,5c|[Gen 6] Battle Spot Doubles,5c|[Gen 6] Doubles Custom Game,c|[Gen 6] Battle Spot Triples,1c|[Gen 6] Triples Custom Game,c|,4|B2/W2 Singles|[Gen 5] Ubers,c|[Gen 5] UU,c|[Gen 5] RU,c|[Gen 5] NU,c|[Gen 5] PU,c|[Gen 5] Monotype,c|[Gen 5] LC,c|[Gen 5] 1v1,c|[Gen 5] CAP,c|[Gen 5] ZU,c|[Gen 5] BW1 OU,c|[Gen 5] GBU Singles,5c|[Gen 5] Custom Game,c|,4|B2/W2 Doubles|[Gen 5] VGC 2013,5c|[Gen 5] VGC 2012,5c|[Gen 5] VGC 2011,5c|[Gen 5] Doubles Custom Game,c|[Gen 5] Triples Custom Game,c|,4|DPP Singles|[Gen 4] UU,c|[Gen 4] NU,c|[Gen 4] LC,c|[Gen 4] Anything Goes,c|[Gen 4] 1v1,c|[Gen 4] CAP,c|[Gen 4] PU,c|[Gen 4] ZU,c|[Gen 4] Custom Game,c|,4|DPP Doubles|[Gen 4] VGC 2010,5c|[Gen 4] Doubles Custom Game,c|,4|Past Generations|[Gen 3] Ubers,c|[Gen 3] UU,c|[Gen 3] RU,c|[Gen 3] NU,c|[Gen 3] PU,c|[Gen 3] LC,c|[Gen 3] 1v1,c|[Gen 3] UUBL,c|[Gen 3] ZU,c|[Gen 3] ADV 200,c|[Gen 3] ADV 200 Doubles,c|[Gen 3] Orre Colosseum,4c|[Gen 3] Custom Game,c|[Gen 3] Doubles Custom Game,c|[Gen 2] Ubers,c|[Gen 2] UU,c|[Gen 2] NU,c|[Gen 2] PU,c|[Gen 2] 1v1,c|[Gen 2] ZU,c|[Gen 2] NC 2000,4c|[Gen 2] Stadium OU,c|[Gen 2] Custom Game,c|[Gen 1] Ubers,c|[Gen 1] UU,c|[Gen 1] NU,c|[Gen 1] PU,c|[Gen 1] ZU,c|[Gen 1] LC,c|[Gen 1] 1v1,c|[Gen 1] NC 1997,4c|[Gen 1] Japanese OU,c|[Gen 1] Stadium OU,c|[Gen 1] Tradebacks OU,c|[Gen 1] Custom Game,c
[2026-03-09 16:12:07,092][SimpleHeuristics 2][INFO] - [92m[1m<<<[0m |challstr|4|e5fca71cc34342e8765d749df7748dcc69a84724bd337b4f35db9a58d92686d5761041bd3de4583e407f20879d3b3c521df0be035d155d710e01663d2db81842ae04b10ed37d65d0510ab1743127b2eb88cd5b9b324c0f8d2778772aa7f21931bf4477d8e0539cc21348dfc3bf938468756deefe1b679cdbef673bd4b46edbf6
[2026-03-09 16:12:07,093][RandomPlayer 1][INFO] - [92m[1m<<<[0m |updateuser| Guest 7|0|2|{"blockChallenges":false,"blockPMs":false,"ignoreTickets":false,"hideBattlesFromTrainerCard":false,"blockInvites":false,"doNotDisturb":false,"blockFriendRequests":false,"allowFriendNotifications":false,"displayBattlesToFriends":false,"hideLogins":false,"hiddenNextBattle":false,"inviteOnlyNextBattle":false,"language":null}
|customgroups|[{"symbol":"~","name":"Administrator","type":"leadership"},{"symbol":"#","name":"Room Owner","type":"leadership"},{"symbol":"★","name":"Host","type":"leadership"},{"symbol":"@","name":"Moderator","type":"staff"},{"symbol":"%","name":"Driver","type":"staff"},{"symbol":"*","name":"Bot","type":"normal"},{"symbol":"☆","name":"Player","type":"normal"},{"symbol":"+","name":"Voice","type":"normal"},{"symbol":"^","name":"Prize Winner","type":"normal"},{"symbol":"whitelist","name":"Whitelist","type":"normal"},{"symbol":" ","name":null,"type":"normal"},{"symbol":"‽","name":"Locked","type":"punishment"},{"symbol":"!","name":"Muted","type":"punishment"}]
|formats|,LL|,1|S/V Singles|[Gen 9] Random Battle,4f|[Gen 9] Unrated Random Battle,b|[Gen 9] Free-For-All Random Battle,7|[Gen 9] Random Battle (Blitz),4f|[Gen 9] Multi Random Battle,5|[Gen 9] OU,e|[Gen 9] Ubers,e|[Gen 9] UU,e|[Gen 9] RU,e|[Gen 9] NU,e|[Gen 9] PU,e|[Gen 9] LC,e|[Gen 9] Monotype,e|[Gen 9] CAP,e|[Gen 9] BSS Reg I,5e|[Gen 9] BSS Reg J,5c|[Gen 9] Custom Game,c|,1|S/V Doubles|[Gen 9] Random Doubles Battle,4f|[Gen 9] Doubles OU,e|[Gen 9] Doubles Ubers,e|[Gen 9] Doubles UU,e|[Gen 9] Doubles LC,c|[Gen 9] VGC 2023 Reg C,5c|[Gen 9] VGC 2023 Reg D,5c|[Gen 9] VGC 2024 Reg G,5c|[Gen 9] VGC 2026 Reg I,5e|[Gen 9] VGC 2026 Reg F,5e|[Gen 9] VGC 2026 Reg F (Bo3),1e|[Gen 9] Doubles Custom Game,c|,1|Unofficial Metagames|[Gen 9] 1v1,e|[Gen 9] 2v2 Doubles,e|[Gen 9] Anything Goes,e|[Gen 9] ZU,e|[Gen 9] Free-For-All,6|[Gen 9] LC UU,c|[Gen 9] NFE,c|[Gen 9] Ubers UU,c|,1|Draft|[Gen 9] Draft,8c|[Gen 9] 6v6 Doubles Draft,8c|[Gen 9] 4v4 Doubles Draft,dc|[Gen 9] NatDex Draft,8c|[Gen 9] NatDex 6v6 Doubles Draft,8c|[Gen 9] NatDex LC Draft,8c|[Gen 8] Draft,c|[Gen 8] NatDex Draft,c|[Gen 8] NatDex 4v4 Doubles Draft,1c|[Gen 7] Draft,c|[Gen 6] Draft,c|[Gen 5] Draft,c|[Gen 4] Draft,c|[Gen 3] Draft,c|,2|Ladder Spotlight|[Gen 9] BSS Factory (Bo3),1f|[Gen 9] Linked,e|[Gen 9] 350 Cup,e|[Gen 9] Pokebilities AAA,e|[Gen 9] 4v4 Doubles UU,5e|[Gen 9] National Dex RU,e|[Gen 6] Megas Revisited Random Battle,4f|[Gen 9] ChatBats,f|[Gen 4] Ubers,e|[Gen 6] NU,e|[Gen 4] VGC 2009,5e|,2|Other Metagames|[Gen 9] Almost Any Ability,e|[Gen 9] Balanced Hackmons,e|[Gen 9] Godly Gift,e|[Gen 9] Mix and Mega,e|[Gen 9] Shared Power,e|[Gen 9] STABmons,e|[Gen 6] Pure Hackmons,e|,2|Challengeable OMs|[Gen 9] 1-2 Switch,c|[Gen 9] Alphabet Cup,c|[Gen 9] Bad 'n Boosted,c|[Gen 9] Battlefields,c|[Gen 9] Bio Mech Mons,c|[Gen 9] Camomons,c|[Gen 9] Category Swap,c|[Gen 9] Convergence,c|[Gen 9] Cross Evolution,c|[Gen 9] Fervent Impersonation,c|[Gen 9] Flipped,c|[Gen 9] Foresighters,c|[Gen 9] Formemons,c|[Gen 9] Fortemons,c|[Gen 9] Frantic Fusions,c|[Gen 9] Full Potential,c|[Gen 9] Inheritance,c|[Gen 9] Inverse,c|[Gen 9] Nature Swap,c|[Gen 9] Partners in Crime,c|[Gen 9] Passive Aggressive,c|[Gen 9] Pokebilities,c|[Gen 9] Pokemoves,c|[Gen 9] Pure Hackmons,c|[Gen 9] Relay Race,c|[Gen 9] Revelationmons,c|[Gen 9] Sharing is Caring,c|[Gen 9] Tera Donation,c|[Gen 9] Tera Override,c|[Gen 9] The Card Game,c|[Gen 9] The Loser's Game,c|[Gen 9] Tier Shift,c|[Gen 9] Trademarked,c|[Gen 9] Triples,c|[Gen 9] Type Split,c|[Gen 9] VoltTurn Mayhem,c|[Gen 7] Pure Hackmons,c|,2|Temporary Tour Metas|[Gen 9] Mix and Mega LC,c|[Gen 8] Mix and Mega,c|[Gen 7] Mix and Mega,c|[Gen 6] Mix and Mega,c|,2|National Dex|[Gen 9] National Dex,e|[Gen 8] National Dex,e|,2|National Dex Other Tiers|[Gen 9] National Dex 35 Pokes,c|[Gen 9] National Dex Ubers,e|[Gen 9] National Dex UU,e|[Gen 9] National Dex Ubers UU,c|[Gen 9] National Dex LC,c|[Gen 9] National Dex Monotype,e|[Gen 9] National Dex Doubles,e|[Gen 9] National Dex Doubles Ubers,c|[Gen 9] National Dex 1v1,c|[Gen 9] National Dex AG,c|[Gen 9] National Dex AAA,c|[Gen 9] National Dex BH,c|[Gen 9] National Dex Godly Gift,c|[Gen 9] National Dex STABmons,c|[Gen 8] National Dex UU,c|[Gen 8] National Dex RU,c|[Gen 8] National Dex Doubles,e|[Gen 8] National Dex Monotype,c|[Gen 8 DLC 1] National Dex AG,c|,2|Pet Mods|[Gen 6] Megas Revisited,c|[Gen 9] Legends Z-A OU,e|,3|Randomized Metas|[Gen 9] Random Roulette,4f|[Gen 9] Super Staff Bros Ultimate,4f|[Gen 9] Monotype Random Battle,4f|[Gen 9] Random Battle (Shared Power, B12P6),4f|[Gen 9] Random Battle Mayhem,4f|[Gen 9] Battle Factory,4f|[Gen 9] 1v1 Factory,4f|[Gen 9] BSS Factory,5d|[Gen 9] Draft Factory,4d|[Gen 9] Baby Random Battle,4f|[Gen 9] Hackmons Cup,4f|[Gen 9] Doubles Hackmons Cup,4d|[Gen 9] Broken Cup,4f|[Gen 9] Challenge Cup 1v1,4f|[Gen 9] Challenge Cup 2v2,4f|[Gen 9] Challenge Cup 6v6,4d|[Gen 9] Metronome Battle,4e|[Gen 8] Random Battle,4f|[Gen 8] Random Doubles Battle,4d|[Gen 8] Free-For-All Random Battle,5|[Gen 8] Multi Random Battle,5|[Gen 8] Battle Factory,4d|[Gen 8] BSS Factory,5d|[Gen 8] Hackmons Cup,4d|[Gen 8] CAP 1v1,4d|[Gen 8 BDSP] Random Battle,4d|[Gen 7] Random Battle,4f|[Gen 7] Battle Factory,4d|[Gen 7] BSS Factory,5d|[Gen 7] Hackmons Cup,9|[Gen 7 Let's Go] Random Battle,4d|[Gen 6] Random Battle,4f|[Gen 6] Battle Factory,9|[Gen 5] Random Battle,4f|[Gen 4] Random Battle,4f|[Gen 3] Random Battle,4f|[Gen 2] Random Battle,4f|[Gen 1] Random Battle,4f|[Gen 1] Challenge Cup,9|[Gen 1] Hackmons Cup,9|,4|Past Gens OU|[Gen 8] OU,e|[Gen 7] OU,e|[Gen 6] OU,e|[Gen 5] OU,e|[Gen 4] OU,e|[Gen 3] OU,e|[Gen 2] OU,e|[Gen 1] OU,e|,4|Past Gens Doubles OU|[Gen 8] Doubles OU,e|[Gen 7] Doubles OU,e|[Gen 6] Doubles OU,e|[Gen 5] Doubles OU,c|[Gen 4] Doubles OU,c|[Gen 3] Doubles OU,c|,4|Sw/Sh Singles|[Gen 8] Ubers,c|[Gen 8] UU,c|[Gen 8] RU,c|[Gen 8] NU,c|[Gen 8] PU,c|[Gen 8] LC,c|[Gen 8] Monotype,c|[Gen 8] 1v1,c|[Gen 8] Anything Goes,c|[Gen 8] ZU,c|[Gen 8] CAP,c|[Gen 8] Battle Stadium Singles,5c|[Gen 8 BDSP] OU,c|[Gen 8 BDSP] Ubers,c|[Gen 8] Custom Game,c|,4|Sw/Sh Doubles|[Gen 8] Doubles Ubers,c|[Gen 8] Doubles UU,c|[Gen 8] VGC 2022,5c|[Gen 8] VGC 2021,5c|[Gen 8] VGC 2020,5c|[Gen 8 BDSP] Doubles OU,c|[Gen 8 BDSP] Battle Festival Doubles,1c|[Gen 8] Doubles Custom Game,c|,4|US/UM Singles|[Gen 7] Ubers,c|[Gen 7] UU,c|[Gen 7] RU,c|[Gen 7] NU,c|[Gen 7] PU,c|[Gen 7] LC,c|[Gen 7] Monotype,c|[Gen 7] 1v1,c|[Gen 7] Anything Goes,c|[Gen 7] ZU,c|[Gen 7] CAP,c|[Gen 7] Battle Spot Singles,5c|[Gen 7 Let's Go] OU,1c|[Gen 7] Custom Game,c|,4|US/UM Doubles|[Gen 7] Doubles UU,c|[Gen 7] VGC 2019,5c|[Gen 7] VGC 2018,5c|[Gen 7] VGC 2017,5c|[Gen 7] Battle Spot Doubles,5c|[Gen 7 Let's Go] Doubles OU,1c|[Gen 7] Doubles Custom Game,c|,4|OR/AS Singles|[Gen 6] Ubers,c|[Gen 6] UU,c|[Gen 6] RU,c|[Gen 6] PU,c|[Gen 6] LC,c|[Gen 6] Monotype,c|[Gen 6] 1v1,c|[Gen 6] Anything Goes,c|[Gen 6] ZU,c|[Gen 6] CAP,c|[Gen 6] Battle Spot Singles,5c|[Gen 6] Custom Game,c|,4|OR/AS Doubles/Triples|[Gen 6] VGC 2016,5c|[Gen 6] VGC 2015,5c|[Gen 6] VGC 2014,5c|[Gen 6] Battle Spot Doubles,5c|[Gen 6] Doubles Custom Game,c|[Gen 6] Battle Spot Triples,1c|[Gen 6] Triples Custom Game,c|,4|B2/W2 Singles|[Gen 5] Ubers,c|[Gen 5] UU,c|[Gen 5] RU,c|[Gen 5] NU,c|[Gen 5] PU,c|[Gen 5] Monotype,c|[Gen 5] LC,c|[Gen 5] 1v1,c|[Gen 5] CAP,c|[Gen 5] ZU,c|[Gen 5] BW1 OU,c|[Gen 5] GBU Singles,5c|[Gen 5] Custom Game,c|,4|B2/W2 Doubles|[Gen 5] VGC 2013,5c|[Gen 5] VGC 2012,5c|[Gen 5] VGC 2011,5c|[Gen 5] Doubles Custom Game,c|[Gen 5] Triples Custom Game,c|,4|DPP Singles|[Gen 4] UU,c|[Gen 4] NU,c|[Gen 4] LC,c|[Gen 4] Anything Goes,c|[Gen 4] 1v1,c|[Gen 4] CAP,c|[Gen 4] PU,c|[Gen 4] ZU,c|[Gen 4] Custom Game,c|,4|DPP Doubles|[Gen 4] VGC 2010,5c|[Gen 4] Doubles Custom Game,c|,4|Past Generations|[Gen 3] Ubers,c|[Gen 3] UU,c|[Gen 3] RU,c|[Gen 3] NU,c|[Gen 3] PU,c|[Gen 3] LC,c|[Gen 3] 1v1,c|[Gen 3] UUBL,c|[Gen 3] ZU,c|[Gen 3] ADV 200,c|[Gen 3] ADV 200 Doubles,c|[Gen 3] Orre Colosseum,4c|[Gen 3] Custom Game,c|[Gen 3] Doubles Custom Game,c|[Gen 2] Ubers,c|[Gen 2] UU,c|[Gen 2] NU,c|[Gen 2] PU,c|[Gen 2] 1v1,c|[Gen 2] ZU,c|[Gen 2] NC 2000,4c|[Gen 2] Stadium OU,c|[Gen 2] Custom Game,c|[Gen 1] Ubers,c|[Gen 1] UU,c|[Gen 1] NU,c|[Gen 1] PU,c|[Gen 1] ZU,c|[Gen 1] LC,c|[Gen 1] 1v1,c|[Gen 1] NC 1997,4c|[Gen 1] Japanese OU,c|[Gen 1] Stadium OU,c|[Gen 1] Tradebacks OU,c|[Gen 1] Custom Game,c
[2026-03-09 16:12:07,093][SimpleHeuristics 2][INFO] - Bypassing authentication request
[2026-03-09 16:12:07,093][SimpleHeuristics 2][INFO] - [93m[1m>>>[0m |/trn SimpleHeuristics 2,0,
[2026-03-09 16:12:07,094][RandomPlayer 1][INFO] - [92m[1m<<<[0m |challstr|4|dcb607dc6b0f0a2a30e4b2371535524e8aefca38d575c2e16177d1702066f4b3a6e9864768c8ca613aa871ca02761414ef9bbb1e9ffcba31a3046119e47da0e53d8feaf733a0f7c5ef9112e44f9274fe53d44bb20b6505cc08823700ebeb91c7a7b147d0467583ad7b53b8683e5f4d71c6e334591851c2355d3dfccab7bfc22b
[2026-03-09 16:12:07,094][RandomPlayer 1][INFO] - Bypassing authentication request
[2026-03-09 16:12:07,094][RandomPlayer 1][INFO] - [93m[1m>>>[0m |/trn RandomPlayer 1,0,
[2026-03-09 16:12:07,170][SimpleHeuristics 1][INFO] - [92m[1m<<<[0m |updatesearch|{"searching":[],"games":null}
[2026-03-09 16:12:07,170][SimpleHeuristics 1][INFO] - [92m[1m<<<[0m |updateuser| SimpleHeuristics 1|1|102|{"blockChallenges":false,"blockPMs":false,"ignoreTickets":false,"hideBattlesFromTrainerCard":false,"blockInvites":false,"doNotDisturb":false,"blockFriendRequests":false,"allowFriendNotifications":false,"displayBattlesToFriends":false,"hideLogins":false,"hiddenNextBattle":false,"inviteOnlyNextBattle":false,"language":null}
[2026-03-09 16:12:07,171][SimpleHeuristics 2][INFO] - [92m[1m<<<[0m |updatesearch|{"searching":[],"games":null}
[2026-03-09 16:12:07,171][SimpleHeuristics 2][INFO] - [92m[1m<<<[0m |updateuser| SimpleHeuristics 2|1|1|{"blockChallenges":false,"blockPMs":false,"ignoreTickets":false,"hideBattlesFromTrainerCard":false,"blockInvites":false,"doNotDisturb":false,"blockFriendRequests":false,"allowFriendNotifications":false,"displayBattlesToFriends":false,"hideLogins":false,"hiddenNextBattle":false,"inviteOnlyNextBattle":false,"language":null}
[2026-03-09 16:12:07,171][RandomPlayer 1][INFO] - [92m[1m<<<[0m |updatesearch|{"searching":[],"games":null}
[2026-03-09 16:12:07,171][RandomPlayer 1][INFO] - [92m[1m<<<[0m |updateuser| RandomPlayer 1|1|2|{"blockChallenges":false,"blockPMs":false,"ignoreTickets":false,"hideBattlesFromTrainerCard":false,"blockInvites":false,"doNotDisturb":false,"blockFriendRequests":false,"allowFriendNotifications":false,"displayBattlesToFriends":false,"hideLogins":false,"hiddenNextBattle":false,"inviteOnlyNextBattle":false,"language":null}
[2026-03-09 16:14:55,622][SimpleHeuristics 1][INFO] - Starting listening to showdown websocket
[2026-03-09 16:14:55,627][SimpleHeuristics 2][INFO] - Starting listening to showdown websocket
[2026-03-09 16:14:55,629][SimpleHeuristics 1][INFO] - [92m[1m<<<[0m |updateuser| Guest 10|0|266|{"blockChallenges":false,"blockPMs":false,"ignoreTickets":false,"hideBattlesFromTrainerCard":false,"blockInvites":false,"doNotDisturb":false,"blockFriendRequests":false,"allowFriendNotifications":false,"displayBattlesToFriends":false,"hideLogins":false,"hiddenNextBattle":false,"inviteOnlyNextBattle":false,"language":null}
|customgroups|[{"symbol":"~","name":"Administrator","type":"leadership"},{"symbol":"#","name":"Room Owner","type":"leadership"},{"symbol":"★","name":"Host","type":"leadership"},{"symbol":"@","name":"Moderator","type":"staff"},{"symbol":"%","name":"Driver","type":"staff"},{"symbol":"*","name":"Bot","type":"normal"},{"symbol":"☆","name":"Player","type":"normal"},{"symbol":"+","name":"Voice","type":"normal"},{"symbol":"^","name":"Prize Winner","type":"normal"},{"symbol":"whitelist","name":"Whitelist","type":"normal"},{"symbol":" ","name":null,"type":"normal"},{"symbol":"‽","name":"Locked","type":"punishment"},{"symbol":"!","name":"Muted","type":"punishment"}]
|formats|,LL|,1|S/V Singles|[Gen 9] Random Battle,4f|[Gen 9] Unrated Random Battle,b|[Gen 9] Free-For-All Random Battle,7|[Gen 9] Random Battle (Blitz),4f|[Gen 9] Multi Random Battle,5|[Gen 9] OU,e|[Gen 9] Ubers,e|[Gen 9] UU,e|[Gen 9] RU,e|[Gen 9] NU,e|[Gen 9] PU,e|[Gen 9] LC,e|[Gen 9] Monotype,e|[Gen 9] CAP,e|[Gen 9] BSS Reg I,5e|[Gen 9] BSS Reg J,5c|[Gen 9] Custom Game,c|,1|S/V Doubles|[Gen 9] Random Doubles Battle,4f|[Gen 9] Doubles OU,e|[Gen 9] Doubles Ubers,e|[Gen 9] Doubles UU,e|[Gen 9] Doubles LC,c|[Gen 9] VGC 2023 Reg C,5c|[Gen 9] VGC 2023 Reg D,5c|[Gen 9] VGC 2024 Reg G,5c|[Gen 9] VGC 2026 Reg I,5e|[Gen 9] VGC 2026 Reg F,5e|[Gen 9] VGC 2026 Reg F (Bo3),1e|[Gen 9] Doubles Custom Game,c|,1|Unofficial Metagames|[Gen 9] 1v1,e|[Gen 9] 2v2 Doubles,e|[Gen 9] Anything Goes,e|[Gen 9] ZU,e|[Gen 9] Free-For-All,6|[Gen 9] LC UU,c|[Gen 9] NFE,c|[Gen 9] Ubers UU,c|,1|Draft|[Gen 9] Draft,8c|[Gen 9] 6v6 Doubles Draft,8c|[Gen 9] 4v4 Doubles Draft,dc|[Gen 9] NatDex Draft,8c|[Gen 9] NatDex 6v6 Doubles Draft,8c|[Gen 9] NatDex LC Draft,8c|[Gen 8] Draft,c|[Gen 8] NatDex Draft,c|[Gen 8] NatDex 4v4 Doubles Draft,1c|[Gen 7] Draft,c|[Gen 6] Draft,c|[Gen 5] Draft,c|[Gen 4] Draft,c|[Gen 3] Draft,c|,2|Ladder Spotlight|[Gen 9] BSS Factory (Bo3),1f|[Gen 9] Linked,e|[Gen 9] 350 Cup,e|[Gen 9] Pokebilities AAA,e|[Gen 9] 4v4 Doubles UU,5e|[Gen 9] National Dex RU,e|[Gen 6] Megas Revisited Random Battle,4f|[Gen 9] ChatBats,f|[Gen 4] Ubers,e|[Gen 6] NU,e|[Gen 4] VGC 2009,5e|,2|Other Metagames|[Gen 9] Almost Any Ability,e|[Gen 9] Balanced Hackmons,e|[Gen 9] Godly Gift,e|[Gen 9] Mix and Mega,e|[Gen 9] Shared Power,e|[Gen 9] STABmons,e|[Gen 6] Pure Hackmons,e|,2|Challengeable OMs|[Gen 9] 1-2 Switch,c|[Gen 9] Alphabet Cup,c|[Gen 9] Bad 'n Boosted,c|[Gen 9] Battlefields,c|[Gen 9] Bio Mech Mons,c|[Gen 9] Camomons,c|[Gen 9] Category Swap,c|[Gen 9] Convergence,c|[Gen 9] Cross Evolution,c|[Gen 9] Fervent Impersonation,c|[Gen 9] Flipped,c|[Gen 9] Foresighters,c|[Gen 9] Formemons,c|[Gen 9] Fortemons,c|[Gen 9] Frantic Fusions,c|[Gen 9] Full Potential,c|[Gen 9] Inheritance,c|[Gen 9] Inverse,c|[Gen 9] Nature Swap,c|[Gen 9] Partners in Crime,c|[Gen 9] Passive Aggressive,c|[Gen 9] Pokebilities,c|[Gen 9] Pokemoves,c|[Gen 9] Pure Hackmons,c|[Gen 9] Relay Race,c|[Gen 9] Revelationmons,c|[Gen 9] Sharing is Caring,c|[Gen 9] Tera Donation,c|[Gen 9] Tera Override,c|[Gen 9] The Card Game,c|[Gen 9] The Loser's Game,c|[Gen 9] Tier Shift,c|[Gen 9] Trademarked,c|[Gen 9] Triples,c|[Gen 9] Type Split,c|[Gen 9] VoltTurn Mayhem,c|[Gen 7] Pure Hackmons,c|,2|Temporary Tour Metas|[Gen 9] Mix and Mega LC,c|[Gen 8] Mix and Mega,c|[Gen 7] Mix and Mega,c|[Gen 6] Mix and Mega,c|,2|National Dex|[Gen 9] National Dex,e|[Gen 8] National Dex,e|,2|National Dex Other Tiers|[Gen 9] National Dex 35 Pokes,c|[Gen 9] National Dex Ubers,e|[Gen 9] National Dex UU,e|[Gen 9] National Dex Ubers UU,c|[Gen 9] National Dex LC,c|[Gen 9] National Dex Monotype,e|[Gen 9] National Dex Doubles,e|[Gen 9] National Dex Doubles Ubers,c|[Gen 9] National Dex 1v1,c|[Gen 9] National Dex AG,c|[Gen 9] National Dex AAA,c|[Gen 9] National Dex BH,c|[Gen 9] National Dex Godly Gift,c|[Gen 9] National Dex STABmons,c|[Gen 8] National Dex UU,c|[Gen 8] National Dex RU,c|[Gen 8] National Dex Doubles,e|[Gen 8] National Dex Monotype,c|[Gen 8 DLC 1] National Dex AG,c|,2|Pet Mods|[Gen 6] Megas Revisited,c|[Gen 9] Legends Z-A OU,e|,3|Randomized Metas|[Gen 9] Random Roulette,4f|[Gen 9] Super Staff Bros Ultimate,4f|[Gen 9] Monotype Random Battle,4f|[Gen 9] Random Battle (Shared Power, B12P6),4f|[Gen 9] Random Battle Mayhem,4f|[Gen 9] Battle Factory,4f|[Gen 9] 1v1 Factory,4f|[Gen 9] BSS Factory,5d|[Gen 9] Draft Factory,4d|[Gen 9] Baby Random Battle,4f|[Gen 9] Hackmons Cup,4f|[Gen 9] Doubles Hackmons Cup,4d|[Gen 9] Broken Cup,4f|[Gen 9] Challenge Cup 1v1,4f|[Gen 9] Challenge Cup 2v2,4f|[Gen 9] Challenge Cup 6v6,4d|[Gen 9] Metronome Battle,4e|[Gen 8] Random Battle,4f|[Gen 8] Random Doubles Battle,4d|[Gen 8] Free-For-All Random Battle,5|[Gen 8] Multi Random Battle,5|[Gen 8] Battle Factory,4d|[Gen 8] BSS Factory,5d|[Gen 8] Hackmons Cup,4d|[Gen 8] CAP 1v1,4d|[Gen 8 BDSP] Random Battle,4d|[Gen 7] Random Battle,4f|[Gen 7] Battle Factory,4d|[Gen 7] BSS Factory,5d|[Gen 7] Hackmons Cup,9|[Gen 7 Let's Go] Random Battle,4d|[Gen 6] Random Battle,4f|[Gen 6] Battle Factory,9|[Gen 5] Random Battle,4f|[Gen 4] Random Battle,4f|[Gen 3] Random Battle,4f|[Gen 2] Random Battle,4f|[Gen 1] Random Battle,4f|[Gen 1] Challenge Cup,9|[Gen 1] Hackmons Cup,9|,4|Past Gens OU|[Gen 8] OU,e|[Gen 7] OU,e|[Gen 6] OU,e|[Gen 5] OU,e|[Gen 4] OU,e|[Gen 3] OU,e|[Gen 2] OU,e|[Gen 1] OU,e|,4|Past Gens Doubles OU|[Gen 8] Doubles OU,e|[Gen 7] Doubles OU,e|[Gen 6] Doubles OU,e|[Gen 5] Doubles OU,c|[Gen 4] Doubles OU,c|[Gen 3] Doubles OU,c|,4|Sw/Sh Singles|[Gen 8] Ubers,c|[Gen 8] UU,c|[Gen 8] RU,c|[Gen 8] NU,c|[Gen 8] PU,c|[Gen 8] LC,c|[Gen 8] Monotype,c|[Gen 8] 1v1,c|[Gen 8] Anything Goes,c|[Gen 8] ZU,c|[Gen 8] CAP,c|[Gen 8] Battle Stadium Singles,5c|[Gen 8 BDSP] OU,c|[Gen 8 BDSP] Ubers,c|[Gen 8] Custom Game,c|,4|Sw/Sh Doubles|[Gen 8] Doubles Ubers,c|[Gen 8] Doubles UU,c|[Gen 8] VGC 2022,5c|[Gen 8] VGC 2021,5c|[Gen 8] VGC 2020,5c|[Gen 8 BDSP] Doubles OU,c|[Gen 8 BDSP] Battle Festival Doubles,1c|[Gen 8] Doubles Custom Game,c|,4|US/UM Singles|[Gen 7] Ubers,c|[Gen 7] UU,c|[Gen 7] RU,c|[Gen 7] NU,c|[Gen 7] PU,c|[Gen 7] LC,c|[Gen 7] Monotype,c|[Gen 7] 1v1,c|[Gen 7] Anything Goes,c|[Gen 7] ZU,c|[Gen 7] CAP,c|[Gen 7] Battle Spot Singles,5c|[Gen 7 Let's Go] OU,1c|[Gen 7] Custom Game,c|,4|US/UM Doubles|[Gen 7] Doubles UU,c|[Gen 7] VGC 2019,5c|[Gen 7] VGC 2018,5c|[Gen 7] VGC 2017,5c|[Gen 7] Battle Spot Doubles,5c|[Gen 7 Let's Go] Doubles OU,1c|[Gen 7] Doubles Custom Game,c|,4|OR/AS Singles|[Gen 6] Ubers,c|[Gen 6] UU,c|[Gen 6] RU,c|[Gen 6] PU,c|[Gen 6] LC,c|[Gen 6] Monotype,c|[Gen 6] 1v1,c|[Gen 6] Anything Goes,c|[Gen 6] ZU,c|[Gen 6] CAP,c|[Gen 6] Battle Spot Singles,5c|[Gen 6] Custom Game,c|,4|OR/AS Doubles/Triples|[Gen 6] VGC 2016,5c|[Gen 6] VGC 2015,5c|[Gen 6] VGC 2014,5c|[Gen 6] Battle Spot Doubles,5c|[Gen 6] Doubles Custom Game,c|[Gen 6] Battle Spot Triples,1c|[Gen 6] Triples Custom Game,c|,4|B2/W2 Singles|[Gen 5] Ubers,c|[Gen 5] UU,c|[Gen 5] RU,c|[Gen 5] NU,c|[Gen 5] PU,c|[Gen 5] Monotype,c|[Gen 5] LC,c|[Gen 5] 1v1,c|[Gen 5] CAP,c|[Gen 5] ZU,c|[Gen 5] BW1 OU,c|[Gen 5] GBU Singles,5c|[Gen 5] Custom Game,c|,4|B2/W2 Doubles|[Gen 5] VGC 2013,5c|[Gen 5] VGC 2012,5c|[Gen 5] VGC 2011,5c|[Gen 5] Doubles Custom Game,c|[Gen 5] Triples Custom Game,c|,4|DPP Singles|[Gen 4] UU,c|[Gen 4] NU,c|[Gen 4] LC,c|[Gen 4] Anything Goes,c|[Gen 4] 1v1,c|[Gen 4] CAP,c|[Gen 4] PU,c|[Gen 4] ZU,c|[Gen 4] Custom Game,c|,4|DPP Doubles|[Gen 4] VGC 2010,5c|[Gen 4] Doubles Custom Game,c|,4|Past Generations|[Gen 3] Ubers,c|[Gen 3] UU,c|[Gen 3] RU,c|[Gen 3] NU,c|[Gen 3] PU,c|[Gen 3] LC,c|[Gen 3] 1v1,c|[Gen 3] UUBL,c|[Gen 3] ZU,c|[Gen 3] ADV 200,c|[Gen 3] ADV 200 Doubles,c|[Gen 3] Orre Colosseum,4c|[Gen 3] Custom Game,c|[Gen 3] Doubles Custom Game,c|[Gen 2] Ubers,c|[Gen 2] UU,c|[Gen 2] NU,c|[Gen 2] PU,c|[Gen 2] 1v1,c|[Gen 2] ZU,c|[Gen 2] NC 2000,4c|[Gen 2] Stadium OU,c|[Gen 2] Custom Game,c|[Gen 1] Ubers,c|[Gen 1] UU,c|[Gen 1] NU,c|[Gen 1] PU,c|[Gen 1] ZU,c|[Gen 1] LC,c|[Gen 1] 1v1,c|[Gen 1] NC 1997,4c|[Gen 1] Japanese OU,c|[Gen 1] Stadium OU,c|[Gen 1] Tradebacks OU,c|[Gen 1] Custom Game,c
[2026-03-09 16:14:55,629][SimpleHeuristics 1][INFO] - [92m[1m<<<[0m |challstr|4|3cb57732291048ea937da2afbedea4f74eb7a68c820fd8c40943cb26b41b94dc26da54e3314551bca8bff482f31ea826231192fbb8ecb07f9f0e6bc749797ee8d6542ba08f7062b8003a3e42305ff97e38c09eface6c88a84d36f6f09f36509bfd670a8c70e34b1762b55fce5b10fd0486c54cfa1bd6c4be843a4e9765356992
[2026-03-09 16:14:55,629][SimpleHeuristics 1][INFO] - Bypassing authentication request
[2026-03-09 16:14:55,629][SimpleHeuristics 1][INFO] - [93m[1m>>>[0m |/trn SimpleHeuristics 1,0,
[2026-03-09 16:14:55,631][SimpleHeuristics 1][INFO] - [92m[1m<<<[0m |updatesearch|{"searching":[],"games":null}
[2026-03-09 16:14:55,631][SimpleHeuristics 1][INFO] - [92m[1m<<<[0m |updateuser| SimpleHeuristics 1|1|102|{"blockChallenges":false,"blockPMs":false,"ignoreTickets":false,"hideBattlesFromTrainerCard":false,"blockInvites":false,"doNotDisturb":false,"blockFriendRequests":false,"allowFriendNotifications":false,"displayBattlesToFriends":false,"hideLogins":false,"hiddenNextBattle":false,"inviteOnlyNextBattle":false,"language":null}
[2026-03-09 16:14:55,631][SimpleHeuristics 1][INFO] - [92m[1m<<<[0m |updatesearch|{"searching":[],"games":null}
[2026-03-09 16:14:55,632][SimpleHeuristics 2][INFO] - [92m[1m<<<[0m |updateuser| Guest 13|0|170|{"blockChallenges":false,"blockPMs":false,"ignoreTickets":false,"hideBattlesFromTrainerCard":false,"blockInvites":false,"doNotDisturb":false,"blockFriendRequests":false,"allowFriendNotifications":false,"displayBattlesToFriends":false,"hideLogins":false,"hiddenNextBattle":false,"inviteOnlyNextBattle":false,"language":null}
|customgroups|[{"symbol":"~","name":"Administrator","type":"leadership"},{"symbol":"#","name":"Room Owner","type":"leadership"},{"symbol":"★","name":"Host","type":"leadership"},{"symbol":"@","name":"Moderator","type":"staff"},{"symbol":"%","name":"Driver","type":"staff"},{"symbol":"*","name":"Bot","type":"normal"},{"symbol":"☆","name":"Player","type":"normal"},{"symbol":"+","name":"Voice","type":"normal"},{"symbol":"^","name":"Prize Winner","type":"normal"},{"symbol":"whitelist","name":"Whitelist","type":"normal"},{"symbol":" ","name":null,"type":"normal"},{"symbol":"‽","name":"Locked","type":"punishment"},{"symbol":"!","name":"Muted","type":"punishment"}]
|formats|,LL|,1|S/V Singles|[Gen 9] Random Battle,4f|[Gen 9] Unrated Random Battle,b|[Gen 9] Free-For-All Random Battle,7|[Gen 9] Random Battle (Blitz),4f|[Gen 9] Multi Random Battle,5|[Gen 9] OU,e|[Gen 9] Ubers,e|[Gen 9] UU,e|[Gen 9] RU,e|[Gen 9] NU,e|[Gen 9] PU,e|[Gen 9] LC,e|[Gen 9] Monotype,e|[Gen 9] CAP,e|[Gen 9] BSS Reg I,5e|[Gen 9] BSS Reg J,5c|[Gen 9] Custom Game,c|,1|S/V Doubles|[Gen 9] Random Doubles Battle,4f|[Gen 9] Doubles OU,e|[Gen 9] Doubles Ubers,e|[Gen 9] Doubles UU,e|[Gen 9] Doubles LC,c|[Gen 9] VGC 2023 Reg C,5c|[Gen 9] VGC 2023 Reg D,5c|[Gen 9] VGC 2024 Reg G,5c|[Gen 9] VGC 2026 Reg I,5e|[Gen 9] VGC 2026 Reg F,5e|[Gen 9] VGC 2026 Reg F (Bo3),1e|[Gen 9] Doubles Custom Game,c|,1|Unofficial Metagames|[Gen 9] 1v1,e|[Gen 9] 2v2 Doubles,e|[Gen 9] Anything Goes,e|[Gen 9] ZU,e|[Gen 9] Free-For-All,6|[Gen 9] LC UU,c|[Gen 9] NFE,c|[Gen 9] Ubers UU,c|,1|Draft|[Gen 9] Draft,8c|[Gen 9] 6v6 Doubles Draft,8c|[Gen 9] 4v4 Doubles Draft,dc|[Gen 9] NatDex Draft,8c|[Gen 9] NatDex 6v6 Doubles Draft,8c|[Gen 9] NatDex LC Draft,8c|[Gen 8] Draft,c|[Gen 8] NatDex Draft,c|[Gen 8] NatDex 4v4 Doubles Draft,1c|[Gen 7] Draft,c|[Gen 6] Draft,c|[Gen 5] Draft,c|[Gen 4] Draft,c|[Gen 3] Draft,c|,2|Ladder Spotlight|[Gen 9] BSS Factory (Bo3),1f|[Gen 9] Linked,e|[Gen 9] 350 Cup,e|[Gen 9] Pokebilities AAA,e|[Gen 9] 4v4 Doubles UU,5e|[Gen 9] National Dex RU,e|[Gen 6] Megas Revisited Random Battle,4f|[Gen 9] ChatBats,f|[Gen 4] Ubers,e|[Gen 6] NU,e|[Gen 4] VGC 2009,5e|,2|Other Metagames|[Gen 9] Almost Any Ability,e|[Gen 9] Balanced Hackmons,e|[Gen 9] Godly Gift,e|[Gen 9] Mix and Mega,e|[Gen 9] Shared Power,e|[Gen 9] STABmons,e|[Gen 6] Pure Hackmons,e|,2|Challengeable OMs|[Gen 9] 1-2 Switch,c|[Gen 9] Alphabet Cup,c|[Gen 9] Bad 'n Boosted,c|[Gen 9] Battlefields,c|[Gen 9] Bio Mech Mons,c|[Gen 9] Camomons,c|[Gen 9] Category Swap,c|[Gen 9] Convergence,c|[Gen 9] Cross Evolution,c|[Gen 9] Fervent Impersonation,c|[Gen 9] Flipped,c|[Gen 9] Foresighters,c|[Gen 9] Formemons,c|[Gen 9] Fortemons,c|[Gen 9] Frantic Fusions,c|[Gen 9] Full Potential,c|[Gen 9] Inheritance,c|[Gen 9] Inverse,c|[Gen 9] Nature Swap,c|[Gen 9] Partners in Crime,c|[Gen 9] Passive Aggressive,c|[Gen 9] Pokebilities,c|[Gen 9] Pokemoves,c|[Gen 9] Pure Hackmons,c|[Gen 9] Relay Race,c|[Gen 9] Revelationmons,c|[Gen 9] Sharing is Caring,c|[Gen 9] Tera Donation,c|[Gen 9] Tera Override,c|[Gen 9] The Card Game,c|[Gen 9] The Loser's Game,c|[Gen 9] Tier Shift,c|[Gen 9] Trademarked,c|[Gen 9] Triples,c|[Gen 9] Type Split,c|[Gen 9] VoltTurn Mayhem,c|[Gen 7] Pure Hackmons,c|,2|Temporary Tour Metas|[Gen 9] Mix and Mega LC,c|[Gen 8] Mix and Mega,c|[Gen 7] Mix and Mega,c|[Gen 6] Mix and Mega,c|,2|National Dex|[Gen 9] National Dex,e|[Gen 8] National Dex,e|,2|National Dex Other Tiers|[Gen 9] National Dex 35 Pokes,c|[Gen 9] National Dex Ubers,e|[Gen 9] National Dex UU,e|[Gen 9] National Dex Ubers UU,c|[Gen 9] National Dex LC,c|[Gen 9] National Dex Monotype,e|[Gen 9] National Dex Doubles,e|[Gen 9] National Dex Doubles Ubers,c|[Gen 9] National Dex 1v1,c|[Gen 9] National Dex AG,c|[Gen 9] National Dex AAA,c|[Gen 9] National Dex BH,c|[Gen 9] National Dex Godly Gift,c|[Gen 9] National Dex STABmons,c|[Gen 8] National Dex UU,c|[Gen 8] National Dex RU,c|[Gen 8] National Dex Doubles,e|[Gen 8] National Dex Monotype,c|[Gen 8 DLC 1] National Dex AG,c|,2|Pet Mods|[Gen 6] Megas Revisited,c|[Gen 9] Legends Z-A OU,e|,3|Randomized Metas|[Gen 9] Random Roulette,4f|[Gen 9] Super Staff Bros Ultimate,4f|[Gen 9] Monotype Random Battle,4f|[Gen 9] Random Battle (Shared Power, B12P6),4f|[Gen 9] Random Battle Mayhem,4f|[Gen 9] Battle Factory,4f|[Gen 9] 1v1 Factory,4f|[Gen 9] BSS Factory,5d|[Gen 9] Draft Factory,4d|[Gen 9] Baby Random Battle,4f|[Gen 9] Hackmons Cup,4f|[Gen 9] Doubles Hackmons Cup,4d|[Gen 9] Broken Cup,4f|[Gen 9] Challenge Cup 1v1,4f|[Gen 9] Challenge Cup 2v2,4f|[Gen 9] Challenge Cup 6v6,4d|[Gen 9] Metronome Battle,4e|[Gen 8] Random Battle,4f|[Gen 8] Random Doubles Battle,4d|[Gen 8] Free-For-All Random Battle,5|[Gen 8] Multi Random Battle,5|[Gen 8] Battle Factory,4d|[Gen 8] BSS Factory,5d|[Gen 8] Hackmons Cup,4d|[Gen 8] CAP 1v1,4d|[Gen 8 BDSP] Random Battle,4d|[Gen 7] Random Battle,4f|[Gen 7] Battle Factory,4d|[Gen 7] BSS Factory,5d|[Gen 7] Hackmons Cup,9|[Gen 7 Let's Go] Random Battle,4d|[Gen 6] Random Battle,4f|[Gen 6] Battle Factory,9|[Gen 5] Random Battle,4f|[Gen 4] Random Battle,4f|[Gen 3] Random Battle,4f|[Gen 2] Random Battle,4f|[Gen 1] Random Battle,4f|[Gen 1] Challenge Cup,9|[Gen 1] Hackmons Cup,9|,4|Past Gens OU|[Gen 8] OU,e|[Gen 7] OU,e|[Gen 6] OU,e|[Gen 5] OU,e|[Gen 4] OU,e|[Gen 3] OU,e|[Gen 2] OU,e|[Gen 1] OU,e|,4|Past Gens Doubles OU|[Gen 8] Doubles OU,e|[Gen 7] Doubles OU,e|[Gen 6] Doubles OU,e|[Gen 5] Doubles OU,c|[Gen 4] Doubles OU,c|[Gen 3] Doubles OU,c|,4|Sw/Sh Singles|[Gen 8] Ubers,c|[Gen 8] UU,c|[Gen 8] RU,c|[Gen 8] NU,c|[Gen 8] PU,c|[Gen 8] LC,c|[Gen 8] Monotype,c|[Gen 8] 1v1,c|[Gen 8] Anything Goes,c|[Gen 8] ZU,c|[Gen 8] CAP,c|[Gen 8] Battle Stadium Singles,5c|[Gen 8 BDSP] OU,c|[Gen 8 BDSP] Ubers,c|[Gen 8] Custom Game,c|,4|Sw/Sh Doubles|[Gen 8] Doubles Ubers,c|[Gen 8] Doubles UU,c|[Gen 8] VGC 2022,5c|[Gen 8] VGC 2021,5c|[Gen 8] VGC 2020,5c|[Gen 8 BDSP] Doubles OU,c|[Gen 8 BDSP] Battle Festival Doubles,1c|[Gen 8] Doubles Custom Game,c|,4|US/UM Singles|[Gen 7] Ubers,c|[Gen 7] UU,c|[Gen 7] RU,c|[Gen 7] NU,c|[Gen 7] PU,c|[Gen 7] LC,c|[Gen 7] Monotype,c|[Gen 7] 1v1,c|[Gen 7] Anything Goes,c|[Gen 7] ZU,c|[Gen 7] CAP,c|[Gen 7] Battle Spot Singles,5c|[Gen 7 Let's Go] OU,1c|[Gen 7] Custom Game,c|,4|US/UM Doubles|[Gen 7] Doubles UU,c|[Gen 7] VGC 2019,5c|[Gen 7] VGC 2018,5c|[Gen 7] VGC 2017,5c|[Gen 7] Battle Spot Doubles,5c|[Gen 7 Let's Go] Doubles OU,1c|[Gen 7] Doubles Custom Game,c|,4|OR/AS Singles|[Gen 6] Ubers,c|[Gen 6] UU,c|[Gen 6] RU,c|[Gen 6] PU,c|[Gen 6] LC,c|[Gen 6] Monotype,c|[Gen 6] 1v1,c|[Gen 6] Anything Goes,c|[Gen 6] ZU,c|[Gen 6] CAP,c|[Gen 6] Battle Spot Singles,5c|[Gen 6] Custom Game,c|,4|OR/AS Doubles/Triples|[Gen 6] VGC 2016,5c|[Gen 6] VGC 2015,5c|[Gen 6] VGC 2014,5c|[Gen 6] Battle Spot Doubles,5c|[Gen 6] Doubles Custom Game,c|[Gen 6] Battle Spot Triples,1c|[Gen 6] Triples Custom Game,c|,4|B2/W2 Singles|[Gen 5] Ubers,c|[Gen 5] UU,c|[Gen 5] RU,c|[Gen 5] NU,c|[Gen 5] PU,c|[Gen 5] Monotype,c|[Gen 5] LC,c|[Gen 5] 1v1,c|[Gen 5] CAP,c|[Gen 5] ZU,c|[Gen 5] BW1 OU,c|[Gen 5] GBU Singles,5c|[Gen 5] Custom Game,c|,4|B2/W2 Doubles|[Gen 5] VGC 2013,5c|[Gen 5] VGC 2012,5c|[Gen 5] VGC 2011,5c|[Gen 5] Doubles Custom Game,c|[Gen 5] Triples Custom Game,c|,4|DPP Singles|[Gen 4] UU,c|[Gen 4] NU,c|[Gen 4] LC,c|[Gen 4] Anything Goes,c|[Gen 4] 1v1,c|[Gen 4] CAP,c|[Gen 4] PU,c|[Gen 4] ZU,c|[Gen 4] Custom Game,c|,4|DPP Doubles|[Gen 4] VGC 2010,5c|[Gen 4] Doubles Custom Game,c|,4|Past Generations|[Gen 3] Ubers,c|[Gen 3] UU,c|[Gen 3] RU,c|[Gen 3] NU,c|[Gen 3] PU,c|[Gen 3] LC,c|[Gen 3] 1v1,c|[Gen 3] UUBL,c|[Gen 3] ZU,c|[Gen 3] ADV 200,c|[Gen 3] ADV 200 Doubles,c|[Gen 3] Orre Colosseum,4c|[Gen 3] Custom Game,c|[Gen 3] Doubles Custom Game,c|[Gen 2] Ubers,c|[Gen 2] UU,c|[Gen 2] NU,c|[Gen 2] PU,c|[Gen 2] 1v1,c|[Gen 2] ZU,c|[Gen 2] NC 2000,4c|[Gen 2] Stadium OU,c|[Gen 2] Custom Game,c|[Gen 1] Ubers,c|[Gen 1] UU,c|[Gen 1] NU,c|[Gen 1] PU,c|[Gen 1] ZU,c|[Gen 1] LC,c|[Gen 1] 1v1,c|[Gen 1] NC 1997,4c|[Gen 1] Japanese OU,c|[Gen 1] Stadium OU,c|[Gen 1] Tradebacks OU,c|[Gen 1] Custom Game,c
[2026-03-09 16:14:55,632][SimpleHeuristics 2][INFO] - [92m[1m<<<[0m |challstr|4|032775995577844e834eae2bafc738c38d0a3f9c121ecaa2348b85a1794337ef11dbcb7f489f7c738721225129ab465b609601a08448091a70a76be46ace89679b536685ec341aa466eeb16b86a884d72f6c058862cb0f71673ca52e4c5f5e0e9bf3f0f70d4cd66659433434deea4d7e491efe5a554f271267294a30e04e8dc8
[2026-03-09 16:14:55,632][SimpleHeuristics 2][INFO] - Bypassing authentication request
[2026-03-09 16:14:55,633][SimpleHeuristics 2][INFO] - [93m[1m>>>[0m |/trn SimpleHeuristics 2,0,
[2026-03-09 16:14:55,634][SimpleHeuristics 2][INFO] - [92m[1m<<<[0m |updatesearch|{"searching":[],"games":null}
[2026-03-09 16:14:55,634][SimpleHeuristics 2][INFO] - [92m[1m<<<[0m |updateuser| SimpleHeuristics 2|1|1|{"blockChallenges":false,"blockPMs":false,"ignoreTickets":false,"hideBattlesFromTrainerCard":false,"blockInvites":false,"doNotDisturb":false,"blockFriendRequests":false,"allowFriendNotifications":false,"displayBattlesToFriends":false,"hideLogins":false,"hiddenNextBattle":false,"inviteOnlyNextBattle":false,"language":null}
[2026-03-09 16:14:55,634][SimpleHeuristics 2][INFO] - [92m[1m<<<[0m |updatesearch|{"searching":[],"games":null}
[2026-03-09 16:14:56,223][RandomPlayer 1][INFO] - Starting listening to showdown websocket
[2026-03-09 16:14:56,225][RandomPlayer 1][INFO] - [92m[1m<<<[0m |updateuser| Guest 16|0|170|{"blockChallenges":false,"blockPMs":false,"ignoreTickets":false,"hideBattlesFromTrainerCard":false,"blockInvites":false,"doNotDisturb":false,"blockFriendRequests":false,"allowFriendNotifications":false,"displayBattlesToFriends":false,"hideLogins":false,"hiddenNextBattle":false,"inviteOnlyNextBattle":false,"language":null}
|customgroups|[{"symbol":"~","name":"Administrator","type":"leadership"},{"symbol":"#","name":"Room Owner","type":"leadership"},{"symbol":"★","name":"Host","type":"leadership"},{"symbol":"@","name":"Moderator","type":"staff"},{"symbol":"%","name":"Driver","type":"staff"},{"symbol":"*","name":"Bot","type":"normal"},{"symbol":"☆","name":"Player","type":"normal"},{"symbol":"+","name":"Voice","type":"normal"},{"symbol":"^","name":"Prize Winner","type":"normal"},{"symbol":"whitelist","name":"Whitelist","type":"normal"},{"symbol":" ","name":null,"type":"normal"},{"symbol":"‽","name":"Locked","type":"punishment"},{"symbol":"!","name":"Muted","type":"punishment"}]
|formats|,LL|,1|S/V Singles|[Gen 9] Random Battle,4f|[Gen 9] Unrated Random Battle,b|[Gen 9] Free-For-All Random Battle,7|[Gen 9] Random Battle (Blitz),4f|[Gen 9] Multi Random Battle,5|[Gen 9] OU,e|[Gen 9] Ubers,e|[Gen 9] UU,e|[Gen 9] RU,e|[Gen 9] NU,e|[Gen 9] PU,e|[Gen 9] LC,e|[Gen 9] Monotype,e|[Gen 9] CAP,e|[Gen 9] BSS Reg I,5e|[Gen 9] BSS Reg J,5c|[Gen 9] Custom Game,c|,1|S/V Doubles|[Gen 9] Random Doubles Battle,4f|[Gen 9] Doubles OU,e|[Gen 9] Doubles Ubers,e|[Gen 9] Doubles UU,e|[Gen 9] Doubles LC,c|[Gen 9] VGC 2023 Reg C,5c|[Gen 9] VGC 2023 Reg D,5c|[Gen 9] VGC 2024 Reg G,5c|[Gen 9] VGC 2026 Reg I,5e|[Gen 9] VGC 2026 Reg F,5e|[Gen 9] VGC 2026 Reg F (Bo3),1e|[Gen 9] Doubles Custom Game,c|,1|Unofficial Metagames|[Gen 9] 1v1,e|[Gen 9] 2v2 Doubles,e|[Gen 9] Anything Goes,e|[Gen 9] ZU,e|[Gen 9] Free-For-All,6|[Gen 9] LC UU,c|[Gen 9] NFE,c|[Gen 9] Ubers UU,c|,1|Draft|[Gen 9] Draft,8c|[Gen 9] 6v6 Doubles Draft,8c|[Gen 9] 4v4 Doubles Draft,dc|[Gen 9] NatDex Draft,8c|[Gen 9] NatDex 6v6 Doubles Draft,8c|[Gen 9] NatDex LC Draft,8c|[Gen 8] Draft,c|[Gen 8] NatDex Draft,c|[Gen 8] NatDex 4v4 Doubles Draft,1c|[Gen 7] Draft,c|[Gen 6] Draft,c|[Gen 5] Draft,c|[Gen 4] Draft,c|[Gen 3] Draft,c|,2|Ladder Spotlight|[Gen 9] BSS Factory (Bo3),1f|[Gen 9] Linked,e|[Gen 9] 350 Cup,e|[Gen 9] Pokebilities AAA,e|[Gen 9] 4v4 Doubles UU,5e|[Gen 9] National Dex RU,e|[Gen 6] Megas Revisited Random Battle,4f|[Gen 9] ChatBats,f|[Gen 4] Ubers,e|[Gen 6] NU,e|[Gen 4] VGC 2009,5e|,2|Other Metagames|[Gen 9] Almost Any Ability,e|[Gen 9] Balanced Hackmons,e|[Gen 9] Godly Gift,e|[Gen 9] Mix and Mega,e|[Gen 9] Shared Power,e|[Gen 9] STABmons,e|[Gen 6] Pure Hackmons,e|,2|Challengeable OMs|[Gen 9] 1-2 Switch,c|[Gen 9] Alphabet Cup,c|[Gen 9] Bad 'n Boosted,c|[Gen 9] Battlefields,c|[Gen 9] Bio Mech Mons,c|[Gen 9] Camomons,c|[Gen 9] Category Swap,c|[Gen 9] Convergence,c|[Gen 9] Cross Evolution,c|[Gen 9] Fervent Impersonation,c|[Gen 9] Flipped,c|[Gen 9] Foresighters,c|[Gen 9] Formemons,c|[Gen 9] Fortemons,c|[Gen 9] Frantic Fusions,c|[Gen 9] Full Potential,c|[Gen 9] Inheritance,c|[Gen 9] Inverse,c|[Gen 9] Nature Swap,c|[Gen 9] Partners in Crime,c|[Gen 9] Passive Aggressive,c|[Gen 9] Pokebilities,c|[Gen 9] Pokemoves,c|[Gen 9] Pure Hackmons,c|[Gen 9] Relay Race,c|[Gen 9] Revelationmons,c|[Gen 9] Sharing is Caring,c|[Gen 9] Tera Donation,c|[Gen 9] Tera Override,c|[Gen 9] The Card Game,c|[Gen 9] The Loser's Game,c|[Gen 9] Tier Shift,c|[Gen 9] Trademarked,c|[Gen 9] Triples,c|[Gen 9] Type Split,c|[Gen 9] VoltTurn Mayhem,c|[Gen 7] Pure Hackmons,c|,2|Temporary Tour Metas|[Gen 9] Mix and Mega LC,c|[Gen 8] Mix and Mega,c|[Gen 7] Mix and Mega,c|[Gen 6] Mix and Mega,c|,2|National Dex|[Gen 9] National Dex,e|[Gen 8] National Dex,e|,2|National Dex Other Tiers|[Gen 9] National Dex 35 Pokes,c|[Gen 9] National Dex Ubers,e|[Gen 9] National Dex UU,e|[Gen 9] National Dex Ubers UU,c|[Gen 9] National Dex LC,c|[Gen 9] National Dex Monotype,e|[Gen 9] National Dex Doubles,e|[Gen 9] National Dex Doubles Ubers,c|[Gen 9] National Dex 1v1,c|[Gen 9] National Dex AG,c|[Gen 9] National Dex AAA,c|[Gen 9] National Dex BH,c|[Gen 9] National Dex Godly Gift,c|[Gen 9] National Dex STABmons,c|[Gen 8] National Dex UU,c|[Gen 8] National Dex RU,c|[Gen 8] National Dex Doubles,e|[Gen 8] National Dex Monotype,c|[Gen 8 DLC 1] National Dex AG,c|,2|Pet Mods|[Gen 6] Megas Revisited,c|[Gen 9] Legends Z-A OU,e|,3|Randomized Metas|[Gen 9] Random Roulette,4f|[Gen 9] Super Staff Bros Ultimate,4f|[Gen 9] Monotype Random Battle,4f|[Gen 9] Random Battle (Shared Power, B12P6),4f|[Gen 9] Random Battle Mayhem,4f|[Gen 9] Battle Factory,4f|[Gen 9] 1v1 Factory,4f|[Gen 9] BSS Factory,5d|[Gen 9] Draft Factory,4d|[Gen 9] Baby Random Battle,4f|[Gen 9] Hackmons Cup,4f|[Gen 9] Doubles Hackmons Cup,4d|[Gen 9] Broken Cup,4f|[Gen 9] Challenge Cup 1v1,4f|[Gen 9] Challenge Cup 2v2,4f|[Gen 9] Challenge Cup 6v6,4d|[Gen 9] Metronome Battle,4e|[Gen 8] Random Battle,4f|[Gen 8] Random Doubles Battle,4d|[Gen 8] Free-For-All Random Battle,5|[Gen 8] Multi Random Battle,5|[Gen 8] Battle Factory,4d|[Gen 8] BSS Factory,5d|[Gen 8] Hackmons Cup,4d|[Gen 8] CAP 1v1,4d|[Gen 8 BDSP] Random Battle,4d|[Gen 7] Random Battle,4f|[Gen 7] Battle Factory,4d|[Gen 7] BSS Factory,5d|[Gen 7] Hackmons Cup,9|[Gen 7 Let's Go] Random Battle,4d|[Gen 6] Random Battle,4f|[Gen 6] Battle Factory,9|[Gen 5] Random Battle,4f|[Gen 4] Random Battle,4f|[Gen 3] Random Battle,4f|[Gen 2] Random Battle,4f|[Gen 1] Random Battle,4f|[Gen 1] Challenge Cup,9|[Gen 1] Hackmons Cup,9|,4|Past Gens OU|[Gen 8] OU,e|[Gen 7] OU,e|[Gen 6] OU,e|[Gen 5] OU,e|[Gen 4] OU,e|[Gen 3] OU,e|[Gen 2] OU,e|[Gen 1] OU,e|,4|Past Gens Doubles OU|[Gen 8] Doubles OU,e|[Gen 7] Doubles OU,e|[Gen 6] Doubles OU,e|[Gen 5] Doubles OU,c|[Gen 4] Doubles OU,c|[Gen 3] Doubles OU,c|,4|Sw/Sh Singles|[Gen 8] Ubers,c|[Gen 8] UU,c|[Gen 8] RU,c|[Gen 8] NU,c|[Gen 8] PU,c|[Gen 8] LC,c|[Gen 8] Monotype,c|[Gen 8] 1v1,c|[Gen 8] Anything Goes,c|[Gen 8] ZU,c|[Gen 8] CAP,c|[Gen 8] Battle Stadium Singles,5c|[Gen 8 BDSP] OU,c|[Gen 8 BDSP] Ubers,c|[Gen 8] Custom Game,c|,4|Sw/Sh Doubles|[Gen 8] Doubles Ubers,c|[Gen 8] Doubles UU,c|[Gen 8] VGC 2022,5c|[Gen 8] VGC 2021,5c|[Gen 8] VGC 2020,5c|[Gen 8 BDSP] Doubles OU,c|[Gen 8 BDSP] Battle Festival Doubles,1c|[Gen 8] Doubles Custom Game,c|,4|US/UM Singles|[Gen 7] Ubers,c|[Gen 7] UU,c|[Gen 7] RU,c|[Gen 7] NU,c|[Gen 7] PU,c|[Gen 7] LC,c|[Gen 7] Monotype,c|[Gen 7] 1v1,c|[Gen 7] Anything Goes,c|[Gen 7] ZU,c|[Gen 7] CAP,c|[Gen 7] Battle Spot Singles,5c|[Gen 7 Let's Go] OU,1c|[Gen 7] Custom Game,c|,4|US/UM Doubles|[Gen 7] Doubles UU,c|[Gen 7] VGC 2019,5c|[Gen 7] VGC 2018,5c|[Gen 7] VGC 2017,5c|[Gen 7] Battle Spot Doubles,5c|[Gen 7 Let's Go] Doubles OU,1c|[Gen 7] Doubles Custom Game,c|,4|OR/AS Singles|[Gen 6] Ubers,c|[Gen 6] UU,c|[Gen 6] RU,c|[Gen 6] PU,c|[Gen 6] LC,c|[Gen 6] Monotype,c|[Gen 6] 1v1,c|[Gen 6] Anything Goes,c|[Gen 6] ZU,c|[Gen 6] CAP,c|[Gen 6] Battle Spot Singles,5c|[Gen 6] Custom Game,c|,4|OR/AS Doubles/Triples|[Gen 6] VGC 2016,5c|[Gen 6] VGC 2015,5c|[Gen 6] VGC 2014,5c|[Gen 6] Battle Spot Doubles,5c|[Gen 6] Doubles Custom Game,c|[Gen 6] Battle Spot Triples,1c|[Gen 6] Triples Custom Game,c|,4|B2/W2 Singles|[Gen 5] Ubers,c|[Gen 5] UU,c|[Gen 5] RU,c|[Gen 5] NU,c|[Gen 5] PU,c|[Gen 5] Monotype,c|[Gen 5] LC,c|[Gen 5] 1v1,c|[Gen 5] CAP,c|[Gen 5] ZU,c|[Gen 5] BW1 OU,c|[Gen 5] GBU Singles,5c|[Gen 5] Custom Game,c|,4|B2/W2 Doubles|[Gen 5] VGC 2013,5c|[Gen 5] VGC 2012,5c|[Gen 5] VGC 2011,5c|[Gen 5] Doubles Custom Game,c|[Gen 5] Triples Custom Game,c|,4|DPP Singles|[Gen 4] UU,c|[Gen 4] NU,c|[Gen 4] LC,c|[Gen 4] Anything Goes,c|[Gen 4] 1v1,c|[Gen 4] CAP,c|[Gen 4] PU,c|[Gen 4] ZU,c|[Gen 4] Custom Game,c|,4|DPP Doubles|[Gen 4] VGC 2010,5c|[Gen 4] Doubles Custom Game,c|,4|Past Generations|[Gen 3] Ubers,c|[Gen 3] UU,c|[Gen 3] RU,c|[Gen 3] NU,c|[Gen 3] PU,c|[Gen 3] LC,c|[Gen 3] 1v1,c|[Gen 3] UUBL,c|[Gen 3] ZU,c|[Gen 3] ADV 200,c|[Gen 3] ADV 200 Doubles,c|[Gen 3] Orre Colosseum,4c|[Gen 3] Custom Game,c|[Gen 3] Doubles Custom Game,c|[Gen 2] Ubers,c|[Gen 2] UU,c|[Gen 2] NU,c|[Gen 2] PU,c|[Gen 2] 1v1,c|[Gen 2] ZU,c|[Gen 2] NC 2000,4c|[Gen 2] Stadium OU,c|[Gen 2] Custom Game,c|[Gen 1] Ubers,c|[Gen 1] UU,c|[Gen 1] NU,c|[Gen 1] PU,c|[Gen 1] ZU,c|[Gen 1] LC,c|[Gen 1] 1v1,c|[Gen 1] NC 1997,4c|[Gen 1] Japanese OU,c|[Gen 1] Stadium OU,c|[Gen 1] Tradebacks OU,c|[Gen 1] Custom Game,c
[2026-03-09 16:14:56,225][RandomPlayer 1][INFO] - [92m[1m<<<[0m |challstr|4|580b158ff934487d36c9d1d63674df1e5d420fc9f9088a9e5368eb3914de46e8cf5f3f63013b8c9f8545e1af4e15cc89b8514c9ea49a5a2cd1091298606fdb1a3825b09fc83b4e878ed74ec09b68644714f6af7021db06713c205f8ce3b51ef8e7721454791d48ac3dda51d09586224f15a7267a9e4d6211e038098be3e07f78
[2026-03-09 16:14:56,226][RandomPlayer 1][INFO] - Bypassing authentication request
[2026-03-09 16:14:56,226][RandomPlayer 1][INFO] - [93m[1m>>>[0m |/trn RandomPlayer 1,0,
[2026-03-09 16:14:56,226][RandomPlayer 1][INFO] - [92m[1m<<<[0m |updatesearch|{"searching":[],"games":null}
[2026-03-09 16:14:56,226][RandomPlayer 1][INFO] - [92m[1m<<<[0m |updateuser| RandomPlayer 1|1|2|{"blockChallenges":false,"blockPMs":false,"ignoreTickets":false,"hideBattlesFromTrainerCard":false,"blockInvites":false,"doNotDisturb":false,"blockFriendRequests":false,"allowFriendNotifications":false,"displayBattlesToFriends":false,"hideLogins":false,"hiddenNextBattle":false,"inviteOnlyNextBattle":false,"language":null}
[2026-03-09 16:14:56,226][RandomPlayer 1][INFO] - [92m[1m<<<[0m |updatesearch|{"searching":[],"games":null}
[2026-03-09 16:19:06,142][SimpleHeuristics 1][INFO] - Starting listening to showdown websocket
[2026-03-09 16:19:06,144][SimpleHeuristics 1][INFO] - [92m[1m<<<[0m |updateuser| Guest 20|0|169|{"blockChallenges":false,"blockPMs":false,"ignoreTickets":false,"hideBattlesFromTrainerCard":false,"blockInvites":false,"doNotDisturb":false,"blockFriendRequests":false,"allowFriendNotifications":false,"displayBattlesToFriends":false,"hideLogins":false,"hiddenNextBattle":false,"inviteOnlyNextBattle":false,"language":null}
|customgroups|[{"symbol":"~","name":"Administrator","type":"leadership"},{"symbol":"#","name":"Room Owner","type":"leadership"},{"symbol":"★","name":"Host","type":"leadership"},{"symbol":"@","name":"Moderator","type":"staff"},{"symbol":"%","name":"Driver","type":"staff"},{"symbol":"*","name":"Bot","type":"normal"},{"symbol":"☆","name":"Player","type":"normal"},{"symbol":"+","name":"Voice","type":"normal"},{"symbol":"^","name":"Prize Winner","type":"normal"},{"symbol":"whitelist","name":"Whitelist","type":"normal"},{"symbol":" ","name":null,"type":"normal"},{"symbol":"‽","name":"Locked","type":"punishment"},{"symbol":"!","name":"Muted","type":"punishment"}]
|formats|,LL|,1|S/V Singles|[Gen 9] Random Battle,4f|[Gen 9] Unrated Random Battle,b|[Gen 9] Free-For-All Random Battle,7|[Gen 9] Random Battle (Blitz),4f|[Gen 9] Multi Random Battle,5|[Gen 9] OU,e|[Gen 9] Ubers,e|[Gen 9] UU,e|[Gen 9] RU,e|[Gen 9] NU,e|[Gen 9] PU,e|[Gen 9] LC,e|[Gen 9] Monotype,e|[Gen 9] CAP,e|[Gen 9] BSS Reg I,5e|[Gen 9] BSS Reg J,5c|[Gen 9] Custom Game,c|,1|S/V Doubles|[Gen 9] Random Doubles Battle,4f|[Gen 9] Doubles OU,e|[Gen 9] Doubles Ubers,e|[Gen 9] Doubles UU,e|[Gen 9] Doubles LC,c|[Gen 9] VGC 2023 Reg C,5c|[Gen 9] VGC 2023 Reg D,5c|[Gen 9] VGC 2024 Reg G,5c|[Gen 9] VGC 2026 Reg I,5e|[Gen 9] VGC 2026 Reg F,5e|[Gen 9] VGC 2026 Reg F (Bo3),1e|[Gen 9] Doubles Custom Game,c|,1|Unofficial Metagames|[Gen 9] 1v1,e|[Gen 9] 2v2 Doubles,e|[Gen 9] Anything Goes,e|[Gen 9] ZU,e|[Gen 9] Free-For-All,6|[Gen 9] LC UU,c|[Gen 9] NFE,c|[Gen 9] Ubers UU,c|,1|Draft|[Gen 9] Draft,8c|[Gen 9] 6v6 Doubles Draft,8c|[Gen 9] 4v4 Doubles Draft,dc|[Gen 9] NatDex Draft,8c|[Gen 9] NatDex 6v6 Doubles Draft,8c|[Gen 9] NatDex LC Draft,8c|[Gen 8] Draft,c|[Gen 8] NatDex Draft,c|[Gen 8] NatDex 4v4 Doubles Draft,1c|[Gen 7] Draft,c|[Gen 6] Draft,c|[Gen 5] Draft,c|[Gen 4] Draft,c|[Gen 3] Draft,c|,2|Ladder Spotlight|[Gen 9] BSS Factory (Bo3),1f|[Gen 9] Linked,e|[Gen 9] 350 Cup,e|[Gen 9] Pokebilities AAA,e|[Gen 9] 4v4 Doubles UU,5e|[Gen 9] National Dex RU,e|[Gen 6] Megas Revisited Random Battle,4f|[Gen 9] ChatBats,f|[Gen 4] Ubers,e|[Gen 6] NU,e|[Gen 4] VGC 2009,5e|,2|Other Metagames|[Gen 9] Almost Any Ability,e|[Gen 9] Balanced Hackmons,e|[Gen 9] Godly Gift,e|[Gen 9] Mix and Mega,e|[Gen 9] Shared Power,e|[Gen 9] STABmons,e|[Gen 6] Pure Hackmons,e|,2|Challengeable OMs|[Gen 9] 1-2 Switch,c|[Gen 9] Alphabet Cup,c|[Gen 9] Bad 'n Boosted,c|[Gen 9] Battlefields,c|[Gen 9] Bio Mech Mons,c|[Gen 9] Camomons,c|[Gen 9] Category Swap,c|[Gen 9] Convergence,c|[Gen 9] Cross Evolution,c|[Gen 9] Fervent Impersonation,c|[Gen 9] Flipped,c|[Gen 9] Foresighters,c|[Gen 9] Formemons,c|[Gen 9] Fortemons,c|[Gen 9] Frantic Fusions,c|[Gen 9] Full Potential,c|[Gen 9] Inheritance,c|[Gen 9] Inverse,c|[Gen 9] Nature Swap,c|[Gen 9] Partners in Crime,c|[Gen 9] Passive Aggressive,c|[Gen 9] Pokebilities,c|[Gen 9] Pokemoves,c|[Gen 9] Pure Hackmons,c|[Gen 9] Relay Race,c|[Gen 9] Revelationmons,c|[Gen 9] Sharing is Caring,c|[Gen 9] Tera Donation,c|[Gen 9] Tera Override,c|[Gen 9] The Card Game,c|[Gen 9] The Loser's Game,c|[Gen 9] Tier Shift,c|[Gen 9] Trademarked,c|[Gen 9] Triples,c|[Gen 9] Type Split,c|[Gen 9] VoltTurn Mayhem,c|[Gen 7] Pure Hackmons,c|,2|Temporary Tour Metas|[Gen 9] Mix and Mega LC,c|[Gen 8] Mix and Mega,c|[Gen 7] Mix and Mega,c|[Gen 6] Mix and Mega,c|,2|National Dex|[Gen 9] National Dex,e|[Gen 8] National Dex,e|,2|National Dex Other Tiers|[Gen 9] National Dex 35 Pokes,c|[Gen 9] National Dex Ubers,e|[Gen 9] National Dex UU,e|[Gen 9] National Dex Ubers UU,c|[Gen 9] National Dex LC,c|[Gen 9] National Dex Monotype,e|[Gen 9] National Dex Doubles,e|[Gen 9] National Dex Doubles Ubers,c|[Gen 9] National Dex 1v1,c|[Gen 9] National Dex AG,c|[Gen 9] National Dex AAA,c|[Gen 9] National Dex BH,c|[Gen 9] National Dex Godly Gift,c|[Gen 9] National Dex STABmons,c|[Gen 8] National Dex UU,c|[Gen 8] National Dex RU,c|[Gen 8] National Dex Doubles,e|[Gen 8] National Dex Monotype,c|[Gen 8 DLC 1] National Dex AG,c|,2|Pet Mods|[Gen 6] Megas Revisited,c|[Gen 9] Legends Z-A OU,e|,3|Randomized Metas|[Gen 9] Random Roulette,4f|[Gen 9] Super Staff Bros Ultimate,4f|[Gen 9] Monotype Random Battle,4f|[Gen 9] Random Battle (Shared Power, B12P6),4f|[Gen 9] Random Battle Mayhem,4f|[Gen 9] Battle Factory,4f|[Gen 9] 1v1 Factory,4f|[Gen 9] BSS Factory,5d|[Gen 9] Draft Factory,4d|[Gen 9] Baby Random Battle,4f|[Gen 9] Hackmons Cup,4f|[Gen 9] Doubles Hackmons Cup,4d|[Gen 9] Broken Cup,4f|[Gen 9] Challenge Cup 1v1,4f|[Gen 9] Challenge Cup 2v2,4f|[Gen 9] Challenge Cup 6v6,4d|[Gen 9] Metronome Battle,4e|[Gen 8] Random Battle,4f|[Gen 8] Random Doubles Battle,4d|[Gen 8] Free-For-All Random Battle,5|[Gen 8] Multi Random Battle,5|[Gen 8] Battle Factory,4d|[Gen 8] BSS Factory,5d|[Gen 8] Hackmons Cup,4d|[Gen 8] CAP 1v1,4d|[Gen 8 BDSP] Random Battle,4d|[Gen 7] Random Battle,4f|[Gen 7] Battle Factory,4d|[Gen 7] BSS Factory,5d|[Gen 7] Hackmons Cup,9|[Gen 7 Let's Go] Random Battle,4d|[Gen 6] Random Battle,4f|[Gen 6] Battle Factory,9|[Gen 5] Random Battle,4f|[Gen 4] Random Battle,4f|[Gen 3] Random Battle,4f|[Gen 2] Random Battle,4f|[Gen 1] Random Battle,4f|[Gen 1] Challenge Cup,9|[Gen 1] Hackmons Cup,9|,4|Past Gens OU|[Gen 8] OU,e|[Gen 7] OU,e|[Gen 6] OU,e|[Gen 5] OU,e|[Gen 4] OU,e|[Gen 3] OU,e|[Gen 2] OU,e|[Gen 1] OU,e|,4|Past Gens Doubles OU|[Gen 8] Doubles OU,e|[Gen 7] Doubles OU,e|[Gen 6] Doubles OU,e|[Gen 5] Doubles OU,c|[Gen 4] Doubles OU,c|[Gen 3] Doubles OU,c|,4|Sw/Sh Singles|[Gen 8] Ubers,c|[Gen 8] UU,c|[Gen 8] RU,c|[Gen 8] NU,c|[Gen 8] PU,c|[Gen 8] LC,c|[Gen 8] Monotype,c|[Gen 8] 1v1,c|[Gen 8] Anything Goes,c|[Gen 8] ZU,c|[Gen 8] CAP,c|[Gen 8] Battle Stadium Singles,5c|[Gen 8 BDSP] OU,c|[Gen 8 BDSP] Ubers,c|[Gen 8] Custom Game,c|,4|Sw/Sh Doubles|[Gen 8] Doubles Ubers,c|[Gen 8] Doubles UU,c|[Gen 8] VGC 2022,5c|[Gen 8] VGC 2021,5c|[Gen 8] VGC 2020,5c|[Gen 8 BDSP] Doubles OU,c|[Gen 8 BDSP] Battle Festival Doubles,1c|[Gen 8] Doubles Custom Game,c|,4|US/UM Singles|[Gen 7] Ubers,c|[Gen 7] UU,c|[Gen 7] RU,c|[Gen 7] NU,c|[Gen 7] PU,c|[Gen 7] LC,c|[Gen 7] Monotype,c|[Gen 7] 1v1,c|[Gen 7] Anything Goes,c|[Gen 7] ZU,c|[Gen 7] CAP,c|[Gen 7] Battle Spot Singles,5c|[Gen 7 Let's Go] OU,1c|[Gen 7] Custom Game,c|,4|US/UM Doubles|[Gen 7] Doubles UU,c|[Gen 7] VGC 2019,5c|[Gen 7] VGC 2018,5c|[Gen 7] VGC 2017,5c|[Gen 7] Battle Spot Doubles,5c|[Gen 7 Let's Go] Doubles OU,1c|[Gen 7] Doubles Custom Game,c|,4|OR/AS Singles|[Gen 6] Ubers,c|[Gen 6] UU,c|[Gen 6] RU,c|[Gen 6] PU,c|[Gen 6] LC,c|[Gen 6] Monotype,c|[Gen 6] 1v1,c|[Gen 6] Anything Goes,c|[Gen 6] ZU,c|[Gen 6] CAP,c|[Gen 6] Battle Spot Singles,5c|[Gen 6] Custom Game,c|,4|OR/AS Doubles/Triples|[Gen 6] VGC 2016,5c|[Gen 6] VGC 2015,5c|[Gen 6] VGC 2014,5c|[Gen 6] Battle Spot Doubles,5c|[Gen 6] Doubles Custom Game,c|[Gen 6] Battle Spot Triples,1c|[Gen 6] Triples Custom Game,c|,4|B2/W2 Singles|[Gen 5] Ubers,c|[Gen 5] UU,c|[Gen 5] RU,c|[Gen 5] NU,c|[Gen 5] PU,c|[Gen 5] Monotype,c|[Gen 5] LC,c|[Gen 5] 1v1,c|[Gen 5] CAP,c|[Gen 5] ZU,c|[Gen 5] BW1 OU,c|[Gen 5] GBU Singles,5c|[Gen 5] Custom Game,c|,4|B2/W2 Doubles|[Gen 5] VGC 2013,5c|[Gen 5] VGC 2012,5c|[Gen 5] VGC 2011,5c|[Gen 5] Doubles Custom Game,c|[Gen 5] Triples Custom Game,c|,4|DPP Singles|[Gen 4] UU,c|[Gen 4] NU,c|[Gen 4] LC,c|[Gen 4] Anything Goes,c|[Gen 4] 1v1,c|[Gen 4] CAP,c|[Gen 4] PU,c|[Gen 4] ZU,c|[Gen 4] Custom Game,c|,4|DPP Doubles|[Gen 4] VGC 2010,5c|[Gen 4] Doubles Custom Game,c|,4|Past Generations|[Gen 3] Ubers,c|[Gen 3] UU,c|[Gen 3] RU,c|[Gen 3] NU,c|[Gen 3] PU,c|[Gen 3] LC,c|[Gen 3] 1v1,c|[Gen 3] UUBL,c|[Gen 3] ZU,c|[Gen 3] ADV 200,c|[Gen 3] ADV 200 Doubles,c|[Gen 3] Orre Colosseum,4c|[Gen 3] Custom Game,c|[Gen 3] Doubles Custom Game,c|[Gen 2] Ubers,c|[Gen 2] UU,c|[Gen 2] NU,c|[Gen 2] PU,c|[Gen 2] 1v1,c|[Gen 2] ZU,c|[Gen 2] NC 2000,4c|[Gen 2] Stadium OU,c|[Gen 2] Custom Game,c|[Gen 1] Ubers,c|[Gen 1] UU,c|[Gen 1] NU,c|[Gen 1] PU,c|[Gen 1] ZU,c|[Gen 1] LC,c|[Gen 1] 1v1,c|[Gen 1] NC 1997,4c|[Gen 1] Japanese OU,c|[Gen 1] Stadium OU,c|[Gen 1] Tradebacks OU,c|[Gen 1] Custom Game,c
[2026-03-09 16:19:06,144][SimpleHeuristics 1][INFO] - [92m[1m<<<[0m |challstr|4|4321d78b3b7a4551fabc88984cd992c9506e43101c67a2abbf17373b5b26f4e298fe318c60c25d473ad2e9dbde91eef34ab2fb2fc7bcc418442b2cdacc63cface2118e1a214d195aa292301c2757257f3cae9c4e7a899fe215ecace5a530f89a894e27d464a0b87dde96dc1e60d3f836112d77eb6221aff3fdba6a3dbe9b931c
[2026-03-09 16:19:06,145][SimpleHeuristics 1][INFO] - Bypassing authentication request
[2026-03-09 16:19:06,145][SimpleHeuristics 1][INFO] - [93m[1m>>>[0m |/trn SimpleHeuristics 1,0,
[2026-03-09 16:19:06,145][SimpleHeuristics 1][INFO] - [92m[1m<<<[0m |updatesearch|{"searching":[],"games":null}
[2026-03-09 16:19:06,145][SimpleHeuristics 1][INFO] - [92m[1m<<<[0m |updateuser| SimpleHeuristics 1|1|102|{"blockChallenges":false,"blockPMs":false,"ignoreTickets":false,"hideBattlesFromTrainerCard":false,"blockInvites":false,"doNotDisturb":false,"blockFriendRequests":false,"allowFriendNotifications":false,"displayBattlesToFriends":false,"hideLogins":false,"hiddenNextBattle":false,"inviteOnlyNextBattle":false,"language":null}
[2026-03-09 16:19:06,145][SimpleHeuristics 1][INFO] - [92m[1m<<<[0m |updatesearch|{"searching":[],"games":null}
[2026-03-09 16:19:06,147][SimpleHeuristics 2][INFO] - Starting listening to showdown websocket
[2026-03-09 16:19:06,150][SimpleHeuristics 2][INFO] - [92m[1m<<<[0m |updateuser| Guest 23|0|102|{"blockChallenges":false,"blockPMs":false,"ignoreTickets":false,"hideBattlesFromTrainerCard":false,"blockInvites":false,"doNotDisturb":false,"blockFriendRequests":false,"allowFriendNotifications":false,"displayBattlesToFriends":false,"hideLogins":false,"hiddenNextBattle":false,"inviteOnlyNextBattle":false,"language":null}
|customgroups|[{"symbol":"~","name":"Administrator","type":"leadership"},{"symbol":"#","name":"Room Owner","type":"leadership"},{"symbol":"★","name":"Host","type":"leadership"},{"symbol":"@","name":"Moderator","type":"staff"},{"symbol":"%","name":"Driver","type":"staff"},{"symbol":"*","name":"Bot","type":"normal"},{"symbol":"☆","name":"Player","type":"normal"},{"symbol":"+","name":"Voice","type":"normal"},{"symbol":"^","name":"Prize Winner","type":"normal"},{"symbol":"whitelist","name":"Whitelist","type":"normal"},{"symbol":" ","name":null,"type":"normal"},{"symbol":"‽","name":"Locked","type":"punishment"},{"symbol":"!","name":"Muted","type":"punishment"}]
|formats|,LL|,1|S/V Singles|[Gen 9] Random Battle,4f|[Gen 9] Unrated Random Battle,b|[Gen 9] Free-For-All Random Battle,7|[Gen 9] Random Battle (Blitz),4f|[Gen 9] Multi Random Battle,5|[Gen 9] OU,e|[Gen 9] Ubers,e|[Gen 9] UU,e|[Gen 9] RU,e|[Gen 9] NU,e|[Gen 9] PU,e|[Gen 9] LC,e|[Gen 9] Monotype,e|[Gen 9] CAP,e|[Gen 9] BSS Reg I,5e|[Gen 9] BSS Reg J,5c|[Gen 9] Custom Game,c|,1|S/V Doubles|[Gen 9] Random Doubles Battle,4f|[Gen 9] Doubles OU,e|[Gen 9] Doubles Ubers,e|[Gen 9] Doubles UU,e|[Gen 9] Doubles LC,c|[Gen 9] VGC 2023 Reg C,5c|[Gen 9] VGC 2023 Reg D,5c|[Gen 9] VGC 2024 Reg G,5c|[Gen 9] VGC 2026 Reg I,5e|[Gen 9] VGC 2026 Reg F,5e|[Gen 9] VGC 2026 Reg F (Bo3),1e|[Gen 9] Doubles Custom Game,c|,1|Unofficial Metagames|[Gen 9] 1v1,e|[Gen 9] 2v2 Doubles,e|[Gen 9] Anything Goes,e|[Gen 9] ZU,e|[Gen 9] Free-For-All,6|[Gen 9] LC UU,c|[Gen 9] NFE,c|[Gen 9] Ubers UU,c|,1|Draft|[Gen 9] Draft,8c|[Gen 9] 6v6 Doubles Draft,8c|[Gen 9] 4v4 Doubles Draft,dc|[Gen 9] NatDex Draft,8c|[Gen 9] NatDex 6v6 Doubles Draft,8c|[Gen 9] NatDex LC Draft,8c|[Gen 8] Draft,c|[Gen 8] NatDex Draft,c|[Gen 8] NatDex 4v4 Doubles Draft,1c|[Gen 7] Draft,c|[Gen 6] Draft,c|[Gen 5] Draft,c|[Gen 4] Draft,c|[Gen 3] Draft,c|,2|Ladder Spotlight|[Gen 9] BSS Factory (Bo3),1f|[Gen 9] Linked,e|[Gen 9] 350 Cup,e|[Gen 9] Pokebilities AAA,e|[Gen 9] 4v4 Doubles UU,5e|[Gen 9] National Dex RU,e|[Gen 6] Megas Revisited Random Battle,4f|[Gen 9] ChatBats,f|[Gen 4] Ubers,e|[Gen 6] NU,e|[Gen 4] VGC 2009,5e|,2|Other Metagames|[Gen 9] Almost Any Ability,e|[Gen 9] Balanced Hackmons,e|[Gen 9] Godly Gift,e|[Gen 9] Mix and Mega,e|[Gen 9] Shared Power,e|[Gen 9] STABmons,e|[Gen 6] Pure Hackmons,e|,2|Challengeable OMs|[Gen 9] 1-2 Switch,c|[Gen 9] Alphabet Cup,c|[Gen 9] Bad 'n Boosted,c|[Gen 9] Battlefields,c|[Gen 9] Bio Mech Mons,c|[Gen 9] Camomons,c|[Gen 9] Category Swap,c|[Gen 9] Convergence,c|[Gen 9] Cross Evolution,c|[Gen 9] Fervent Impersonation,c|[Gen 9] Flipped,c|[Gen 9] Foresighters,c|[Gen 9] Formemons,c|[Gen 9] Fortemons,c|[Gen 9] Frantic Fusions,c|[Gen 9] Full Potential,c|[Gen 9] Inheritance,c|[Gen 9] Inverse,c|[Gen 9] Nature Swap,c|[Gen 9] Partners in Crime,c|[Gen 9] Passive Aggressive,c|[Gen 9] Pokebilities,c|[Gen 9] Pokemoves,c|[Gen 9] Pure Hackmons,c|[Gen 9] Relay Race,c|[Gen 9] Revelationmons,c|[Gen 9] Sharing is Caring,c|[Gen 9] Tera Donation,c|[Gen 9] Tera Override,c|[Gen 9] The Card Game,c|[Gen 9] The Loser's Game,c|[Gen 9] Tier Shift,c|[Gen 9] Trademarked,c|[Gen 9] Triples,c|[Gen 9] Type Split,c|[Gen 9] VoltTurn Mayhem,c|[Gen 7] Pure Hackmons,c|,2|Temporary Tour Metas|[Gen 9] Mix and Mega LC,c|[Gen 8] Mix and Mega,c|[Gen 7] Mix and Mega,c|[Gen 6] Mix and Mega,c|,2|National Dex|[Gen 9] National Dex,e|[Gen 8] National Dex,e|,2|National Dex Other Tiers|[Gen 9] National Dex 35 Pokes,c|[Gen 9] National Dex Ubers,e|[Gen 9] National Dex UU,e|[Gen 9] National Dex Ubers UU,c|[Gen 9] National Dex LC,c|[Gen 9] National Dex Monotype,e|[Gen 9] National Dex Doubles,e|[Gen 9] National Dex Doubles Ubers,c|[Gen 9] National Dex 1v1,c|[Gen 9] National Dex AG,c|[Gen 9] National Dex AAA,c|[Gen 9] National Dex BH,c|[Gen 9] National Dex Godly Gift,c|[Gen 9] National Dex STABmons,c|[Gen 8] National Dex UU,c|[Gen 8] National Dex RU,c|[Gen 8] National Dex Doubles,e|[Gen 8] National Dex Monotype,c|[Gen 8 DLC 1] National Dex AG,c|,2|Pet Mods|[Gen 6] Megas Revisited,c|[Gen 9] Legends Z-A OU,e|,3|Randomized Metas|[Gen 9] Random Roulette,4f|[Gen 9] Super Staff Bros Ultimate,4f|[Gen 9] Monotype Random Battle,4f|[Gen 9] Random Battle (Shared Power, B12P6),4f|[Gen 9] Random Battle Mayhem,4f|[Gen 9] Battle Factory,4f|[Gen 9] 1v1 Factory,4f|[Gen 9] BSS Factory,5d|[Gen 9] Draft Factory,4d|[Gen 9] Baby Random Battle,4f|[Gen 9] Hackmons Cup,4f|[Gen 9] Doubles Hackmons Cup,4d|[Gen 9] Broken Cup,4f|[Gen 9] Challenge Cup 1v1,4f|[Gen 9] Challenge Cup 2v2,4f|[Gen 9] Challenge Cup 6v6,4d|[Gen 9] Metronome Battle,4e|[Gen 8] Random Battle,4f|[Gen 8] Random Doubles Battle,4d|[Gen 8] Free-For-All Random Battle,5|[Gen 8] Multi Random Battle,5|[Gen 8] Battle Factory,4d|[Gen 8] BSS Factory,5d|[Gen 8] Hackmons Cup,4d|[Gen 8] CAP 1v1,4d|[Gen 8 BDSP] Random Battle,4d|[Gen 7] Random Battle,4f|[Gen 7] Battle Factory,4d|[Gen 7] BSS Factory,5d|[Gen 7] Hackmons Cup,9|[Gen 7 Let's Go] Random Battle,4d|[Gen 6] Random Battle,4f|[Gen 6] Battle Factory,9|[Gen 5] Random Battle,4f|[Gen 4] Random Battle,4f|[Gen 3] Random Battle,4f|[Gen 2] Random Battle,4f|[Gen 1] Random Battle,4f|[Gen 1] Challenge Cup,9|[Gen 1] Hackmons Cup,9|,4|Past Gens OU|[Gen 8] OU,e|[Gen 7] OU,e|[Gen 6] OU,e|[Gen 5] OU,e|[Gen 4] OU,e|[Gen 3] OU,e|[Gen 2] OU,e|[Gen 1] OU,e|,4|Past Gens Doubles OU|[Gen 8] Doubles OU,e|[Gen 7] Doubles OU,e|[Gen 6] Doubles OU,e|[Gen 5] Doubles OU,c|[Gen 4] Doubles OU,c|[Gen 3] Doubles OU,c|,4|Sw/Sh Singles|[Gen 8] Ubers,c|[Gen 8] UU,c|[Gen 8] RU,c|[Gen 8] NU,c|[Gen 8] PU,c|[Gen 8] LC,c|[Gen 8] Monotype,c|[Gen 8] 1v1,c|[Gen 8] Anything Goes,c|[Gen 8] ZU,c|[Gen 8] CAP,c|[Gen 8] Battle Stadium Singles,5c|[Gen 8 BDSP] OU,c|[Gen 8 BDSP] Ubers,c|[Gen 8] Custom Game,c|,4|Sw/Sh Doubles|[Gen 8] Doubles Ubers,c|[Gen 8] Doubles UU,c|[Gen 8] VGC 2022,5c|[Gen 8] VGC 2021,5c|[Gen 8] VGC 2020,5c|[Gen 8 BDSP] Doubles OU,c|[Gen 8 BDSP] Battle Festival Doubles,1c|[Gen 8] Doubles Custom Game,c|,4|US/UM Singles|[Gen 7] Ubers,c|[Gen 7] UU,c|[Gen 7] RU,c|[Gen 7] NU,c|[Gen 7] PU,c|[Gen 7] LC,c|[Gen 7] Monotype,c|[Gen 7] 1v1,c|[Gen 7] Anything Goes,c|[Gen 7] ZU,c|[Gen 7] CAP,c|[Gen 7] Battle Spot Singles,5c|[Gen 7 Let's Go] OU,1c|[Gen 7] Custom Game,c|,4|US/UM Doubles|[Gen 7] Doubles UU,c|[Gen 7] VGC 2019,5c|[Gen 7] VGC 2018,5c|[Gen 7] VGC 2017,5c|[Gen 7] Battle Spot Doubles,5c|[Gen 7 Let's Go] Doubles OU,1c|[Gen 7] Doubles Custom Game,c|,4|OR/AS Singles|[Gen 6] Ubers,c|[Gen 6] UU,c|[Gen 6] RU,c|[Gen 6] PU,c|[Gen 6] LC,c|[Gen 6] Monotype,c|[Gen 6] 1v1,c|[Gen 6] Anything Goes,c|[Gen 6] ZU,c|[Gen 6] CAP,c|[Gen 6] Battle Spot Singles,5c|[Gen 6] Custom Game,c|,4|OR/AS Doubles/Triples|[Gen 6] VGC 2016,5c|[Gen 6] VGC 2015,5c|[Gen 6] VGC 2014,5c|[Gen 6] Battle Spot Doubles,5c|[Gen 6] Doubles Custom Game,c|[Gen 6] Battle Spot Triples,1c|[Gen 6] Triples Custom Game,c|,4|B2/W2 Singles|[Gen 5] Ubers,c|[Gen 5] UU,c|[Gen 5] RU,c|[Gen 5] NU,c|[Gen 5] PU,c|[Gen 5] Monotype,c|[Gen 5] LC,c|[Gen 5] 1v1,c|[Gen 5] CAP,c|[Gen 5] ZU,c|[Gen 5] BW1 OU,c|[Gen 5] GBU Singles,5c|[Gen 5] Custom Game,c|,4|B2/W2 Doubles|[Gen 5] VGC 2013,5c|[Gen 5] VGC 2012,5c|[Gen 5] VGC 2011,5c|[Gen 5] Doubles Custom Game,c|[Gen 5] Triples Custom Game,c|,4|DPP Singles|[Gen 4] UU,c|[Gen 4] NU,c|[Gen 4] LC,c|[Gen 4] Anything Goes,c|[Gen 4] 1v1,c|[Gen 4] CAP,c|[Gen 4] PU,c|[Gen 4] ZU,c|[Gen 4] Custom Game,c|,4|DPP Doubles|[Gen 4] VGC 2010,5c|[Gen 4] Doubles Custom Game,c|,4|Past Generations|[Gen 3] Ubers,c|[Gen 3] UU,c|[Gen 3] RU,c|[Gen 3] NU,c|[Gen 3] PU,c|[Gen 3] LC,c|[Gen 3] 1v1,c|[Gen 3] UUBL,c|[Gen 3] ZU,c|[Gen 3] ADV 200,c|[Gen 3] ADV 200 Doubles,c|[Gen 3] Orre Colosseum,4c|[Gen 3] Custom Game,c|[Gen 3] Doubles Custom Game,c|[Gen 2] Ubers,c|[Gen 2] UU,c|[Gen 2] NU,c|[Gen 2] PU,c|[Gen 2] 1v1,c|[Gen 2] ZU,c|[Gen 2] NC 2000,4c|[Gen 2] Stadium OU,c|[Gen 2] Custom Game,c|[Gen 1] Ubers,c|[Gen 1] UU,c|[Gen 1] NU,c|[Gen 1] PU,c|[Gen 1] ZU,c|[Gen 1] LC,c|[Gen 1] 1v1,c|[Gen 1] NC 1997,4c|[Gen 1] Japanese OU,c|[Gen 1] Stadium OU,c|[Gen 1] Tradebacks OU,c|[Gen 1] Custom Game,c
[2026-03-09 16:19:06,151][SimpleHeuristics 2][INFO] - [92m[1m<<<[0m |challstr|4|97b514c60d96d7ed8e953db24577a6142e5915733ea0ec22284295f50032c1b5c379bc13a3c4bfb26e41bd626b4792e6ee4da6948c9a8b2c165c0b8f5f80364ddf54efee36cf15fba04d82ad47aa14f779c83da245b7d400706d663bf98f5ff4532b9a9fa72d7d017bea742ab8e68843efbca86849060e8da600ef70f4a94417
[2026-03-09 16:19:06,151][SimpleHeuristics 2][INFO] - Bypassing authentication request
[2026-03-09 16:19:06,151][SimpleHeuristics 2][INFO] - [93m[1m>>>[0m |/trn SimpleHeuristics 2,0,
[2026-03-09 16:19:06,151][SimpleHeuristics 2][INFO] - [92m[1m<<<[0m |updatesearch|{"searching":[],"games":null}
[2026-03-09 16:19:06,151][SimpleHeuristics 2][INFO] - [92m[1m<<<[0m |updateuser| SimpleHeuristics 2|1|1|{"blockChallenges":false,"blockPMs":false,"ignoreTickets":false,"hideBattlesFromTrainerCard":false,"blockInvites":false,"doNotDisturb":false,"blockFriendRequests":false,"allowFriendNotifications":false,"displayBattlesToFriends":false,"hideLogins":false,"hiddenNextBattle":false,"inviteOnlyNextBattle":false,"language":null}
[2026-03-09 16:19:06,151][SimpleHeuristics 2][INFO] - [92m[1m<<<[0m |updatesearch|{"searching":[],"games":null}
[2026-03-09 16:26:56,128][SimpleHeuristics 1][INFO] - Starting listening to showdown websocket
[2026-03-09 16:26:56,132][SimpleHeuristics 1][INFO] - [92m[1m<<<[0m |updateuser| Guest 26|0|2|{"blockChallenges":false,"blockPMs":false,"ignoreTickets":false,"hideBattlesFromTrainerCard":false,"blockInvites":false,"doNotDisturb":false,"blockFriendRequests":false,"allowFriendNotifications":false,"displayBattlesToFriends":false,"hideLogins":false,"hiddenNextBattle":false,"inviteOnlyNextBattle":false,"language":null}
|customgroups|[{"symbol":"~","name":"Administrator","type":"leadership"},{"symbol":"#","name":"Room Owner","type":"leadership"},{"symbol":"★","name":"Host","type":"leadership"},{"symbol":"@","name":"Moderator","type":"staff"},{"symbol":"%","name":"Driver","type":"staff"},{"symbol":"*","name":"Bot","type":"normal"},{"symbol":"☆","name":"Player","type":"normal"},{"symbol":"+","name":"Voice","type":"normal"},{"symbol":"^","name":"Prize Winner","type":"normal"},{"symbol":"whitelist","name":"Whitelist","type":"normal"},{"symbol":" ","name":null,"type":"normal"},{"symbol":"‽","name":"Locked","type":"punishment"},{"symbol":"!","name":"Muted","type":"punishment"}]
|formats|,LL|,1|S/V Singles|[Gen 9] Random Battle,4f|[Gen 9] Unrated Random Battle,b|[Gen 9] Free-For-All Random Battle,7|[Gen 9] Random Battle (Blitz),4f|[Gen 9] Multi Random Battle,5|[Gen 9] OU,e|[Gen 9] Ubers,e|[Gen 9] UU,e|[Gen 9] RU,e|[Gen 9] NU,e|[Gen 9] PU,e|[Gen 9] LC,e|[Gen 9] Monotype,e|[Gen 9] CAP,e|[Gen 9] BSS Reg I,5e|[Gen 9] BSS Reg J,5c|[Gen 9] Custom Game,c|,1|S/V Doubles|[Gen 9] Random Doubles Battle,4f|[Gen 9] Doubles OU,e|[Gen 9] Doubles Ubers,e|[Gen 9] Doubles UU,e|[Gen 9] Doubles LC,c|[Gen 9] VGC 2023 Reg C,5c|[Gen 9] VGC 2023 Reg D,5c|[Gen 9] VGC 2024 Reg G,5c|[Gen 9] VGC 2026 Reg I,5e|[Gen 9] VGC 2026 Reg F,5e|[Gen 9] VGC 2026 Reg F (Bo3),1e|[Gen 9] Doubles Custom Game,c|,1|Unofficial Metagames|[Gen 9] 1v1,e|[Gen 9] 2v2 Doubles,e|[Gen 9] Anything Goes,e|[Gen 9] ZU,e|[Gen 9] Free-For-All,6|[Gen 9] LC UU,c|[Gen 9] NFE,c|[Gen 9] Ubers UU,c|,1|Draft|[Gen 9] Draft,8c|[Gen 9] 6v6 Doubles Draft,8c|[Gen 9] 4v4 Doubles Draft,dc|[Gen 9] NatDex Draft,8c|[Gen 9] NatDex 6v6 Doubles Draft,8c|[Gen 9] NatDex LC Draft,8c|[Gen 8] Draft,c|[Gen 8] NatDex Draft,c|[Gen 8] NatDex 4v4 Doubles Draft,1c|[Gen 7] Draft,c|[Gen 6] Draft,c|[Gen 5] Draft,c|[Gen 4] Draft,c|[Gen 3] Draft,c|,2|Ladder Spotlight|[Gen 9] BSS Factory (Bo3),1f|[Gen 9] Linked,e|[Gen 9] 350 Cup,e|[Gen 9] Pokebilities AAA,e|[Gen 9] 4v4 Doubles UU,5e|[Gen 9] National Dex RU,e|[Gen 6] Megas Revisited Random Battle,4f|[Gen 9] ChatBats,f|[Gen 4] Ubers,e|[Gen 6] NU,e|[Gen 4] VGC 2009,5e|,2|Other Metagames|[Gen 9] Almost Any Ability,e|[Gen 9] Balanced Hackmons,e|[Gen 9] Godly Gift,e|[Gen 9] Mix and Mega,e|[Gen 9] Shared Power,e|[Gen 9] STABmons,e|[Gen 6] Pure Hackmons,e|,2|Challengeable OMs|[Gen 9] 1-2 Switch,c|[Gen 9] Alphabet Cup,c|[Gen 9] Bad 'n Boosted,c|[Gen 9] Battlefields,c|[Gen 9] Bio Mech Mons,c|[Gen 9] Camomons,c|[Gen 9] Category Swap,c|[Gen 9] Convergence,c|[Gen 9] Cross Evolution,c|[Gen 9] Fervent Impersonation,c|[Gen 9] Flipped,c|[Gen 9] Foresighters,c|[Gen 9] Formemons,c|[Gen 9] Fortemons,c|[Gen 9] Frantic Fusions,c|[Gen 9] Full Potential,c|[Gen 9] Inheritance,c|[Gen 9] Inverse,c|[Gen 9] Nature Swap,c|[Gen 9] Partners in Crime,c|[Gen 9] Passive Aggressive,c|[Gen 9] Pokebilities,c|[Gen 9] Pokemoves,c|[Gen 9] Pure Hackmons,c|[Gen 9] Relay Race,c|[Gen 9] Revelationmons,c|[Gen 9] Sharing is Caring,c|[Gen 9] Tera Donation,c|[Gen 9] Tera Override,c|[Gen 9] The Card Game,c|[Gen 9] The Loser's Game,c|[Gen 9] Tier Shift,c|[Gen 9] Trademarked,c|[Gen 9] Triples,c|[Gen 9] Type Split,c|[Gen 9] VoltTurn Mayhem,c|[Gen 7] Pure Hackmons,c|,2|Temporary Tour Metas|[Gen 9] Mix and Mega LC,c|[Gen 8] Mix and Mega,c|[Gen 7] Mix and Mega,c|[Gen 6] Mix and Mega,c|,2|National Dex|[Gen 9] National Dex,e|[Gen 8] National Dex,e|,2|National Dex Other Tiers|[Gen 9] National Dex 35 Pokes,c|[Gen 9] National Dex Ubers,e|[Gen 9] National Dex UU,e|[Gen 9] National Dex Ubers UU,c|[Gen 9] National Dex LC,c|[Gen 9] National Dex Monotype,e|[Gen 9] National Dex Doubles,e|[Gen 9] National Dex Doubles Ubers,c|[Gen 9] National Dex 1v1,c|[Gen 9] National Dex AG,c|[Gen 9] National Dex AAA,c|[Gen 9] National Dex BH,c|[Gen 9] National Dex Godly Gift,c|[Gen 9] National Dex STABmons,c|[Gen 8] National Dex UU,c|[Gen 8] National Dex RU,c|[Gen 8] National Dex Doubles,e|[Gen 8] National Dex Monotype,c|[Gen 8 DLC 1] National Dex AG,c|,2|Pet Mods|[Gen 6] Megas Revisited,c|[Gen 9] Legends Z-A OU,e|,3|Randomized Metas|[Gen 9] Random Roulette,4f|[Gen 9] Super Staff Bros Ultimate,4f|[Gen 9] Monotype Random Battle,4f|[Gen 9] Random Battle (Shared Power, B12P6),4f|[Gen 9] Random Battle Mayhem,4f|[Gen 9] Battle Factory,4f|[Gen 9] 1v1 Factory,4f|[Gen 9] BSS Factory,5d|[Gen 9] Draft Factory,4d|[Gen 9] Baby Random Battle,4f|[Gen 9] Hackmons Cup,4f|[Gen 9] Doubles Hackmons Cup,4d|[Gen 9] Broken Cup,4f|[Gen 9] Challenge Cup 1v1,4f|[Gen 9] Challenge Cup 2v2,4f|[Gen 9] Challenge Cup 6v6,4d|[Gen 9] Metronome Battle,4e|[Gen 8] Random Battle,4f|[Gen 8] Random Doubles Battle,4d|[Gen 8] Free-For-All Random Battle,5|[Gen 8] Multi Random Battle,5|[Gen 8] Battle Factory,4d|[Gen 8] BSS Factory,5d|[Gen 8] Hackmons Cup,4d|[Gen 8] CAP 1v1,4d|[Gen 8 BDSP] Random Battle,4d|[Gen 7] Random Battle,4f|[Gen 7] Battle Factory,4d|[Gen 7] BSS Factory,5d|[Gen 7] Hackmons Cup,9|[Gen 7 Let's Go] Random Battle,4d|[Gen 6] Random Battle,4f|[Gen 6] Battle Factory,9|[Gen 5] Random Battle,4f|[Gen 4] Random Battle,4f|[Gen 3] Random Battle,4f|[Gen 2] Random Battle,4f|[Gen 1] Random Battle,4f|[Gen 1] Challenge Cup,9|[Gen 1] Hackmons Cup,9|,4|Past Gens OU|[Gen 8] OU,e|[Gen 7] OU,e|[Gen 6] OU,e|[Gen 5] OU,e|[Gen 4] OU,e|[Gen 3] OU,e|[Gen 2] OU,e|[Gen 1] OU,e|,4|Past Gens Doubles OU|[Gen 8] Doubles OU,e|[Gen 7] Doubles OU,e|[Gen 6] Doubles OU,e|[Gen 5] Doubles OU,c|[Gen 4] Doubles OU,c|[Gen 3] Doubles OU,c|,4|Sw/Sh Singles|[Gen 8] Ubers,c|[Gen 8] UU,c|[Gen 8] RU,c|[Gen 8] NU,c|[Gen 8] PU,c|[Gen 8] LC,c|[Gen 8] Monotype,c|[Gen 8] 1v1,c|[Gen 8] Anything Goes,c|[Gen 8] ZU,c|[Gen 8] CAP,c|[Gen 8] Battle Stadium Singles,5c|[Gen 8 BDSP] OU,c|[Gen 8 BDSP] Ubers,c|[Gen 8] Custom Game,c|,4|Sw/Sh Doubles|[Gen 8] Doubles Ubers,c|[Gen 8] Doubles UU,c|[Gen 8] VGC 2022,5c|[Gen 8] VGC 2021,5c|[Gen 8] VGC 2020,5c|[Gen 8 BDSP] Doubles OU,c|[Gen 8 BDSP] Battle Festival Doubles,1c|[Gen 8] Doubles Custom Game,c|,4|US/UM Singles|[Gen 7] Ubers,c|[Gen 7] UU,c|[Gen 7] RU,c|[Gen 7] NU,c|[Gen 7] PU,c|[Gen 7] LC,c|[Gen 7] Monotype,c|[Gen 7] 1v1,c|[Gen 7] Anything Goes,c|[Gen 7] ZU,c|[Gen 7] CAP,c|[Gen 7] Battle Spot Singles,5c|[Gen 7 Let's Go] OU,1c|[Gen 7] Custom Game,c|,4|US/UM Doubles|[Gen 7] Doubles UU,c|[Gen 7] VGC 2019,5c|[Gen 7] VGC 2018,5c|[Gen 7] VGC 2017,5c|[Gen 7] Battle Spot Doubles,5c|[Gen 7 Let's Go] Doubles OU,1c|[Gen 7] Doubles Custom Game,c|,4|OR/AS Singles|[Gen 6] Ubers,c|[Gen 6] UU,c|[Gen 6] RU,c|[Gen 6] PU,c|[Gen 6] LC,c|[Gen 6] Monotype,c|[Gen 6] 1v1,c|[Gen 6] Anything Goes,c|[Gen 6] ZU,c|[Gen 6] CAP,c|[Gen 6] Battle Spot Singles,5c|[Gen 6] Custom Game,c|,4|OR/AS Doubles/Triples|[Gen 6] VGC 2016,5c|[Gen 6] VGC 2015,5c|[Gen 6] VGC 2014,5c|[Gen 6] Battle Spot Doubles,5c|[Gen 6] Doubles Custom Game,c|[Gen 6] Battle Spot Triples,1c|[Gen 6] Triples Custom Game,c|,4|B2/W2 Singles|[Gen 5] Ubers,c|[Gen 5] UU,c|[Gen 5] RU,c|[Gen 5] NU,c|[Gen 5] PU,c|[Gen 5] Monotype,c|[Gen 5] LC,c|[Gen 5] 1v1,c|[Gen 5] CAP,c|[Gen 5] ZU,c|[Gen 5] BW1 OU,c|[Gen 5] GBU Singles,5c|[Gen 5] Custom Game,c|,4|B2/W2 Doubles|[Gen 5] VGC 2013,5c|[Gen 5] VGC 2012,5c|[Gen 5] VGC 2011,5c|[Gen 5] Doubles Custom Game,c|[Gen 5] Triples Custom Game,c|,4|DPP Singles|[Gen 4] UU,c|[Gen 4] NU,c|[Gen 4] LC,c|[Gen 4] Anything Goes,c|[Gen 4] 1v1,c|[Gen 4] CAP,c|[Gen 4] PU,c|[Gen 4] ZU,c|[Gen 4] Custom Game,c|,4|DPP Doubles|[Gen 4] VGC 2010,5c|[Gen 4] Doubles Custom Game,c|,4|Past Generations|[Gen 3] Ubers,c|[Gen 3] UU,c|[Gen 3] RU,c|[Gen 3] NU,c|[Gen 3] PU,c|[Gen 3] LC,c|[Gen 3] 1v1,c|[Gen 3] UUBL,c|[Gen 3] ZU,c|[Gen 3] ADV 200,c|[Gen 3] ADV 200 Doubles,c|[Gen 3] Orre Colosseum,4c|[Gen 3] Custom Game,c|[Gen 3] Doubles Custom Game,c|[Gen 2] Ubers,c|[Gen 2] UU,c|[Gen 2] NU,c|[Gen 2] PU,c|[Gen 2] 1v1,c|[Gen 2] ZU,c|[Gen 2] NC 2000,4c|[Gen 2] Stadium OU,c|[Gen 2] Custom Game,c|[Gen 1] Ubers,c|[Gen 1] UU,c|[Gen 1] NU,c|[Gen 1] PU,c|[Gen 1] ZU,c|[Gen 1] LC,c|[Gen 1] 1v1,c|[Gen 1] NC 1997,4c|[Gen 1] Japanese OU,c|[Gen 1] Stadium OU,c|[Gen 1] Tradebacks OU,c|[Gen 1] Custom Game,c
[2026-03-09 16:26:56,133][SimpleHeuristics 1][INFO] - [92m[1m<<<[0m |challstr|4|b5e1845b6c3dd0e504aaef893664cdfac5ea1398d140568e5f8ddfc6271e405a115791bff203c2a536a938de61d2f817d6d36dbae393c49721469ba2637c4dd588fe064a582ba821e8072cf5084eaa60461275509508b90b76971b9c5f46cfd56686b98b2b86f739febcafe510b13f5fc9962f213dd085c81c87e5123223c369
[2026-03-09 16:26:56,134][SimpleHeuristics 1][INFO] - Bypassing authentication request
[2026-03-09 16:26:56,134][SimpleHeuristics 1][INFO] - [93m[1m>>>[0m |/trn SimpleHeuristics 1,0,
[2026-03-09 16:26:56,135][SimpleHeuristics 1][INFO] - [92m[1m<<<[0m |updatesearch|{"searching":[],"games":null}
[2026-03-09 16:26:56,135][SimpleHeuristics 1][INFO] - [92m[1m<<<[0m |updateuser| SimpleHeuristics 1|1|102|{"blockChallenges":false,"blockPMs":false,"ignoreTickets":false,"hideBattlesFromTrainerCard":false,"blockInvites":false,"doNotDisturb":false,"blockFriendRequests":false,"allowFriendNotifications":false,"displayBattlesToFriends":false,"hideLogins":false,"hiddenNextBattle":false,"inviteOnlyNextBattle":false,"language":null}
[2026-03-09 16:26:56,136][SimpleHeuristics 1][INFO] - [92m[1m<<<[0m |updatesearch|{"searching":[],"games":null}
[2026-03-09 16:26:56,136][SimpleHeuristics 2][INFO] - Starting listening to showdown websocket
[2026-03-09 16:26:56,144][SimpleHeuristics 2][INFO] - [92m[1m<<<[0m |updateuser| Guest 29|0|102|{"blockChallenges":false,"blockPMs":false,"ignoreTickets":false,"hideBattlesFromTrainerCard":false,"blockInvites":false,"doNotDisturb":false,"blockFriendRequests":false,"allowFriendNotifications":false,"displayBattlesToFriends":false,"hideLogins":false,"hiddenNextBattle":false,"inviteOnlyNextBattle":false,"language":null}
|customgroups|[{"symbol":"~","name":"Administrator","type":"leadership"},{"symbol":"#","name":"Room Owner","type":"leadership"},{"symbol":"★","name":"Host","type":"leadership"},{"symbol":"@","name":"Moderator","type":"staff"},{"symbol":"%","name":"Driver","type":"staff"},{"symbol":"*","name":"Bot","type":"normal"},{"symbol":"☆","name":"Player","type":"normal"},{"symbol":"+","name":"Voice","type":"normal"},{"symbol":"^","name":"Prize Winner","type":"normal"},{"symbol":"whitelist","name":"Whitelist","type":"normal"},{"symbol":" ","name":null,"type":"normal"},{"symbol":"‽","name":"Locked","type":"punishment"},{"symbol":"!","name":"Muted","type":"punishment"}]
|formats|,LL|,1|S/V Singles|[Gen 9] Random Battle,4f|[Gen 9] Unrated Random Battle,b|[Gen 9] Free-For-All Random Battle,7|[Gen 9] Random Battle (Blitz),4f|[Gen 9] Multi Random Battle,5|[Gen 9] OU,e|[Gen 9] Ubers,e|[Gen 9] UU,e|[Gen 9] RU,e|[Gen 9] NU,e|[Gen 9] PU,e|[Gen 9] LC,e|[Gen 9] Monotype,e|[Gen 9] CAP,e|[Gen 9] BSS Reg I,5e|[Gen 9] BSS Reg J,5c|[Gen 9] Custom Game,c|,1|S/V Doubles|[Gen 9] Random Doubles Battle,4f|[Gen 9] Doubles OU,e|[Gen 9] Doubles Ubers,e|[Gen 9] Doubles UU,e|[Gen 9] Doubles LC,c|[Gen 9] VGC 2023 Reg C,5c|[Gen 9] VGC 2023 Reg D,5c|[Gen 9] VGC 2024 Reg G,5c|[Gen 9] VGC 2026 Reg I,5e|[Gen 9] VGC 2026 Reg F,5e|[Gen 9] VGC 2026 Reg F (Bo3),1e|[Gen 9] Doubles Custom Game,c|,1|Unofficial Metagames|[Gen 9] 1v1,e|[Gen 9] 2v2 Doubles,e|[Gen 9] Anything Goes,e|[Gen 9] ZU,e|[Gen 9] Free-For-All,6|[Gen 9] LC UU,c|[Gen 9] NFE,c|[Gen 9] Ubers UU,c|,1|Draft|[Gen 9] Draft,8c|[Gen 9] 6v6 Doubles Draft,8c|[Gen 9] 4v4 Doubles Draft,dc|[Gen 9] NatDex Draft,8c|[Gen 9] NatDex 6v6 Doubles Draft,8c|[Gen 9] NatDex LC Draft,8c|[Gen 8] Draft,c|[Gen 8] NatDex Draft,c|[Gen 8] NatDex 4v4 Doubles Draft,1c|[Gen 7] Draft,c|[Gen 6] Draft,c|[Gen 5] Draft,c|[Gen 4] Draft,c|[Gen 3] Draft,c|,2|Ladder Spotlight|[Gen 9] BSS Factory (Bo3),1f|[Gen 9] Linked,e|[Gen 9] 350 Cup,e|[Gen 9] Pokebilities AAA,e|[Gen 9] 4v4 Doubles UU,5e|[Gen 9] National Dex RU,e|[Gen 6] Megas Revisited Random Battle,4f|[Gen 9] ChatBats,f|[Gen 4] Ubers,e|[Gen 6] NU,e|[Gen 4] VGC 2009,5e|,2|Other Metagames|[Gen 9] Almost Any Ability,e|[Gen 9] Balanced Hackmons,e|[Gen 9] Godly Gift,e|[Gen 9] Mix and Mega,e|[Gen 9] Shared Power,e|[Gen 9] STABmons,e|[Gen 6] Pure Hackmons,e|,2|Challengeable OMs|[Gen 9] 1-2 Switch,c|[Gen 9] Alphabet Cup,c|[Gen 9] Bad 'n Boosted,c|[Gen 9] Battlefields,c|[Gen 9] Bio Mech Mons,c|[Gen 9] Camomons,c|[Gen 9] Category Swap,c|[Gen 9] Convergence,c|[Gen 9] Cross Evolution,c|[Gen 9] Fervent Impersonation,c|[Gen 9] Flipped,c|[Gen 9] Foresighters,c|[Gen 9] Formemons,c|[Gen 9] Fortemons,c|[Gen 9] Frantic Fusions,c|[Gen 9] Full Potential,c|[Gen 9] Inheritance,c|[Gen 9] Inverse,c|[Gen 9] Nature Swap,c|[Gen 9] Partners in Crime,c|[Gen 9] Passive Aggressive,c|[Gen 9] Pokebilities,c|[Gen 9] Pokemoves,c|[Gen 9] Pure Hackmons,c|[Gen 9] Relay Race,c|[Gen 9] Revelationmons,c|[Gen 9] Sharing is Caring,c|[Gen 9] Tera Donation,c|[Gen 9] Tera Override,c|[Gen 9] The Card Game,c|[Gen 9] The Loser's Game,c|[Gen 9] Tier Shift,c|[Gen 9] Trademarked,c|[Gen 9] Triples,c|[Gen 9] Type Split,c|[Gen 9] VoltTurn Mayhem,c|[Gen 7] Pure Hackmons,c|,2|Temporary Tour Metas|[Gen 9] Mix and Mega LC,c|[Gen 8] Mix and Mega,c|[Gen 7] Mix and Mega,c|[Gen 6] Mix and Mega,c|,2|National Dex|[Gen 9] National Dex,e|[Gen 8] National Dex,e|,2|National Dex Other Tiers|[Gen 9] National Dex 35 Pokes,c|[Gen 9] National Dex Ubers,e|[Gen 9] National Dex UU,e|[Gen 9] National Dex Ubers UU,c|[Gen 9] National Dex LC,c|[Gen 9] National Dex Monotype,e|[Gen 9] National Dex Doubles,e|[Gen 9] National Dex Doubles Ubers,c|[Gen 9] National Dex 1v1,c|[Gen 9] National Dex AG,c|[Gen 9] National Dex AAA,c|[Gen 9] National Dex BH,c|[Gen 9] National Dex Godly Gift,c|[Gen 9] National Dex STABmons,c|[Gen 8] National Dex UU,c|[Gen 8] National Dex RU,c|[Gen 8] National Dex Doubles,e|[Gen 8] National Dex Monotype,c|[Gen 8 DLC 1] National Dex AG,c|,2|Pet Mods|[Gen 6] Megas Revisited,c|[Gen 9] Legends Z-A OU,e|,3|Randomized Metas|[Gen 9] Random Roulette,4f|[Gen 9] Super Staff Bros Ultimate,4f|[Gen 9] Monotype Random Battle,4f|[Gen 9] Random Battle (Shared Power, B12P6),4f|[Gen 9] Random Battle Mayhem,4f|[Gen 9] Battle Factory,4f|[Gen 9] 1v1 Factory,4f|[Gen 9] BSS Factory,5d|[Gen 9] Draft Factory,4d|[Gen 9] Baby Random Battle,4f|[Gen 9] Hackmons Cup,4f|[Gen 9] Doubles Hackmons Cup,4d|[Gen 9] Broken Cup,4f|[Gen 9] Challenge Cup 1v1,4f|[Gen 9] Challenge Cup 2v2,4f|[Gen 9] Challenge Cup 6v6,4d|[Gen 9] Metronome Battle,4e|[Gen 8] Random Battle,4f|[Gen 8] Random Doubles Battle,4d|[Gen 8] Free-For-All Random Battle,5|[Gen 8] Multi Random Battle,5|[Gen 8] Battle Factory,4d|[Gen 8] BSS Factory,5d|[Gen 8] Hackmons Cup,4d|[Gen 8] CAP 1v1,4d|[Gen 8 BDSP] Random Battle,4d|[Gen 7] Random Battle,4f|[Gen 7] Battle Factory,4d|[Gen 7] BSS Factory,5d|[Gen 7] Hackmons Cup,9|[Gen 7 Let's Go] Random Battle,4d|[Gen 6] Random Battle,4f|[Gen 6] Battle Factory,9|[Gen 5] Random Battle,4f|[Gen 4] Random Battle,4f|[Gen 3] Random Battle,4f|[Gen 2] Random Battle,4f|[Gen 1] Random Battle,4f|[Gen 1] Challenge Cup,9|[Gen 1] Hackmons Cup,9|,4|Past Gens OU|[Gen 8] OU,e|[Gen 7] OU,e|[Gen 6] OU,e|[Gen 5] OU,e|[Gen 4] OU,e|[Gen 3] OU,e|[Gen 2] OU,e|[Gen 1] OU,e|,4|Past Gens Doubles OU|[Gen 8] Doubles OU,e|[Gen 7] Doubles OU,e|[Gen 6] Doubles OU,e|[Gen 5] Doubles OU,c|[Gen 4] Doubles OU,c|[Gen 3] Doubles OU,c|,4|Sw/Sh Singles|[Gen 8] Ubers,c|[Gen 8] UU,c|[Gen 8] RU,c|[Gen 8] NU,c|[Gen 8] PU,c|[Gen 8] LC,c|[Gen 8] Monotype,c|[Gen 8] 1v1,c|[Gen 8] Anything Goes,c|[Gen 8] ZU,c|[Gen 8] CAP,c|[Gen 8] Battle Stadium Singles,5c|[Gen 8 BDSP] OU,c|[Gen 8 BDSP] Ubers,c|[Gen 8] Custom Game,c|,4|Sw/Sh Doubles|[Gen 8] Doubles Ubers,c|[Gen 8] Doubles UU,c|[Gen 8] VGC 2022,5c|[Gen 8] VGC 2021,5c|[Gen 8] VGC 2020,5c|[Gen 8 BDSP] Doubles OU,c|[Gen 8 BDSP] Battle Festival Doubles,1c|[Gen 8] Doubles Custom Game,c|,4|US/UM Singles|[Gen 7] Ubers,c|[Gen 7] UU,c|[Gen 7] RU,c|[Gen 7] NU,c|[Gen 7] PU,c|[Gen 7] LC,c|[Gen 7] Monotype,c|[Gen 7] 1v1,c|[Gen 7] Anything Goes,c|[Gen 7] ZU,c|[Gen 7] CAP,c|[Gen 7] Battle Spot Singles,5c|[Gen 7 Let's Go] OU,1c|[Gen 7] Custom Game,c|,4|US/UM Doubles|[Gen 7] Doubles UU,c|[Gen 7] VGC 2019,5c|[Gen 7] VGC 2018,5c|[Gen 7] VGC 2017,5c|[Gen 7] Battle Spot Doubles,5c|[Gen 7 Let's Go] Doubles OU,1c|[Gen 7] Doubles Custom Game,c|,4|OR/AS Singles|[Gen 6] Ubers,c|[Gen 6] UU,c|[Gen 6] RU,c|[Gen 6] PU,c|[Gen 6] LC,c|[Gen 6] Monotype,c|[Gen 6] 1v1,c|[Gen 6] Anything Goes,c|[Gen 6] ZU,c|[Gen 6] CAP,c|[Gen 6] Battle Spot Singles,5c|[Gen 6] Custom Game,c|,4|OR/AS Doubles/Triples|[Gen 6] VGC 2016,5c|[Gen 6] VGC 2015,5c|[Gen 6] VGC 2014,5c|[Gen 6] Battle Spot Doubles,5c|[Gen 6] Doubles Custom Game,c|[Gen 6] Battle Spot Triples,1c|[Gen 6] Triples Custom Game,c|,4|B2/W2 Singles|[Gen 5] Ubers,c|[Gen 5] UU,c|[Gen 5] RU,c|[Gen 5] NU,c|[Gen 5] PU,c|[Gen 5] Monotype,c|[Gen 5] LC,c|[Gen 5] 1v1,c|[Gen 5] CAP,c|[Gen 5] ZU,c|[Gen 5] BW1 OU,c|[Gen 5] GBU Singles,5c|[Gen 5] Custom Game,c|,4|B2/W2 Doubles|[Gen 5] VGC 2013,5c|[Gen 5] VGC 2012,5c|[Gen 5] VGC 2011,5c|[Gen 5] Doubles Custom Game,c|[Gen 5] Triples Custom Game,c|,4|DPP Singles|[Gen 4] UU,c|[Gen 4] NU,c|[Gen 4] LC,c|[Gen 4] Anything Goes,c|[Gen 4] 1v1,c|[Gen 4] CAP,c|[Gen 4] PU,c|[Gen 4] ZU,c|[Gen 4] Custom Game,c|,4|DPP Doubles|[Gen 4] VGC 2010,5c|[Gen 4] Doubles Custom Game,c|,4|Past Generations|[Gen 3] Ubers,c|[Gen 3] UU,c|[Gen 3] RU,c|[Gen 3] NU,c|[Gen 3] PU,c|[Gen 3] LC,c|[Gen 3] 1v1,c|[Gen 3] UUBL,c|[Gen 3] ZU,c|[Gen 3] ADV 200,c|[Gen 3] ADV 200 Doubles,c|[Gen 3] Orre Colosseum,4c|[Gen 3] Custom Game,c|[Gen 3] Doubles Custom Game,c|[Gen 2] Ubers,c|[Gen 2] UU,c|[Gen 2] NU,c|[Gen 2] PU,c|[Gen 2] 1v1,c|[Gen 2] ZU,c|[Gen 2] NC 2000,4c|[Gen 2] Stadium OU,c|[Gen 2] Custom Game,c|[Gen 1] Ubers,c|[Gen 1] UU,c|[Gen 1] NU,c|[Gen 1] PU,c|[Gen 1] ZU,c|[Gen 1] LC,c|[Gen 1] 1v1,c|[Gen 1] NC 1997,4c|[Gen 1] Japanese OU,c|[Gen 1] Stadium OU,c|[Gen 1] Tradebacks OU,c|[Gen 1] Custom Game,c
[2026-03-09 16:26:56,146][SimpleHeuristics 2][INFO] - [92m[1m<<<[0m |challstr|4|2bfc13794f5921d20a1c7163bc28e865d43773b79dcf6326668e2d748df6d1e714f401bb3ab9a55b8924d8a94f1c01db24c2316da966b33a3ad48a5ee32b93efc9ee08b9fa76f06a8b914f751f6cba9370827dac7cf4ecdeb01929c6c8da4c583e4be303a7fb3991c01083d2c00f29a9715572fb056a6ee7e48e91fcc014aff1
[2026-03-09 16:26:56,146][SimpleHeuristics 2][INFO] - Bypassing authentication request
[2026-03-09 16:26:56,146][SimpleHeuristics 2][INFO] - [93m[1m>>>[0m |/trn SimpleHeuristics 2,0,
[2026-03-09 16:26:56,149][SimpleHeuristics 2][INFO] - [92m[1m<<<[0m |updatesearch|{"searching":[],"games":null}
[2026-03-09 16:26:56,149][SimpleHeuristics 2][INFO] - [92m[1m<<<[0m |updateuser| SimpleHeuristics 2|1|1|{"blockChallenges":false,"blockPMs":false,"ignoreTickets":false,"hideBattlesFromTrainerCard":false,"blockInvites":false,"doNotDisturb":false,"blockFriendRequests":false,"allowFriendNotifications":false,"displayBattlesToFriends":false,"hideLogins":false,"hiddenNextBattle":false,"inviteOnlyNextBattle":false,"language":null}
[2026-03-09 16:26:56,149][SimpleHeuristics 2][INFO] - [92m[1m<<<[0m |updatesearch|{"searching":[],"games":null}
[2026-03-09 16:26:56,760][RandomPlayer 1][INFO] - Starting listening to showdown websocket
[2026-03-09 16:26:56,762][RandomPlayer 1][INFO] - [92m[1m<<<[0m |updateuser| Guest 32|0|169|{"blockChallenges":false,"blockPMs":false,"ignoreTickets":false,"hideBattlesFromTrainerCard":false,"blockInvites":false,"doNotDisturb":false,"blockFriendRequests":false,"allowFriendNotifications":false,"displayBattlesToFriends":false,"hideLogins":false,"hiddenNextBattle":false,"inviteOnlyNextBattle":false,"language":null}
|customgroups|[{"symbol":"~","name":"Administrator","type":"leadership"},{"symbol":"#","name":"Room Owner","type":"leadership"},{"symbol":"★","name":"Host","type":"leadership"},{"symbol":"@","name":"Moderator","type":"staff"},{"symbol":"%","name":"Driver","type":"staff"},{"symbol":"*","name":"Bot","type":"normal"},{"symbol":"☆","name":"Player","type":"normal"},{"symbol":"+","name":"Voice","type":"normal"},{"symbol":"^","name":"Prize Winner","type":"normal"},{"symbol":"whitelist","name":"Whitelist","type":"normal"},{"symbol":" ","name":null,"type":"normal"},{"symbol":"‽","name":"Locked","type":"punishment"},{"symbol":"!","name":"Muted","type":"punishment"}]
|formats|,LL|,1|S/V Singles|[Gen 9] Random Battle,4f|[Gen 9] Unrated Random Battle,b|[Gen 9] Free-For-All Random Battle,7|[Gen 9] Random Battle (Blitz),4f|[Gen 9] Multi Random Battle,5|[Gen 9] OU,e|[Gen 9] Ubers,e|[Gen 9] UU,e|[Gen 9] RU,e|[Gen 9] NU,e|[Gen 9] PU,e|[Gen 9] LC,e|[Gen 9] Monotype,e|[Gen 9] CAP,e|[Gen 9] BSS Reg I,5e|[Gen 9] BSS Reg J,5c|[Gen 9] Custom Game,c|,1|S/V Doubles|[Gen 9] Random Doubles Battle,4f|[Gen 9] Doubles OU,e|[Gen 9] Doubles Ubers,e|[Gen 9] Doubles UU,e|[Gen 9] Doubles LC,c|[Gen 9] VGC 2023 Reg C,5c|[Gen 9] VGC 2023 Reg D,5c|[Gen 9] VGC 2024 Reg G,5c|[Gen 9] VGC 2026 Reg I,5e|[Gen 9] VGC 2026 Reg F,5e|[Gen 9] VGC 2026 Reg F (Bo3),1e|[Gen 9] Doubles Custom Game,c|,1|Unofficial Metagames|[Gen 9] 1v1,e|[Gen 9] 2v2 Doubles,e|[Gen 9] Anything Goes,e|[Gen 9] ZU,e|[Gen 9] Free-For-All,6|[Gen 9] LC UU,c|[Gen 9] NFE,c|[Gen 9] Ubers UU,c|,1|Draft|[Gen 9] Draft,8c|[Gen 9] 6v6 Doubles Draft,8c|[Gen 9] 4v4 Doubles Draft,dc|[Gen 9] NatDex Draft,8c|[Gen 9] NatDex 6v6 Doubles Draft,8c|[Gen 9] NatDex LC Draft,8c|[Gen 8] Draft,c|[Gen 8] NatDex Draft,c|[Gen 8] NatDex 4v4 Doubles Draft,1c|[Gen 7] Draft,c|[Gen 6] Draft,c|[Gen 5] Draft,c|[Gen 4] Draft,c|[Gen 3] Draft,c|,2|Ladder Spotlight|[Gen 9] BSS Factory (Bo3),1f|[Gen 9] Linked,e|[Gen 9] 350 Cup,e|[Gen 9] Pokebilities AAA,e|[Gen 9] 4v4 Doubles UU,5e|[Gen 9] National Dex RU,e|[Gen 6] Megas Revisited Random Battle,4f|[Gen 9] ChatBats,f|[Gen 4] Ubers,e|[Gen 6] NU,e|[Gen 4] VGC 2009,5e|,2|Other Metagames|[Gen 9] Almost Any Ability,e|[Gen 9] Balanced Hackmons,e|[Gen 9] Godly Gift,e|[Gen 9] Mix and Mega,e|[Gen 9] Shared Power,e|[Gen 9] STABmons,e|[Gen 6] Pure Hackmons,e|,2|Challengeable OMs|[Gen 9] 1-2 Switch,c|[Gen 9] Alphabet Cup,c|[Gen 9] Bad 'n Boosted,c|[Gen 9] Battlefields,c|[Gen 9] Bio Mech Mons,c|[Gen 9] Camomons,c|[Gen 9] Category Swap,c|[Gen 9] Convergence,c|[Gen 9] Cross Evolution,c|[Gen 9] Fervent Impersonation,c|[Gen 9] Flipped,c|[Gen 9] Foresighters,c|[Gen 9] Formemons,c|[Gen 9] Fortemons,c|[Gen 9] Frantic Fusions,c|[Gen 9] Full Potential,c|[Gen 9] Inheritance,c|[Gen 9] Inverse,c|[Gen 9] Nature Swap,c|[Gen 9] Partners in Crime,c|[Gen 9] Passive Aggressive,c|[Gen 9] Pokebilities,c|[Gen 9] Pokemoves,c|[Gen 9] Pure Hackmons,c|[Gen 9] Relay Race,c|[Gen 9] Revelationmons,c|[Gen 9] Sharing is Caring,c|[Gen 9] Tera Donation,c|[Gen 9] Tera Override,c|[Gen 9] The Card Game,c|[Gen 9] The Loser's Game,c|[Gen 9] Tier Shift,c|[Gen 9] Trademarked,c|[Gen 9] Triples,c|[Gen 9] Type Split,c|[Gen 9] VoltTurn Mayhem,c|[Gen 7] Pure Hackmons,c|,2|Temporary Tour Metas|[Gen 9] Mix and Mega LC,c|[Gen 8] Mix and Mega,c|[Gen 7] Mix and Mega,c|[Gen 6] Mix and Mega,c|,2|National Dex|[Gen 9] National Dex,e|[Gen 8] National Dex,e|,2|National Dex Other Tiers|[Gen 9] National Dex 35 Pokes,c|[Gen 9] National Dex Ubers,e|[Gen 9] National Dex UU,e|[Gen 9] National Dex Ubers UU,c|[Gen 9] National Dex LC,c|[Gen 9] National Dex Monotype,e|[Gen 9] National Dex Doubles,e|[Gen 9] National Dex Doubles Ubers,c|[Gen 9] National Dex 1v1,c|[Gen 9] National Dex AG,c|[Gen 9] National Dex AAA,c|[Gen 9] National Dex BH,c|[Gen 9] National Dex Godly Gift,c|[Gen 9] National Dex STABmons,c|[Gen 8] National Dex UU,c|[Gen 8] National Dex RU,c|[Gen 8] National Dex Doubles,e|[Gen 8] National Dex Monotype,c|[Gen 8 DLC 1] National Dex AG,c|,2|Pet Mods|[Gen 6] Megas Revisited,c|[Gen 9] Legends Z-A OU,e|,3|Randomized Metas|[Gen 9] Random Roulette,4f|[Gen 9] Super Staff Bros Ultimate,4f|[Gen 9] Monotype Random Battle,4f|[Gen 9] Random Battle (Shared Power, B12P6),4f|[Gen 9] Random Battle Mayhem,4f|[Gen 9] Battle Factory,4f|[Gen 9] 1v1 Factory,4f|[Gen 9] BSS Factory,5d|[Gen 9] Draft Factory,4d|[Gen 9] Baby Random Battle,4f|[Gen 9] Hackmons Cup,4f|[Gen 9] Doubles Hackmons Cup,4d|[Gen 9] Broken Cup,4f|[Gen 9] Challenge Cup 1v1,4f|[Gen 9] Challenge Cup 2v2,4f|[Gen 9] Challenge Cup 6v6,4d|[Gen 9] Metronome Battle,4e|[Gen 8] Random Battle,4f|[Gen 8] Random Doubles Battle,4d|[Gen 8] Free-For-All Random Battle,5|[Gen 8] Multi Random Battle,5|[Gen 8] Battle Factory,4d|[Gen 8] BSS Factory,5d|[Gen 8] Hackmons Cup,4d|[Gen 8] CAP 1v1,4d|[Gen 8 BDSP] Random Battle,4d|[Gen 7] Random Battle,4f|[Gen 7] Battle Factory,4d|[Gen 7] BSS Factory,5d|[Gen 7] Hackmons Cup,9|[Gen 7 Let's Go] Random Battle,4d|[Gen 6] Random Battle,4f|[Gen 6] Battle Factory,9|[Gen 5] Random Battle,4f|[Gen 4] Random Battle,4f|[Gen 3] Random Battle,4f|[Gen 2] Random Battle,4f|[Gen 1] Random Battle,4f|[Gen 1] Challenge Cup,9|[Gen 1] Hackmons Cup,9|,4|Past Gens OU|[Gen 8] OU,e|[Gen 7] OU,e|[Gen 6] OU,e|[Gen 5] OU,e|[Gen 4] OU,e|[Gen 3] OU,e|[Gen 2] OU,e|[Gen 1] OU,e|,4|Past Gens Doubles OU|[Gen 8] Doubles OU,e|[Gen 7] Doubles OU,e|[Gen 6] Doubles OU,e|[Gen 5] Doubles OU,c|[Gen 4] Doubles OU,c|[Gen 3] Doubles OU,c|,4|Sw/Sh Singles|[Gen 8] Ubers,c|[Gen 8] UU,c|[Gen 8] RU,c|[Gen 8] NU,c|[Gen 8] PU,c|[Gen 8] LC,c|[Gen 8] Monotype,c|[Gen 8] 1v1,c|[Gen 8] Anything Goes,c|[Gen 8] ZU,c|[Gen 8] CAP,c|[Gen 8] Battle Stadium Singles,5c|[Gen 8 BDSP] OU,c|[Gen 8 BDSP] Ubers,c|[Gen 8] Custom Game,c|,4|Sw/Sh Doubles|[Gen 8] Doubles Ubers,c|[Gen 8] Doubles UU,c|[Gen 8] VGC 2022,5c|[Gen 8] VGC 2021,5c|[Gen 8] VGC 2020,5c|[Gen 8 BDSP] Doubles OU,c|[Gen 8 BDSP] Battle Festival Doubles,1c|[Gen 8] Doubles Custom Game,c|,4|US/UM Singles|[Gen 7] Ubers,c|[Gen 7] UU,c|[Gen 7] RU,c|[Gen 7] NU,c|[Gen 7] PU,c|[Gen 7] LC,c|[Gen 7] Monotype,c|[Gen 7] 1v1,c|[Gen 7] Anything Goes,c|[Gen 7] ZU,c|[Gen 7] CAP,c|[Gen 7] Battle Spot Singles,5c|[Gen 7 Let's Go] OU,1c|[Gen 7] Custom Game,c|,4|US/UM Doubles|[Gen 7] Doubles UU,c|[Gen 7] VGC 2019,5c|[Gen 7] VGC 2018,5c|[Gen 7] VGC 2017,5c|[Gen 7] Battle Spot Doubles,5c|[Gen 7 Let's Go] Doubles OU,1c|[Gen 7] Doubles Custom Game,c|,4|OR/AS Singles|[Gen 6] Ubers,c|[Gen 6] UU,c|[Gen 6] RU,c|[Gen 6] PU,c|[Gen 6] LC,c|[Gen 6] Monotype,c|[Gen 6] 1v1,c|[Gen 6] Anything Goes,c|[Gen 6] ZU,c|[Gen 6] CAP,c|[Gen 6] Battle Spot Singles,5c|[Gen 6] Custom Game,c|,4|OR/AS Doubles/Triples|[Gen 6] VGC 2016,5c|[Gen 6] VGC 2015,5c|[Gen 6] VGC 2014,5c|[Gen 6] Battle Spot Doubles,5c|[Gen 6] Doubles Custom Game,c|[Gen 6] Battle Spot Triples,1c|[Gen 6] Triples Custom Game,c|,4|B2/W2 Singles|[Gen 5] Ubers,c|[Gen 5] UU,c|[Gen 5] RU,c|[Gen 5] NU,c|[Gen 5] PU,c|[Gen 5] Monotype,c|[Gen 5] LC,c|[Gen 5] 1v1,c|[Gen 5] CAP,c|[Gen 5] ZU,c|[Gen 5] BW1 OU,c|[Gen 5] GBU Singles,5c|[Gen 5] Custom Game,c|,4|B2/W2 Doubles|[Gen 5] VGC 2013,5c|[Gen 5] VGC 2012,5c|[Gen 5] VGC 2011,5c|[Gen 5] Doubles Custom Game,c|[Gen 5] Triples Custom Game,c|,4|DPP Singles|[Gen 4] UU,c|[Gen 4] NU,c|[Gen 4] LC,c|[Gen 4] Anything Goes,c|[Gen 4] 1v1,c|[Gen 4] CAP,c|[Gen 4] PU,c|[Gen 4] ZU,c|[Gen 4] Custom Game,c|,4|DPP Doubles|[Gen 4] VGC 2010,5c|[Gen 4] Doubles Custom Game,c|,4|Past Generations|[Gen 3] Ubers,c|[Gen 3] UU,c|[Gen 3] RU,c|[Gen 3] NU,c|[Gen 3] PU,c|[Gen 3] LC,c|[Gen 3] 1v1,c|[Gen 3] UUBL,c|[Gen 3] ZU,c|[Gen 3] ADV 200,c|[Gen 3] ADV 200 Doubles,c|[Gen 3] Orre Colosseum,4c|[Gen 3] Custom Game,c|[Gen 3] Doubles Custom Game,c|[Gen 2] Ubers,c|[Gen 2] UU,c|[Gen 2] NU,c|[Gen 2] PU,c|[Gen 2] 1v1,c|[Gen 2] ZU,c|[Gen 2] NC 2000,4c|[Gen 2] Stadium OU,c|[Gen 2] Custom Game,c|[Gen 1] Ubers,c|[Gen 1] UU,c|[Gen 1] NU,c|[Gen 1] PU,c|[Gen 1] ZU,c|[Gen 1] LC,c|[Gen 1] 1v1,c|[Gen 1] NC 1997,4c|[Gen 1] Japanese OU,c|[Gen 1] Stadium OU,c|[Gen 1] Tradebacks OU,c|[Gen 1] Custom Game,c
[2026-03-09 16:26:56,762][RandomPlayer 1][INFO] - [92m[1m<<<[0m |challstr|4|7427de0215ad19e161c15b93126418ac20ec48aad3a3c72b0b2797ece9070ecfb5230d410ab4e56e189475fec5abe1a918262517239994b46fc91dfd1d8a7574a1d8e4655220aec6580b522ba0a727d21709656c11fe1e4c886232a9ee43176b0d3c73ed64800e6f4f03b2b5f7f8505a31931ac46c7f9ee06afd98177617a591
[2026-03-09 16:26:56,762][RandomPlayer 1][INFO] - Bypassing authentication request
[2026-03-09 16:26:56,763][RandomPlayer 1][INFO] - [93m[1m>>>[0m |/trn RandomPlayer 1,0,
[2026-03-09 16:26:56,764][RandomPlayer 1][INFO] - [92m[1m<<<[0m |updatesearch|{"searching":[],"games":null}
[2026-03-09 16:26:56,764][RandomPlayer 1][INFO] - [92m[1m<<<[0m |updateuser| RandomPlayer 1|1|2|{"blockChallenges":false,"blockPMs":false,"ignoreTickets":false,"hideBattlesFromTrainerCard":false,"blockInvites":false,"doNotDisturb":false,"blockFriendRequests":false,"allowFriendNotifications":false,"displayBattlesToFriends":false,"hideLogins":false,"hiddenNextBattle":false,"inviteOnlyNextBattle":false,"language":null}
[2026-03-09 16:26:56,764][RandomPlayer 1][INFO] - [92m[1m<<<[0m |updatesearch|{"searching":[],"games":null}
[2026-03-09 16:27:53,935][SimpleHeuristics 1][INFO] - Starting listening to showdown websocket
[2026-03-09 16:27:53,938][SimpleHeuristics 1][INFO] - [92m[1m<<<[0m |updateuser| Guest 35|0|266|{"blockChallenges":false,"blockPMs":false,"ignoreTickets":false,"hideBattlesFromTrainerCard":false,"blockInvites":false,"doNotDisturb":false,"blockFriendRequests":false,"allowFriendNotifications":false,"displayBattlesToFriends":false,"hideLogins":false,"hiddenNextBattle":false,"inviteOnlyNextBattle":false,"language":null}
|customgroups|[{"symbol":"~","name":"Administrator","type":"leadership"},{"symbol":"#","name":"Room Owner","type":"leadership"},{"symbol":"★","name":"Host","type":"leadership"},{"symbol":"@","name":"Moderator","type":"staff"},{"symbol":"%","name":"Driver","type":"staff"},{"symbol":"*","name":"Bot","type":"normal"},{"symbol":"☆","name":"Player","type":"normal"},{"symbol":"+","name":"Voice","type":"normal"},{"symbol":"^","name":"Prize Winner","type":"normal"},{"symbol":"whitelist","name":"Whitelist","type":"normal"},{"symbol":" ","name":null,"type":"normal"},{"symbol":"‽","name":"Locked","type":"punishment"},{"symbol":"!","name":"Muted","type":"punishment"}]
|formats|,LL|,1|S/V Singles|[Gen 9] Random Battle,4f|[Gen 9] Unrated Random Battle,b|[Gen 9] Free-For-All Random Battle,7|[Gen 9] Random Battle (Blitz),4f|[Gen 9] Multi Random Battle,5|[Gen 9] OU,e|[Gen 9] Ubers,e|[Gen 9] UU,e|[Gen 9] RU,e|[Gen 9] NU,e|[Gen 9] PU,e|[Gen 9] LC,e|[Gen 9] Monotype,e|[Gen 9] CAP,e|[Gen 9] BSS Reg I,5e|[Gen 9] BSS Reg J,5c|[Gen 9] Custom Game,c|,1|S/V Doubles|[Gen 9] Random Doubles Battle,4f|[Gen 9] Doubles OU,e|[Gen 9] Doubles Ubers,e|[Gen 9] Doubles UU,e|[Gen 9] Doubles LC,c|[Gen 9] VGC 2023 Reg C,5c|[Gen 9] VGC 2023 Reg D,5c|[Gen 9] VGC 2024 Reg G,5c|[Gen 9] VGC 2026 Reg I,5e|[Gen 9] VGC 2026 Reg F,5e|[Gen 9] VGC 2026 Reg F (Bo3),1e|[Gen 9] Doubles Custom Game,c|,1|Unofficial Metagames|[Gen 9] 1v1,e|[Gen 9] 2v2 Doubles,e|[Gen 9] Anything Goes,e|[Gen 9] ZU,e|[Gen 9] Free-For-All,6|[Gen 9] LC UU,c|[Gen 9] NFE,c|[Gen 9] Ubers UU,c|,1|Draft|[Gen 9] Draft,8c|[Gen 9] 6v6 Doubles Draft,8c|[Gen 9] 4v4 Doubles Draft,dc|[Gen 9] NatDex Draft,8c|[Gen 9] NatDex 6v6 Doubles Draft,8c|[Gen 9] NatDex LC Draft,8c|[Gen 8] Draft,c|[Gen 8] NatDex Draft,c|[Gen 8] NatDex 4v4 Doubles Draft,1c|[Gen 7] Draft,c|[Gen 6] Draft,c|[Gen 5] Draft,c|[Gen 4] Draft,c|[Gen 3] Draft,c|,2|Ladder Spotlight|[Gen 9] BSS Factory (Bo3),1f|[Gen 9] Linked,e|[Gen 9] 350 Cup,e|[Gen 9] Pokebilities AAA,e|[Gen 9] 4v4 Doubles UU,5e|[Gen 9] National Dex RU,e|[Gen 6] Megas Revisited Random Battle,4f|[Gen 9] ChatBats,f|[Gen 4] Ubers,e|[Gen 6] NU,e|[Gen 4] VGC 2009,5e|,2|Other Metagames|[Gen 9] Almost Any Ability,e|[Gen 9] Balanced Hackmons,e|[Gen 9] Godly Gift,e|[Gen 9] Mix and Mega,e|[Gen 9] Shared Power,e|[Gen 9] STABmons,e|[Gen 6] Pure Hackmons,e|,2|Challengeable OMs|[Gen 9] 1-2 Switch,c|[Gen 9] Alphabet Cup,c|[Gen 9] Bad 'n Boosted,c|[Gen 9] Battlefields,c|[Gen 9] Bio Mech Mons,c|[Gen 9] Camomons,c|[Gen 9] Category Swap,c|[Gen 9] Convergence,c|[Gen 9] Cross Evolution,c|[Gen 9] Fervent Impersonation,c|[Gen 9] Flipped,c|[Gen 9] Foresighters,c|[Gen 9] Formemons,c|[Gen 9] Fortemons,c|[Gen 9] Frantic Fusions,c|[Gen 9] Full Potential,c|[Gen 9] Inheritance,c|[Gen 9] Inverse,c|[Gen 9] Nature Swap,c|[Gen 9] Partners in Crime,c|[Gen 9] Passive Aggressive,c|[Gen 9] Pokebilities,c|[Gen 9] Pokemoves,c|[Gen 9] Pure Hackmons,c|[Gen 9] Relay Race,c|[Gen 9] Revelationmons,c|[Gen 9] Sharing is Caring,c|[Gen 9] Tera Donation,c|[Gen 9] Tera Override,c|[Gen 9] The Card Game,c|[Gen 9] The Loser's Game,c|[Gen 9] Tier Shift,c|[Gen 9] Trademarked,c|[Gen 9] Triples,c|[Gen 9] Type Split,c|[Gen 9] VoltTurn Mayhem,c|[Gen 7] Pure Hackmons,c|,2|Temporary Tour Metas|[Gen 9] Mix and Mega LC,c|[Gen 8] Mix and Mega,c|[Gen 7] Mix and Mega,c|[Gen 6] Mix and Mega,c|,2|National Dex|[Gen 9] National Dex,e|[Gen 8] National Dex,e|,2|National Dex Other Tiers|[Gen 9] National Dex 35 Pokes,c|[Gen 9] National Dex Ubers,e|[Gen 9] National Dex UU,e|[Gen 9] National Dex Ubers UU,c|[Gen 9] National Dex LC,c|[Gen 9] National Dex Monotype,e|[Gen 9] National Dex Doubles,e|[Gen 9] National Dex Doubles Ubers,c|[Gen 9] National Dex 1v1,c|[Gen 9] National Dex AG,c|[Gen 9] National Dex AAA,c|[Gen 9] National Dex BH,c|[Gen 9] National Dex Godly Gift,c|[Gen 9] National Dex STABmons,c|[Gen 8] National Dex UU,c|[Gen 8] National Dex RU,c|[Gen 8] National Dex Doubles,e|[Gen 8] National Dex Monotype,c|[Gen 8 DLC 1] National Dex AG,c|,2|Pet Mods|[Gen 6] Megas Revisited,c|[Gen 9] Legends Z-A OU,e|,3|Randomized Metas|[Gen 9] Random Roulette,4f|[Gen 9] Super Staff Bros Ultimate,4f|[Gen 9] Monotype Random Battle,4f|[Gen 9] Random Battle (Shared Power, B12P6),4f|[Gen 9] Random Battle Mayhem,4f|[Gen 9] Battle Factory,4f|[Gen 9] 1v1 Factory,4f|[Gen 9] BSS Factory,5d|[Gen 9] Draft Factory,4d|[Gen 9] Baby Random Battle,4f|[Gen 9] Hackmons Cup,4f|[Gen 9] Doubles Hackmons Cup,4d|[Gen 9] Broken Cup,4f|[Gen 9] Challenge Cup 1v1,4f|[Gen 9] Challenge Cup 2v2,4f|[Gen 9] Challenge Cup 6v6,4d|[Gen 9] Metronome Battle,4e|[Gen 8] Random Battle,4f|[Gen 8] Random Doubles Battle,4d|[Gen 8] Free-For-All Random Battle,5|[Gen 8] Multi Random Battle,5|[Gen 8] Battle Factory,4d|[Gen 8] BSS Factory,5d|[Gen 8] Hackmons Cup,4d|[Gen 8] CAP 1v1,4d|[Gen 8 BDSP] Random Battle,4d|[Gen 7] Random Battle,4f|[Gen 7] Battle Factory,4d|[Gen 7] BSS Factory,5d|[Gen 7] Hackmons Cup,9|[Gen 7 Let's Go] Random Battle,4d|[Gen 6] Random Battle,4f|[Gen 6] Battle Factory,9|[Gen 5] Random Battle,4f|[Gen 4] Random Battle,4f|[Gen 3] Random Battle,4f|[Gen 2] Random Battle,4f|[Gen 1] Random Battle,4f|[Gen 1] Challenge Cup,9|[Gen 1] Hackmons Cup,9|,4|Past Gens OU|[Gen 8] OU,e|[Gen 7] OU,e|[Gen 6] OU,e|[Gen 5] OU,e|[Gen 4] OU,e|[Gen 3] OU,e|[Gen 2] OU,e|[Gen 1] OU,e|,4|Past Gens Doubles OU|[Gen 8] Doubles OU,e|[Gen 7] Doubles OU,e|[Gen 6] Doubles OU,e|[Gen 5] Doubles OU,c|[Gen 4] Doubles OU,c|[Gen 3] Doubles OU,c|,4|Sw/Sh Singles|[Gen 8] Ubers,c|[Gen 8] UU,c|[Gen 8] RU,c|[Gen 8] NU,c|[Gen 8] PU,c|[Gen 8] LC,c|[Gen 8] Monotype,c|[Gen 8] 1v1,c|[Gen 8] Anything Goes,c|[Gen 8] ZU,c|[Gen 8] CAP,c|[Gen 8] Battle Stadium Singles,5c|[Gen 8 BDSP] OU,c|[Gen 8 BDSP] Ubers,c|[Gen 8] Custom Game,c|,4|Sw/Sh Doubles|[Gen 8] Doubles Ubers,c|[Gen 8] Doubles UU,c|[Gen 8] VGC 2022,5c|[Gen 8] VGC 2021,5c|[Gen 8] VGC 2020,5c|[Gen 8 BDSP] Doubles OU,c|[Gen 8 BDSP] Battle Festival Doubles,1c|[Gen 8] Doubles Custom Game,c|,4|US/UM Singles|[Gen 7] Ubers,c|[Gen 7] UU,c|[Gen 7] RU,c|[Gen 7] NU,c|[Gen 7] PU,c|[Gen 7] LC,c|[Gen 7] Monotype,c|[Gen 7] 1v1,c|[Gen 7] Anything Goes,c|[Gen 7] ZU,c|[Gen 7] CAP,c|[Gen 7] Battle Spot Singles,5c|[Gen 7 Let's Go] OU,1c|[Gen 7] Custom Game,c|,4|US/UM Doubles|[Gen 7] Doubles UU,c|[Gen 7] VGC 2019,5c|[Gen 7] VGC 2018,5c|[Gen 7] VGC 2017,5c|[Gen 7] Battle Spot Doubles,5c|[Gen 7 Let's Go] Doubles OU,1c|[Gen 7] Doubles Custom Game,c|,4|OR/AS Singles|[Gen 6] Ubers,c|[Gen 6] UU,c|[Gen 6] RU,c|[Gen 6] PU,c|[Gen 6] LC,c|[Gen 6] Monotype,c|[Gen 6] 1v1,c|[Gen 6] Anything Goes,c|[Gen 6] ZU,c|[Gen 6] CAP,c|[Gen 6] Battle Spot Singles,5c|[Gen 6] Custom Game,c|,4|OR/AS Doubles/Triples|[Gen 6] VGC 2016,5c|[Gen 6] VGC 2015,5c|[Gen 6] VGC 2014,5c|[Gen 6] Battle Spot Doubles,5c|[Gen 6] Doubles Custom Game,c|[Gen 6] Battle Spot Triples,1c|[Gen 6] Triples Custom Game,c|,4|B2/W2 Singles|[Gen 5] Ubers,c|[Gen 5] UU,c|[Gen 5] RU,c|[Gen 5] NU,c|[Gen 5] PU,c|[Gen 5] Monotype,c|[Gen 5] LC,c|[Gen 5] 1v1,c|[Gen 5] CAP,c|[Gen 5] ZU,c|[Gen 5] BW1 OU,c|[Gen 5] GBU Singles,5c|[Gen 5] Custom Game,c|,4|B2/W2 Doubles|[Gen 5] VGC 2013,5c|[Gen 5] VGC 2012,5c|[Gen 5] VGC 2011,5c|[Gen 5] Doubles Custom Game,c|[Gen 5] Triples Custom Game,c|,4|DPP Singles|[Gen 4] UU,c|[Gen 4] NU,c|[Gen 4] LC,c|[Gen 4] Anything Goes,c|[Gen 4] 1v1,c|[Gen 4] CAP,c|[Gen 4] PU,c|[Gen 4] ZU,c|[Gen 4] Custom Game,c|,4|DPP Doubles|[Gen 4] VGC 2010,5c|[Gen 4] Doubles Custom Game,c|,4|Past Generations|[Gen 3] Ubers,c|[Gen 3] UU,c|[Gen 3] RU,c|[Gen 3] NU,c|[Gen 3] PU,c|[Gen 3] LC,c|[Gen 3] 1v1,c|[Gen 3] UUBL,c|[Gen 3] ZU,c|[Gen 3] ADV 200,c|[Gen 3] ADV 200 Doubles,c|[Gen 3] Orre Colosseum,4c|[Gen 3] Custom Game,c|[Gen 3] Doubles Custom Game,c|[Gen 2] Ubers,c|[Gen 2] UU,c|[Gen 2] NU,c|[Gen 2] PU,c|[Gen 2] 1v1,c|[Gen 2] ZU,c|[Gen 2] NC 2000,4c|[Gen 2] Stadium OU,c|[Gen 2] Custom Game,c|[Gen 1] Ubers,c|[Gen 1] UU,c|[Gen 1] NU,c|[Gen 1] PU,c|[Gen 1] ZU,c|[Gen 1] LC,c|[Gen 1] 1v1,c|[Gen 1] NC 1997,4c|[Gen 1] Japanese OU,c|[Gen 1] Stadium OU,c|[Gen 1] Tradebacks OU,c|[Gen 1] Custom Game,c
[2026-03-09 16:27:53,939][SimpleHeuristics 1][INFO] - [92m[1m<<<[0m |challstr|4|335b90f60ae63ae7a8101222a6b86c5b77eb61efa673015324d170f2a5b1234d31a9e94397fa10403600ed116b3dcee0ca70433713162e8185ea54cf99f7d4d3f07b2c98828d12ec6cd1a0a56dac8b028b6531f3647731663768129a0b75c1f6855ac237ac77b8e175c9391125fac6fd99201d1dc7fbf003b3e43b9b4654cfd9
[2026-03-09 16:27:53,939][SimpleHeuristics 1][INFO] - Bypassing authentication request
[2026-03-09 16:27:53,939][SimpleHeuristics 1][INFO] - [93m[1m>>>[0m |/trn SimpleHeuristics 1,0,
[2026-03-09 16:27:53,939][SimpleHeuristics 1][INFO] - [92m[1m<<<[0m |updatesearch|{"searching":[],"games":null}
[2026-03-09 16:27:53,939][SimpleHeuristics 1][INFO] - [92m[1m<<<[0m |updateuser| SimpleHeuristics 1|1|102|{"blockChallenges":false,"blockPMs":false,"ignoreTickets":false,"hideBattlesFromTrainerCard":false,"blockInvites":false,"doNotDisturb":false,"blockFriendRequests":false,"allowFriendNotifications":false,"displayBattlesToFriends":false,"hideLogins":false,"hiddenNextBattle":false,"inviteOnlyNextBattle":false,"language":null}
[2026-03-09 16:27:53,940][SimpleHeuristics 1][INFO] - [92m[1m<<<[0m |updatesearch|{"searching":[],"games":null}
[2026-03-09 16:27:53,942][SimpleHeuristics 2][INFO] - Starting listening to showdown websocket
[2026-03-09 16:27:53,944][SimpleHeuristics 2][INFO] - [92m[1m<<<[0m |updateuser| Guest 38|0|169|{"blockChallenges":false,"blockPMs":false,"ignoreTickets":false,"hideBattlesFromTrainerCard":false,"blockInvites":false,"doNotDisturb":false,"blockFriendRequests":false,"allowFriendNotifications":false,"displayBattlesToFriends":false,"hideLogins":false,"hiddenNextBattle":false,"inviteOnlyNextBattle":false,"language":null}
|customgroups|[{"symbol":"~","name":"Administrator","type":"leadership"},{"symbol":"#","name":"Room Owner","type":"leadership"},{"symbol":"★","name":"Host","type":"leadership"},{"symbol":"@","name":"Moderator","type":"staff"},{"symbol":"%","name":"Driver","type":"staff"},{"symbol":"*","name":"Bot","type":"normal"},{"symbol":"☆","name":"Player","type":"normal"},{"symbol":"+","name":"Voice","type":"normal"},{"symbol":"^","name":"Prize Winner","type":"normal"},{"symbol":"whitelist","name":"Whitelist","type":"normal"},{"symbol":" ","name":null,"type":"normal"},{"symbol":"‽","name":"Locked","type":"punishment"},{"symbol":"!","name":"Muted","type":"punishment"}]
|formats|,LL|,1|S/V Singles|[Gen 9] Random Battle,4f|[Gen 9] Unrated Random Battle,b|[Gen 9] Free-For-All Random Battle,7|[Gen 9] Random Battle (Blitz),4f|[Gen 9] Multi Random Battle,5|[Gen 9] OU,e|[Gen 9] Ubers,e|[Gen 9] UU,e|[Gen 9] RU,e|[Gen 9] NU,e|[Gen 9] PU,e|[Gen 9] LC,e|[Gen 9] Monotype,e|[Gen 9] CAP,e|[Gen 9] BSS Reg I,5e|[Gen 9] BSS Reg J,5c|[Gen 9] Custom Game,c|,1|S/V Doubles|[Gen 9] Random Doubles Battle,4f|[Gen 9] Doubles OU,e|[Gen 9] Doubles Ubers,e|[Gen 9] Doubles UU,e|[Gen 9] Doubles LC,c|[Gen 9] VGC 2023 Reg C,5c|[Gen 9] VGC 2023 Reg D,5c|[Gen 9] VGC 2024 Reg G,5c|[Gen 9] VGC 2026 Reg I,5e|[Gen 9] VGC 2026 Reg F,5e|[Gen 9] VGC 2026 Reg F (Bo3),1e|[Gen 9] Doubles Custom Game,c|,1|Unofficial Metagames|[Gen 9] 1v1,e|[Gen 9] 2v2 Doubles,e|[Gen 9] Anything Goes,e|[Gen 9] ZU,e|[Gen 9] Free-For-All,6|[Gen 9] LC UU,c|[Gen 9] NFE,c|[Gen 9] Ubers UU,c|,1|Draft|[Gen 9] Draft,8c|[Gen 9] 6v6 Doubles Draft,8c|[Gen 9] 4v4 Doubles Draft,dc|[Gen 9] NatDex Draft,8c|[Gen 9] NatDex 6v6 Doubles Draft,8c|[Gen 9] NatDex LC Draft,8c|[Gen 8] Draft,c|[Gen 8] NatDex Draft,c|[Gen 8] NatDex 4v4 Doubles Draft,1c|[Gen 7] Draft,c|[Gen 6] Draft,c|[Gen 5] Draft,c|[Gen 4] Draft,c|[Gen 3] Draft,c|,2|Ladder Spotlight|[Gen 9] BSS Factory (Bo3),1f|[Gen 9] Linked,e|[Gen 9] 350 Cup,e|[Gen 9] Pokebilities AAA,e|[Gen 9] 4v4 Doubles UU,5e|[Gen 9] National Dex RU,e|[Gen 6] Megas Revisited Random Battle,4f|[Gen 9] ChatBats,f|[Gen 4] Ubers,e|[Gen 6] NU,e|[Gen 4] VGC 2009,5e|,2|Other Metagames|[Gen 9] Almost Any Ability,e|[Gen 9] Balanced Hackmons,e|[Gen 9] Godly Gift,e|[Gen 9] Mix and Mega,e|[Gen 9] Shared Power,e|[Gen 9] STABmons,e|[Gen 6] Pure Hackmons,e|,2|Challengeable OMs|[Gen 9] 1-2 Switch,c|[Gen 9] Alphabet Cup,c|[Gen 9] Bad 'n Boosted,c|[Gen 9] Battlefields,c|[Gen 9] Bio Mech Mons,c|[Gen 9] Camomons,c|[Gen 9] Category Swap,c|[Gen 9] Convergence,c|[Gen 9] Cross Evolution,c|[Gen 9] Fervent Impersonation,c|[Gen 9] Flipped,c|[Gen 9] Foresighters,c|[Gen 9] Formemons,c|[Gen 9] Fortemons,c|[Gen 9] Frantic Fusions,c|[Gen 9] Full Potential,c|[Gen 9] Inheritance,c|[Gen 9] Inverse,c|[Gen 9] Nature Swap,c|[Gen 9] Partners in Crime,c|[Gen 9] Passive Aggressive,c|[Gen 9] Pokebilities,c|[Gen 9] Pokemoves,c|[Gen 9] Pure Hackmons,c|[Gen 9] Relay Race,c|[Gen 9] Revelationmons,c|[Gen 9] Sharing is Caring,c|[Gen 9] Tera Donation,c|[Gen 9] Tera Override,c|[Gen 9] The Card Game,c|[Gen 9] The Loser's Game,c|[Gen 9] Tier Shift,c|[Gen 9] Trademarked,c|[Gen 9] Triples,c|[Gen 9] Type Split,c|[Gen 9] VoltTurn Mayhem,c|[Gen 7] Pure Hackmons,c|,2|Temporary Tour Metas|[Gen 9] Mix and Mega LC,c|[Gen 8] Mix and Mega,c|[Gen 7] Mix and Mega,c|[Gen 6] Mix and Mega,c|,2|National Dex|[Gen 9] National Dex,e|[Gen 8] National Dex,e|,2|National Dex Other Tiers|[Gen 9] National Dex 35 Pokes,c|[Gen 9] National Dex Ubers,e|[Gen 9] National Dex UU,e|[Gen 9] National Dex Ubers UU,c|[Gen 9] National Dex LC,c|[Gen 9] National Dex Monotype,e|[Gen 9] National Dex Doubles,e|[Gen 9] National Dex Doubles Ubers,c|[Gen 9] National Dex 1v1,c|[Gen 9] National Dex AG,c|[Gen 9] National Dex AAA,c|[Gen 9] National Dex BH,c|[Gen 9] National Dex Godly Gift,c|[Gen 9] National Dex STABmons,c|[Gen 8] National Dex UU,c|[Gen 8] National Dex RU,c|[Gen 8] National Dex Doubles,e|[Gen 8] National Dex Monotype,c|[Gen 8 DLC 1] National Dex AG,c|,2|Pet Mods|[Gen 6] Megas Revisited,c|[Gen 9] Legends Z-A OU,e|,3|Randomized Metas|[Gen 9] Random Roulette,4f|[Gen 9] Super Staff Bros Ultimate,4f|[Gen 9] Monotype Random Battle,4f|[Gen 9] Random Battle (Shared Power, B12P6),4f|[Gen 9] Random Battle Mayhem,4f|[Gen 9] Battle Factory,4f|[Gen 9] 1v1 Factory,4f|[Gen 9] BSS Factory,5d|[Gen 9] Draft Factory,4d|[Gen 9] Baby Random Battle,4f|[Gen 9] Hackmons Cup,4f|[Gen 9] Doubles Hackmons Cup,4d|[Gen 9] Broken Cup,4f|[Gen 9] Challenge Cup 1v1,4f|[Gen 9] Challenge Cup 2v2,4f|[Gen 9] Challenge Cup 6v6,4d|[Gen 9] Metronome Battle,4e|[Gen 8] Random Battle,4f|[Gen 8] Random Doubles Battle,4d|[Gen 8] Free-For-All Random Battle,5|[Gen 8] Multi Random Battle,5|[Gen 8] Battle Factory,4d|[Gen 8] BSS Factory,5d|[Gen 8] Hackmons Cup,4d|[Gen 8] CAP 1v1,4d|[Gen 8 BDSP] Random Battle,4d|[Gen 7] Random Battle,4f|[Gen 7] Battle Factory,4d|[Gen 7] BSS Factory,5d|[Gen 7] Hackmons Cup,9|[Gen 7 Let's Go] Random Battle,4d|[Gen 6] Random Battle,4f|[Gen 6] Battle Factory,9|[Gen 5] Random Battle,4f|[Gen 4] Random Battle,4f|[Gen 3] Random Battle,4f|[Gen 2] Random Battle,4f|[Gen 1] Random Battle,4f|[Gen 1] Challenge Cup,9|[Gen 1] Hackmons Cup,9|,4|Past Gens OU|[Gen 8] OU,e|[Gen 7] OU,e|[Gen 6] OU,e|[Gen 5] OU,e|[Gen 4] OU,e|[Gen 3] OU,e|[Gen 2] OU,e|[Gen 1] OU,e|,4|Past Gens Doubles OU|[Gen 8] Doubles OU,e|[Gen 7] Doubles OU,e|[Gen 6] Doubles OU,e|[Gen 5] Doubles OU,c|[Gen 4] Doubles OU,c|[Gen 3] Doubles OU,c|,4|Sw/Sh Singles|[Gen 8] Ubers,c|[Gen 8] UU,c|[Gen 8] RU,c|[Gen 8] NU,c|[Gen 8] PU,c|[Gen 8] LC,c|[Gen 8] Monotype,c|[Gen 8] 1v1,c|[Gen 8] Anything Goes,c|[Gen 8] ZU,c|[Gen 8] CAP,c|[Gen 8] Battle Stadium Singles,5c|[Gen 8 BDSP] OU,c|[Gen 8 BDSP] Ubers,c|[Gen 8] Custom Game,c|,4|Sw/Sh Doubles|[Gen 8] Doubles Ubers,c|[Gen 8] Doubles UU,c|[Gen 8] VGC 2022,5c|[Gen 8] VGC 2021,5c|[Gen 8] VGC 2020,5c|[Gen 8 BDSP] Doubles OU,c|[Gen 8 BDSP] Battle Festival Doubles,1c|[Gen 8] Doubles Custom Game,c|,4|US/UM Singles|[Gen 7] Ubers,c|[Gen 7] UU,c|[Gen 7] RU,c|[Gen 7] NU,c|[Gen 7] PU,c|[Gen 7] LC,c|[Gen 7] Monotype,c|[Gen 7] 1v1,c|[Gen 7] Anything Goes,c|[Gen 7] ZU,c|[Gen 7] CAP,c|[Gen 7] Battle Spot Singles,5c|[Gen 7 Let's Go] OU,1c|[Gen 7] Custom Game,c|,4|US/UM Doubles|[Gen 7] Doubles UU,c|[Gen 7] VGC 2019,5c|[Gen 7] VGC 2018,5c|[Gen 7] VGC 2017,5c|[Gen 7] Battle Spot Doubles,5c|[Gen 7 Let's Go] Doubles OU,1c|[Gen 7] Doubles Custom Game,c|,4|OR/AS Singles|[Gen 6] Ubers,c|[Gen 6] UU,c|[Gen 6] RU,c|[Gen 6] PU,c|[Gen 6] LC,c|[Gen 6] Monotype,c|[Gen 6] 1v1,c|[Gen 6] Anything Goes,c|[Gen 6] ZU,c|[Gen 6] CAP,c|[Gen 6] Battle Spot Singles,5c|[Gen 6] Custom Game,c|,4|OR/AS Doubles/Triples|[Gen 6] VGC 2016,5c|[Gen 6] VGC 2015,5c|[Gen 6] VGC 2014,5c|[Gen 6] Battle Spot Doubles,5c|[Gen 6] Doubles Custom Game,c|[Gen 6] Battle Spot Triples,1c|[Gen 6] Triples Custom Game,c|,4|B2/W2 Singles|[Gen 5] Ubers,c|[Gen 5] UU,c|[Gen 5] RU,c|[Gen 5] NU,c|[Gen 5] PU,c|[Gen 5] Monotype,c|[Gen 5] LC,c|[Gen 5] 1v1,c|[Gen 5] CAP,c|[Gen 5] ZU,c|[Gen 5] BW1 OU,c|[Gen 5] GBU Singles,5c|[Gen 5] Custom Game,c|,4|B2/W2 Doubles|[Gen 5] VGC 2013,5c|[Gen 5] VGC 2012,5c|[Gen 5] VGC 2011,5c|[Gen 5] Doubles Custom Game,c|[Gen 5] Triples Custom Game,c|,4|DPP Singles|[Gen 4] UU,c|[Gen 4] NU,c|[Gen 4] LC,c|[Gen 4] Anything Goes,c|[Gen 4] 1v1,c|[Gen 4] CAP,c|[Gen 4] PU,c|[Gen 4] ZU,c|[Gen 4] Custom Game,c|,4|DPP Doubles|[Gen 4] VGC 2010,5c|[Gen 4] Doubles Custom Game,c|,4|Past Generations|[Gen 3] Ubers,c|[Gen 3] UU,c|[Gen 3] RU,c|[Gen 3] NU,c|[Gen 3] PU,c|[Gen 3] LC,c|[Gen 3] 1v1,c|[Gen 3] UUBL,c|[Gen 3] ZU,c|[Gen 3] ADV 200,c|[Gen 3] ADV 200 Doubles,c|[Gen 3] Orre Colosseum,4c|[Gen 3] Custom Game,c|[Gen 3] Doubles Custom Game,c|[Gen 2] Ubers,c|[Gen 2] UU,c|[Gen 2] NU,c|[Gen 2] PU,c|[Gen 2] 1v1,c|[Gen 2] ZU,c|[Gen 2] NC 2000,4c|[Gen 2] Stadium OU,c|[Gen 2] Custom Game,c|[Gen 1] Ubers,c|[Gen 1] UU,c|[Gen 1] NU,c|[Gen 1] PU,c|[Gen 1] ZU,c|[Gen 1] LC,c|[Gen 1] 1v1,c|[Gen 1] NC 1997,4c|[Gen 1] Japanese OU,c|[Gen 1] Stadium OU,c|[Gen 1] Tradebacks OU,c|[Gen 1] Custom Game,c
[2026-03-09 16:27:53,945][SimpleHeuristics 2][INFO] - [92m[1m<<<[0m |challstr|4|75630214a434582fd5f28df69b4ad2a13160634532df57257205f1f16e90adb9875cd5f9b95a3923cf5a4ba297d686dcef42c931febb799c47075457ea08aca679999c0b0ee899d6b6e8f530ce3db08aca57141e95de85841d8784c2d072051fc955770cae7727231b760e9d6361fd165d081e53d8930553b591f49cd070fb0b
[2026-03-09 16:27:53,945][SimpleHeuristics 2][INFO] - Bypassing authentication request
[2026-03-09 16:27:53,945][SimpleHeuristics 2][INFO] - [93m[1m>>>[0m |/trn SimpleHeuristics 2,0,
[2026-03-09 16:27:53,945][SimpleHeuristics 2][INFO] - [92m[1m<<<[0m |updatesearch|{"searching":[],"games":null}
[2026-03-09 16:27:53,945][SimpleHeuristics 2][INFO] - [92m[1m<<<[0m |updateuser| SimpleHeuristics 2|1|1|{"blockChallenges":false,"blockPMs":false,"ignoreTickets":false,"hideBattlesFromTrainerCard":false,"blockInvites":false,"doNotDisturb":false,"blockFriendRequests":false,"allowFriendNotifications":false,"displayBattlesToFriends":false,"hideLogins":false,"hiddenNextBattle":false,"inviteOnlyNextBattle":false,"language":null}
[2026-03-09 16:27:53,946][SimpleHeuristics 2][INFO] - [92m[1m<<<[0m |updatesearch|{"searching":[],"games":null}
[2026-03-09 16:27:54,654][RandomPlayer 1][INFO] - Starting listening to showdown websocket
[2026-03-09 16:27:54,656][RandomPlayer 1][INFO] - [92m[1m<<<[0m |updateuser| Guest 41|0|101|{"blockChallenges":false,"blockPMs":false,"ignoreTickets":false,"hideBattlesFromTrainerCard":false,"blockInvites":false,"doNotDisturb":false,"blockFriendRequests":false,"allowFriendNotifications":false,"displayBattlesToFriends":false,"hideLogins":false,"hiddenNextBattle":false,"inviteOnlyNextBattle":false,"language":null}
|customgroups|[{"symbol":"~","name":"Administrator","type":"leadership"},{"symbol":"#","name":"Room Owner","type":"leadership"},{"symbol":"★","name":"Host","type":"leadership"},{"symbol":"@","name":"Moderator","type":"staff"},{"symbol":"%","name":"Driver","type":"staff"},{"symbol":"*","name":"Bot","type":"normal"},{"symbol":"☆","name":"Player","type":"normal"},{"symbol":"+","name":"Voice","type":"normal"},{"symbol":"^","name":"Prize Winner","type":"normal"},{"symbol":"whitelist","name":"Whitelist","type":"normal"},{"symbol":" ","name":null,"type":"normal"},{"symbol":"‽","name":"Locked","type":"punishment"},{"symbol":"!","name":"Muted","type":"punishment"}]
|formats|,LL|,1|S/V Singles|[Gen 9] Random Battle,4f|[Gen 9] Unrated Random Battle,b|[Gen 9] Free-For-All Random Battle,7|[Gen 9] Random Battle (Blitz),4f|[Gen 9] Multi Random Battle,5|[Gen 9] OU,e|[Gen 9] Ubers,e|[Gen 9] UU,e|[Gen 9] RU,e|[Gen 9] NU,e|[Gen 9] PU,e|[Gen 9] LC,e|[Gen 9] Monotype,e|[Gen 9] CAP,e|[Gen 9] BSS Reg I,5e|[Gen 9] BSS Reg J,5c|[Gen 9] Custom Game,c|,1|S/V Doubles|[Gen 9] Random Doubles Battle,4f|[Gen 9] Doubles OU,e|[Gen 9] Doubles Ubers,e|[Gen 9] Doubles UU,e|[Gen 9] Doubles LC,c|[Gen 9] VGC 2023 Reg C,5c|[Gen 9] VGC 2023 Reg D,5c|[Gen 9] VGC 2024 Reg G,5c|[Gen 9] VGC 2026 Reg I,5e|[Gen 9] VGC 2026 Reg F,5e|[Gen 9] VGC 2026 Reg F (Bo3),1e|[Gen 9] Doubles Custom Game,c|,1|Unofficial Metagames|[Gen 9] 1v1,e|[Gen 9] 2v2 Doubles,e|[Gen 9] Anything Goes,e|[Gen 9] ZU,e|[Gen 9] Free-For-All,6|[Gen 9] LC UU,c|[Gen 9] NFE,c|[Gen 9] Ubers UU,c|,1|Draft|[Gen 9] Draft,8c|[Gen 9] 6v6 Doubles Draft,8c|[Gen 9] 4v4 Doubles Draft,dc|[Gen 9] NatDex Draft,8c|[Gen 9] NatDex 6v6 Doubles Draft,8c|[Gen 9] NatDex LC Draft,8c|[Gen 8] Draft,c|[Gen 8] NatDex Draft,c|[Gen 8] NatDex 4v4 Doubles Draft,1c|[Gen 7] Draft,c|[Gen 6] Draft,c|[Gen 5] Draft,c|[Gen 4] Draft,c|[Gen 3] Draft,c|,2|Ladder Spotlight|[Gen 9] BSS Factory (Bo3),1f|[Gen 9] Linked,e|[Gen 9] 350 Cup,e|[Gen 9] Pokebilities AAA,e|[Gen 9] 4v4 Doubles UU,5e|[Gen 9] National Dex RU,e|[Gen 6] Megas Revisited Random Battle,4f|[Gen 9] ChatBats,f|[Gen 4] Ubers,e|[Gen 6] NU,e|[Gen 4] VGC 2009,5e|,2|Other Metagames|[Gen 9] Almost Any Ability,e|[Gen 9] Balanced Hackmons,e|[Gen 9] Godly Gift,e|[Gen 9] Mix and Mega,e|[Gen 9] Shared Power,e|[Gen 9] STABmons,e|[Gen 6] Pure Hackmons,e|,2|Challengeable OMs|[Gen 9] 1-2 Switch,c|[Gen 9] Alphabet Cup,c|[Gen 9] Bad 'n Boosted,c|[Gen 9] Battlefields,c|[Gen 9] Bio Mech Mons,c|[Gen 9] Camomons,c|[Gen 9] Category Swap,c|[Gen 9] Convergence,c|[Gen 9] Cross Evolution,c|[Gen 9] Fervent Impersonation,c|[Gen 9] Flipped,c|[Gen 9] Foresighters,c|[Gen 9] Formemons,c|[Gen 9] Fortemons,c|[Gen 9] Frantic Fusions,c|[Gen 9] Full Potential,c|[Gen 9] Inheritance,c|[Gen 9] Inverse,c|[Gen 9] Nature Swap,c|[Gen 9] Partners in Crime,c|[Gen 9] Passive Aggressive,c|[Gen 9] Pokebilities,c|[Gen 9] Pokemoves,c|[Gen 9] Pure Hackmons,c|[Gen 9] Relay Race,c|[Gen 9] Revelationmons,c|[Gen 9] Sharing is Caring,c|[Gen 9] Tera Donation,c|[Gen 9] Tera Override,c|[Gen 9] The Card Game,c|[Gen 9] The Loser's Game,c|[Gen 9] Tier Shift,c|[Gen 9] Trademarked,c|[Gen 9] Triples,c|[Gen 9] Type Split,c|[Gen 9] VoltTurn Mayhem,c|[Gen 7] Pure Hackmons,c|,2|Temporary Tour Metas|[Gen 9] Mix and Mega LC,c|[Gen 8] Mix and Mega,c|[Gen 7] Mix and Mega,c|[Gen 6] Mix and Mega,c|,2|National Dex|[Gen 9] National Dex,e|[Gen 8] National Dex,e|,2|National Dex Other Tiers|[Gen 9] National Dex 35 Pokes,c|[Gen 9] National Dex Ubers,e|[Gen 9] National Dex UU,e|[Gen 9] National Dex Ubers UU,c|[Gen 9] National Dex LC,c|[Gen 9] National Dex Monotype,e|[Gen 9] National Dex Doubles,e|[Gen 9] National Dex Doubles Ubers,c|[Gen 9] National Dex 1v1,c|[Gen 9] National Dex AG,c|[Gen 9] National Dex AAA,c|[Gen 9] National Dex BH,c|[Gen 9] National Dex Godly Gift,c|[Gen 9] National Dex STABmons,c|[Gen 8] National Dex UU,c|[Gen 8] National Dex RU,c|[Gen 8] National Dex Doubles,e|[Gen 8] National Dex Monotype,c|[Gen 8 DLC 1] National Dex AG,c|,2|Pet Mods|[Gen 6] Megas Revisited,c|[Gen 9] Legends Z-A OU,e|,3|Randomized Metas|[Gen 9] Random Roulette,4f|[Gen 9] Super Staff Bros Ultimate,4f|[Gen 9] Monotype Random Battle,4f|[Gen 9] Random Battle (Shared Power, B12P6),4f|[Gen 9] Random Battle Mayhem,4f|[Gen 9] Battle Factory,4f|[Gen 9] 1v1 Factory,4f|[Gen 9] BSS Factory,5d|[Gen 9] Draft Factory,4d|[Gen 9] Baby Random Battle,4f|[Gen 9] Hackmons Cup,4f|[Gen 9] Doubles Hackmons Cup,4d|[Gen 9] Broken Cup,4f|[Gen 9] Challenge Cup 1v1,4f|[Gen 9] Challenge Cup 2v2,4f|[Gen 9] Challenge Cup 6v6,4d|[Gen 9] Metronome Battle,4e|[Gen 8] Random Battle,4f|[Gen 8] Random Doubles Battle,4d|[Gen 8] Free-For-All Random Battle,5|[Gen 8] Multi Random Battle,5|[Gen 8] Battle Factory,4d|[Gen 8] BSS Factory,5d|[Gen 8] Hackmons Cup,4d|[Gen 8] CAP 1v1,4d|[Gen 8 BDSP] Random Battle,4d|[Gen 7] Random Battle,4f|[Gen 7] Battle Factory,4d|[Gen 7] BSS Factory,5d|[Gen 7] Hackmons Cup,9|[Gen 7 Let's Go] Random Battle,4d|[Gen 6] Random Battle,4f|[Gen 6] Battle Factory,9|[Gen 5] Random Battle,4f|[Gen 4] Random Battle,4f|[Gen 3] Random Battle,4f|[Gen 2] Random Battle,4f|[Gen 1] Random Battle,4f|[Gen 1] Challenge Cup,9|[Gen 1] Hackmons Cup,9|,4|Past Gens OU|[Gen 8] OU,e|[Gen 7] OU,e|[Gen 6] OU,e|[Gen 5] OU,e|[Gen 4] OU,e|[Gen 3] OU,e|[Gen 2] OU,e|[Gen 1] OU,e|,4|Past Gens Doubles OU|[Gen 8] Doubles OU,e|[Gen 7] Doubles OU,e|[Gen 6] Doubles OU,e|[Gen 5] Doubles OU,c|[Gen 4] Doubles OU,c|[Gen 3] Doubles OU,c|,4|Sw/Sh Singles|[Gen 8] Ubers,c|[Gen 8] UU,c|[Gen 8] RU,c|[Gen 8] NU,c|[Gen 8] PU,c|[Gen 8] LC,c|[Gen 8] Monotype,c|[Gen 8] 1v1,c|[Gen 8] Anything Goes,c|[Gen 8] ZU,c|[Gen 8] CAP,c|[Gen 8] Battle Stadium Singles,5c|[Gen 8 BDSP] OU,c|[Gen 8 BDSP] Ubers,c|[Gen 8] Custom Game,c|,4|Sw/Sh Doubles|[Gen 8] Doubles Ubers,c|[Gen 8] Doubles UU,c|[Gen 8] VGC 2022,5c|[Gen 8] VGC 2021,5c|[Gen 8] VGC 2020,5c|[Gen 8 BDSP] Doubles OU,c|[Gen 8 BDSP] Battle Festival Doubles,1c|[Gen 8] Doubles Custom Game,c|,4|US/UM Singles|[Gen 7] Ubers,c|[Gen 7] UU,c|[Gen 7] RU,c|[Gen 7] NU,c|[Gen 7] PU,c|[Gen 7] LC,c|[Gen 7] Monotype,c|[Gen 7] 1v1,c|[Gen 7] Anything Goes,c|[Gen 7] ZU,c|[Gen 7] CAP,c|[Gen 7] Battle Spot Singles,5c|[Gen 7 Let's Go] OU,1c|[Gen 7] Custom Game,c|,4|US/UM Doubles|[Gen 7] Doubles UU,c|[Gen 7] VGC 2019,5c|[Gen 7] VGC 2018,5c|[Gen 7] VGC 2017,5c|[Gen 7] Battle Spot Doubles,5c|[Gen 7 Let's Go] Doubles OU,1c|[Gen 7] Doubles Custom Game,c|,4|OR/AS Singles|[Gen 6] Ubers,c|[Gen 6] UU,c|[Gen 6] RU,c|[Gen 6] PU,c|[Gen 6] LC,c|[Gen 6] Monotype,c|[Gen 6] 1v1,c|[Gen 6] Anything Goes,c|[Gen 6] ZU,c|[Gen 6] CAP,c|[Gen 6] Battle Spot Singles,5c|[Gen 6] Custom Game,c|,4|OR/AS Doubles/Triples|[Gen 6] VGC 2016,5c|[Gen 6] VGC 2015,5c|[Gen 6] VGC 2014,5c|[Gen 6] Battle Spot Doubles,5c|[Gen 6] Doubles Custom Game,c|[Gen 6] Battle Spot Triples,1c|[Gen 6] Triples Custom Game,c|,4|B2/W2 Singles|[Gen 5] Ubers,c|[Gen 5] UU,c|[Gen 5] RU,c|[Gen 5] NU,c|[Gen 5] PU,c|[Gen 5] Monotype,c|[Gen 5] LC,c|[Gen 5] 1v1,c|[Gen 5] CAP,c|[Gen 5] ZU,c|[Gen 5] BW1 OU,c|[Gen 5] GBU Singles,5c|[Gen 5] Custom Game,c|,4|B2/W2 Doubles|[Gen 5] VGC 2013,5c|[Gen 5] VGC 2012,5c|[Gen 5] VGC 2011,5c|[Gen 5] Doubles Custom Game,c|[Gen 5] Triples Custom Game,c|,4|DPP Singles|[Gen 4] UU,c|[Gen 4] NU,c|[Gen 4] LC,c|[Gen 4] Anything Goes,c|[Gen 4] 1v1,c|[Gen 4] CAP,c|[Gen 4] PU,c|[Gen 4] ZU,c|[Gen 4] Custom Game,c|,4|DPP Doubles|[Gen 4] VGC 2010,5c|[Gen 4] Doubles Custom Game,c|,4|Past Generations|[Gen 3] Ubers,c|[Gen 3] UU,c|[Gen 3] RU,c|[Gen 3] NU,c|[Gen 3] PU,c|[Gen 3] LC,c|[Gen 3] 1v1,c|[Gen 3] UUBL,c|[Gen 3] ZU,c|[Gen 3] ADV 200,c|[Gen 3] ADV 200 Doubles,c|[Gen 3] Orre Colosseum,4c|[Gen 3] Custom Game,c|[Gen 3] Doubles Custom Game,c|[Gen 2] Ubers,c|[Gen 2] UU,c|[Gen 2] NU,c|[Gen 2] PU,c|[Gen 2] 1v1,c|[Gen 2] ZU,c|[Gen 2] NC 2000,4c|[Gen 2] Stadium OU,c|[Gen 2] Custom Game,c|[Gen 1] Ubers,c|[Gen 1] UU,c|[Gen 1] NU,c|[Gen 1] PU,c|[Gen 1] ZU,c|[Gen 1] LC,c|[Gen 1] 1v1,c|[Gen 1] NC 1997,4c|[Gen 1] Japanese OU,c|[Gen 1] Stadium OU,c|[Gen 1] Tradebacks OU,c|[Gen 1] Custom Game,c
[2026-03-09 16:27:54,656][RandomPlayer 1][INFO] - [92m[1m<<<[0m |challstr|4|e5f6ea3b48d9fdcfabd4b5c56d4a2e6c5b25fd614d993f606794216ac73325c3a1742eb1ff9b5b269eb51c60a5d77249a4d08be7189d8ca1643590b189896c3290f7529a6b48dbb7a14cb158965f2003dd2c0536eb2136a73ba5e9b06dc4a0e08a71a2948d8632dfb1d835010e1f6c2b48314b8275550225bcc7879bb68c397e
[2026-03-09 16:27:54,656][RandomPlayer 1][INFO] - Bypassing authentication request
[2026-03-09 16:27:54,656][RandomPlayer 1][INFO] - [93m[1m>>>[0m |/trn RandomPlayer 1,0,
[2026-03-09 16:27:54,657][RandomPlayer 1][INFO] - [92m[1m<<<[0m |updatesearch|{"searching":[],"games":null}
[2026-03-09 16:27:54,657][RandomPlayer 1][INFO] - [92m[1m<<<[0m |updateuser| RandomPlayer 1|1|2|{"blockChallenges":false,"blockPMs":false,"ignoreTickets":false,"hideBattlesFromTrainerCard":false,"blockInvites":false,"doNotDisturb":false,"blockFriendRequests":false,"allowFriendNotifications":false,"displayBattlesToFriends":false,"hideLogins":false,"hiddenNextBattle":false,"inviteOnlyNextBattle":false,"language":null}
[2026-03-09 16:27:54,657][RandomPlayer 1][INFO] - [92m[1m<<<[0m |updatesearch|{"searching":[],"games":null}
[2026-03-09 16:28:53,480][SimpleHeuristics 1][INFO] - Starting listening to showdown websocket
[2026-03-09 16:28:53,482][SimpleHeuristics 1][INFO] - [92m[1m<<<[0m |updateuser| Guest 44|0|102|{"blockChallenges":false,"blockPMs":false,"ignoreTickets":false,"hideBattlesFromTrainerCard":false,"blockInvites":false,"doNotDisturb":false,"blockFriendRequests":false,"allowFriendNotifications":false,"displayBattlesToFriends":false,"hideLogins":false,"hiddenNextBattle":false,"inviteOnlyNextBattle":false,"language":null}
|customgroups|[{"symbol":"~","name":"Administrator","type":"leadership"},{"symbol":"#","name":"Room Owner","type":"leadership"},{"symbol":"★","name":"Host","type":"leadership"},{"symbol":"@","name":"Moderator","type":"staff"},{"symbol":"%","name":"Driver","type":"staff"},{"symbol":"*","name":"Bot","type":"normal"},{"symbol":"☆","name":"Player","type":"normal"},{"symbol":"+","name":"Voice","type":"normal"},{"symbol":"^","name":"Prize Winner","type":"normal"},{"symbol":"whitelist","name":"Whitelist","type":"normal"},{"symbol":" ","name":null,"type":"normal"},{"symbol":"‽","name":"Locked","type":"punishment"},{"symbol":"!","name":"Muted","type":"punishment"}]
|formats|,LL|,1|S/V Singles|[Gen 9] Random Battle,4f|[Gen 9] Unrated Random Battle,b|[Gen 9] Free-For-All Random Battle,7|[Gen 9] Random Battle (Blitz),4f|[Gen 9] Multi Random Battle,5|[Gen 9] OU,e|[Gen 9] Ubers,e|[Gen 9] UU,e|[Gen 9] RU,e|[Gen 9] NU,e|[Gen 9] PU,e|[Gen 9] LC,e|[Gen 9] Monotype,e|[Gen 9] CAP,e|[Gen 9] BSS Reg I,5e|[Gen 9] BSS Reg J,5c|[Gen 9] Custom Game,c|,1|S/V Doubles|[Gen 9] Random Doubles Battle,4f|[Gen 9] Doubles OU,e|[Gen 9] Doubles Ubers,e|[Gen 9] Doubles UU,e|[Gen 9] Doubles LC,c|[Gen 9] VGC 2023 Reg C,5c|[Gen 9] VGC 2023 Reg D,5c|[Gen 9] VGC 2024 Reg G,5c|[Gen 9] VGC 2026 Reg I,5e|[Gen 9] VGC 2026 Reg F,5e|[Gen 9] VGC 2026 Reg F (Bo3),1e|[Gen 9] Doubles Custom Game,c|,1|Unofficial Metagames|[Gen 9] 1v1,e|[Gen 9] 2v2 Doubles,e|[Gen 9] Anything Goes,e|[Gen 9] ZU,e|[Gen 9] Free-For-All,6|[Gen 9] LC UU,c|[Gen 9] NFE,c|[Gen 9] Ubers UU,c|,1|Draft|[Gen 9] Draft,8c|[Gen 9] 6v6 Doubles Draft,8c|[Gen 9] 4v4 Doubles Draft,dc|[Gen 9] NatDex Draft,8c|[Gen 9] NatDex 6v6 Doubles Draft,8c|[Gen 9] NatDex LC Draft,8c|[Gen 8] Draft,c|[Gen 8] NatDex Draft,c|[Gen 8] NatDex 4v4 Doubles Draft,1c|[Gen 7] Draft,c|[Gen 6] Draft,c|[Gen 5] Draft,c|[Gen 4] Draft,c|[Gen 3] Draft,c|,2|Ladder Spotlight|[Gen 9] BSS Factory (Bo3),1f|[Gen 9] Linked,e|[Gen 9] 350 Cup,e|[Gen 9] Pokebilities AAA,e|[Gen 9] 4v4 Doubles UU,5e|[Gen 9] National Dex RU,e|[Gen 6] Megas Revisited Random Battle,4f|[Gen 9] ChatBats,f|[Gen 4] Ubers,e|[Gen 6] NU,e|[Gen 4] VGC 2009,5e|,2|Other Metagames|[Gen 9] Almost Any Ability,e|[Gen 9] Balanced Hackmons,e|[Gen 9] Godly Gift,e|[Gen 9] Mix and Mega,e|[Gen 9] Shared Power,e|[Gen 9] STABmons,e|[Gen 6] Pure Hackmons,e|,2|Challengeable OMs|[Gen 9] 1-2 Switch,c|[Gen 9] Alphabet Cup,c|[Gen 9] Bad 'n Boosted,c|[Gen 9] Battlefields,c|[Gen 9] Bio Mech Mons,c|[Gen 9] Camomons,c|[Gen 9] Category Swap,c|[Gen 9] Convergence,c|[Gen 9] Cross Evolution,c|[Gen 9] Fervent Impersonation,c|[Gen 9] Flipped,c|[Gen 9] Foresighters,c|[Gen 9] Formemons,c|[Gen 9] Fortemons,c|[Gen 9] Frantic Fusions,c|[Gen 9] Full Potential,c|[Gen 9] Inheritance,c|[Gen 9] Inverse,c|[Gen 9] Nature Swap,c|[Gen 9] Partners in Crime,c|[Gen 9] Passive Aggressive,c|[Gen 9] Pokebilities,c|[Gen 9] Pokemoves,c|[Gen 9] Pure Hackmons,c|[Gen 9] Relay Race,c|[Gen 9] Revelationmons,c|[Gen 9] Sharing is Caring,c|[Gen 9] Tera Donation,c|[Gen 9] Tera Override,c|[Gen 9] The Card Game,c|[Gen 9] The Loser's Game,c|[Gen 9] Tier Shift,c|[Gen 9] Trademarked,c|[Gen 9] Triples,c|[Gen 9] Type Split,c|[Gen 9] VoltTurn Mayhem,c|[Gen 7] Pure Hackmons,c|,2|Temporary Tour Metas|[Gen 9] Mix and Mega LC,c|[Gen 8] Mix and Mega,c|[Gen 7] Mix and Mega,c|[Gen 6] Mix and Mega,c|,2|National Dex|[Gen 9] National Dex,e|[Gen 8] National Dex,e|,2|National Dex Other Tiers|[Gen 9] National Dex 35 Pokes,c|[Gen 9] National Dex Ubers,e|[Gen 9] National Dex UU,e|[Gen 9] National Dex Ubers UU,c|[Gen 9] National Dex LC,c|[Gen 9] National Dex Monotype,e|[Gen 9] National Dex Doubles,e|[Gen 9] National Dex Doubles Ubers,c|[Gen 9] National Dex 1v1,c|[Gen 9] National Dex AG,c|[Gen 9] National Dex AAA,c|[Gen 9] National Dex BH,c|[Gen 9] National Dex Godly Gift,c|[Gen 9] National Dex STABmons,c|[Gen 8] National Dex UU,c|[Gen 8] National Dex RU,c|[Gen 8] National Dex Doubles,e|[Gen 8] National Dex Monotype,c|[Gen 8 DLC 1] National Dex AG,c|,2|Pet Mods|[Gen 6] Megas Revisited,c|[Gen 9] Legends Z-A OU,e|,3|Randomized Metas|[Gen 9] Random Roulette,4f|[Gen 9] Super Staff Bros Ultimate,4f|[Gen 9] Monotype Random Battle,4f|[Gen 9] Random Battle (Shared Power, B12P6),4f|[Gen 9] Random Battle Mayhem,4f|[Gen 9] Battle Factory,4f|[Gen 9] 1v1 Factory,4f|[Gen 9] BSS Factory,5d|[Gen 9] Draft Factory,4d|[Gen 9] Baby Random Battle,4f|[Gen 9] Hackmons Cup,4f|[Gen 9] Doubles Hackmons Cup,4d|[Gen 9] Broken Cup,4f|[Gen 9] Challenge Cup 1v1,4f|[Gen 9] Challenge Cup 2v2,4f|[Gen 9] Challenge Cup 6v6,4d|[Gen 9] Metronome Battle,4e|[Gen 8] Random Battle,4f|[Gen 8] Random Doubles Battle,4d|[Gen 8] Free-For-All Random Battle,5|[Gen 8] Multi Random Battle,5|[Gen 8] Battle Factory,4d|[Gen 8] BSS Factory,5d|[Gen 8] Hackmons Cup,4d|[Gen 8] CAP 1v1,4d|[Gen 8 BDSP] Random Battle,4d|[Gen 7] Random Battle,4f|[Gen 7] Battle Factory,4d|[Gen 7] BSS Factory,5d|[Gen 7] Hackmons Cup,9|[Gen 7 Let's Go] Random Battle,4d|[Gen 6] Random Battle,4f|[Gen 6] Battle Factory,9|[Gen 5] Random Battle,4f|[Gen 4] Random Battle,4f|[Gen 3] Random Battle,4f|[Gen 2] Random Battle,4f|[Gen 1] Random Battle,4f|[Gen 1] Challenge Cup,9|[Gen 1] Hackmons Cup,9|,4|Past Gens OU|[Gen 8] OU,e|[Gen 7] OU,e|[Gen 6] OU,e|[Gen 5] OU,e|[Gen 4] OU,e|[Gen 3] OU,e|[Gen 2] OU,e|[Gen 1] OU,e|,4|Past Gens Doubles OU|[Gen 8] Doubles OU,e|[Gen 7] Doubles OU,e|[Gen 6] Doubles OU,e|[Gen 5] Doubles OU,c|[Gen 4] Doubles OU,c|[Gen 3] Doubles OU,c|,4|Sw/Sh Singles|[Gen 8] Ubers,c|[Gen 8] UU,c|[Gen 8] RU,c|[Gen 8] NU,c|[Gen 8] PU,c|[Gen 8] LC,c|[Gen 8] Monotype,c|[Gen 8] 1v1,c|[Gen 8] Anything Goes,c|[Gen 8] ZU,c|[Gen 8] CAP,c|[Gen 8] Battle Stadium Singles,5c|[Gen 8 BDSP] OU,c|[Gen 8 BDSP] Ubers,c|[Gen 8] Custom Game,c|,4|Sw/Sh Doubles|[Gen 8] Doubles Ubers,c|[Gen 8] Doubles UU,c|[Gen 8] VGC 2022,5c|[Gen 8] VGC 2021,5c|[Gen 8] VGC 2020,5c|[Gen 8 BDSP] Doubles OU,c|[Gen 8 BDSP] Battle Festival Doubles,1c|[Gen 8] Doubles Custom Game,c|,4|US/UM Singles|[Gen 7] Ubers,c|[Gen 7] UU,c|[Gen 7] RU,c|[Gen 7] NU,c|[Gen 7] PU,c|[Gen 7] LC,c|[Gen 7] Monotype,c|[Gen 7] 1v1,c|[Gen 7] Anything Goes,c|[Gen 7] ZU,c|[Gen 7] CAP,c|[Gen 7] Battle Spot Singles,5c|[Gen 7 Let's Go] OU,1c|[Gen 7] Custom Game,c|,4|US/UM Doubles|[Gen 7] Doubles UU,c|[Gen 7] VGC 2019,5c|[Gen 7] VGC 2018,5c|[Gen 7] VGC 2017,5c|[Gen 7] Battle Spot Doubles,5c|[Gen 7 Let's Go] Doubles OU,1c|[Gen 7] Doubles Custom Game,c|,4|OR/AS Singles|[Gen 6] Ubers,c|[Gen 6] UU,c|[Gen 6] RU,c|[Gen 6] PU,c|[Gen 6] LC,c|[Gen 6] Monotype,c|[Gen 6] 1v1,c|[Gen 6] Anything Goes,c|[Gen 6] ZU,c|[Gen 6] CAP,c|[Gen 6] Battle Spot Singles,5c|[Gen 6] Custom Game,c|,4|OR/AS Doubles/Triples|[Gen 6] VGC 2016,5c|[Gen 6] VGC 2015,5c|[Gen 6] VGC 2014,5c|[Gen 6] Battle Spot Doubles,5c|[Gen 6] Doubles Custom Game,c|[Gen 6] Battle Spot Triples,1c|[Gen 6] Triples Custom Game,c|,4|B2/W2 Singles|[Gen 5] Ubers,c|[Gen 5] UU,c|[Gen 5] RU,c|[Gen 5] NU,c|[Gen 5] PU,c|[Gen 5] Monotype,c|[Gen 5] LC,c|[Gen 5] 1v1,c|[Gen 5] CAP,c|[Gen 5] ZU,c|[Gen 5] BW1 OU,c|[Gen 5] GBU Singles,5c|[Gen 5] Custom Game,c|,4|B2/W2 Doubles|[Gen 5] VGC 2013,5c|[Gen 5] VGC 2012,5c|[Gen 5] VGC 2011,5c|[Gen 5] Doubles Custom Game,c|[Gen 5] Triples Custom Game,c|,4|DPP Singles|[Gen 4] UU,c|[Gen 4] NU,c|[Gen 4] LC,c|[Gen 4] Anything Goes,c|[Gen 4] 1v1,c|[Gen 4] CAP,c|[Gen 4] PU,c|[Gen 4] ZU,c|[Gen 4] Custom Game,c|,4|DPP Doubles|[Gen 4] VGC 2010,5c|[Gen 4] Doubles Custom Game,c|,4|Past Generations|[Gen 3] Ubers,c|[Gen 3] UU,c|[Gen 3] RU,c|[Gen 3] NU,c|[Gen 3] PU,c|[Gen 3] LC,c|[Gen 3] 1v1,c|[Gen 3] UUBL,c|[Gen 3] ZU,c|[Gen 3] ADV 200,c|[Gen 3] ADV 200 Doubles,c|[Gen 3] Orre Colosseum,4c|[Gen 3] Custom Game,c|[Gen 3] Doubles Custom Game,c|[Gen 2] Ubers,c|[Gen 2] UU,c|[Gen 2] NU,c|[Gen 2] PU,c|[Gen 2] 1v1,c|[Gen 2] ZU,c|[Gen 2] NC 2000,4c|[Gen 2] Stadium OU,c|[Gen 2] Custom Game,c|[Gen 1] Ubers,c|[Gen 1] UU,c|[Gen 1] NU,c|[Gen 1] PU,c|[Gen 1] ZU,c|[Gen 1] LC,c|[Gen 1] 1v1,c|[Gen 1] NC 1997,4c|[Gen 1] Japanese OU,c|[Gen 1] Stadium OU,c|[Gen 1] Tradebacks OU,c|[Gen 1] Custom Game,c
[2026-03-09 16:28:53,483][SimpleHeuristics 1][INFO] - [92m[1m<<<[0m |challstr|4|9fc575d8dedaed220c29073c993105ad0c12571f65a515c7fc08a38493237c1193c45a2733a2015fad79c08619893abe15bb5f74f18926cc4d5b84d0b7e01aa4f5290bf1d6811aa66a4a36042398cc1ce4bb1b16ce6d6d65b5aedbb54e032280f92add45740367f4e6c491ce63afa855f8bd55969266181bec9099f2de1ebab1
[2026-03-09 16:28:53,483][SimpleHeuristics 1][INFO] - Bypassing authentication request
[2026-03-09 16:28:53,483][SimpleHeuristics 1][INFO] - [93m[1m>>>[0m |/trn SimpleHeuristics 1,0,
[2026-03-09 16:28:53,483][SimpleHeuristics 1][INFO] - [92m[1m<<<[0m |updatesearch|{"searching":[],"games":null}
[2026-03-09 16:28:53,483][SimpleHeuristics 1][INFO] - [92m[1m<<<[0m |updateuser| SimpleHeuristics 1|1|102|{"blockChallenges":false,"blockPMs":false,"ignoreTickets":false,"hideBattlesFromTrainerCard":false,"blockInvites":false,"doNotDisturb":false,"blockFriendRequests":false,"allowFriendNotifications":false,"displayBattlesToFriends":false,"hideLogins":false,"hiddenNextBattle":false,"inviteOnlyNextBattle":false,"language":null}
[2026-03-09 16:28:53,483][SimpleHeuristics 1][INFO] - [92m[1m<<<[0m |updatesearch|{"searching":[],"games":null}
[2026-03-09 16:28:53,486][SimpleHeuristics 2][INFO] - Starting listening to showdown websocket
[2026-03-09 16:28:53,487][SimpleHeuristics 2][INFO] - [92m[1m<<<[0m |updateuser| Guest 47|0|101|{"blockChallenges":false,"blockPMs":false,"ignoreTickets":false,"hideBattlesFromTrainerCard":false,"blockInvites":false,"doNotDisturb":false,"blockFriendRequests":false,"allowFriendNotifications":false,"displayBattlesToFriends":false,"hideLogins":false,"hiddenNextBattle":false,"inviteOnlyNextBattle":false,"language":null}
|customgroups|[{"symbol":"~","name":"Administrator","type":"leadership"},{"symbol":"#","name":"Room Owner","type":"leadership"},{"symbol":"★","name":"Host","type":"leadership"},{"symbol":"@","name":"Moderator","type":"staff"},{"symbol":"%","name":"Driver","type":"staff"},{"symbol":"*","name":"Bot","type":"normal"},{"symbol":"☆","name":"Player","type":"normal"},{"symbol":"+","name":"Voice","type":"normal"},{"symbol":"^","name":"Prize Winner","type":"normal"},{"symbol":"whitelist","name":"Whitelist","type":"normal"},{"symbol":" ","name":null,"type":"normal"},{"symbol":"‽","name":"Locked","type":"punishment"},{"symbol":"!","name":"Muted","type":"punishment"}]
|formats|,LL|,1|S/V Singles|[Gen 9] Random Battle,4f|[Gen 9] Unrated Random Battle,b|[Gen 9] Free-For-All Random Battle,7|[Gen 9] Random Battle (Blitz),4f|[Gen 9] Multi Random Battle,5|[Gen 9] OU,e|[Gen 9] Ubers,e|[Gen 9] UU,e|[Gen 9] RU,e|[Gen 9] NU,e|[Gen 9] PU,e|[Gen 9] LC,e|[Gen 9] Monotype,e|[Gen 9] CAP,e|[Gen 9] BSS Reg I,5e|[Gen 9] BSS Reg J,5c|[Gen 9] Custom Game,c|,1|S/V Doubles|[Gen 9] Random Doubles Battle,4f|[Gen 9] Doubles OU,e|[Gen 9] Doubles Ubers,e|[Gen 9] Doubles UU,e|[Gen 9] Doubles LC,c|[Gen 9] VGC 2023 Reg C,5c|[Gen 9] VGC 2023 Reg D,5c|[Gen 9] VGC 2024 Reg G,5c|[Gen 9] VGC 2026 Reg I,5e|[Gen 9] VGC 2026 Reg F,5e|[Gen 9] VGC 2026 Reg F (Bo3),1e|[Gen 9] Doubles Custom Game,c|,1|Unofficial Metagames|[Gen 9] 1v1,e|[Gen 9] 2v2 Doubles,e|[Gen 9] Anything Goes,e|[Gen 9] ZU,e|[Gen 9] Free-For-All,6|[Gen 9] LC UU,c|[Gen 9] NFE,c|[Gen 9] Ubers UU,c|,1|Draft|[Gen 9] Draft,8c|[Gen 9] 6v6 Doubles Draft,8c|[Gen 9] 4v4 Doubles Draft,dc|[Gen 9] NatDex Draft,8c|[Gen 9] NatDex 6v6 Doubles Draft,8c|[Gen 9] NatDex LC Draft,8c|[Gen 8] Draft,c|[Gen 8] NatDex Draft,c|[Gen 8] NatDex 4v4 Doubles Draft,1c|[Gen 7] Draft,c|[Gen 6] Draft,c|[Gen 5] Draft,c|[Gen 4] Draft,c|[Gen 3] Draft,c|,2|Ladder Spotlight|[Gen 9] BSS Factory (Bo3),1f|[Gen 9] Linked,e|[Gen 9] 350 Cup,e|[Gen 9] Pokebilities AAA,e|[Gen 9] 4v4 Doubles UU,5e|[Gen 9] National Dex RU,e|[Gen 6] Megas Revisited Random Battle,4f|[Gen 9] ChatBats,f|[Gen 4] Ubers,e|[Gen 6] NU,e|[Gen 4] VGC 2009,5e|,2|Other Metagames|[Gen 9] Almost Any Ability,e|[Gen 9] Balanced Hackmons,e|[Gen 9] Godly Gift,e|[Gen 9] Mix and Mega,e|[Gen 9] Shared Power,e|[Gen 9] STABmons,e|[Gen 6] Pure Hackmons,e|,2|Challengeable OMs|[Gen 9] 1-2 Switch,c|[Gen 9] Alphabet Cup,c|[Gen 9] Bad 'n Boosted,c|[Gen 9] Battlefields,c|[Gen 9] Bio Mech Mons,c|[Gen 9] Camomons,c|[Gen 9] Category Swap,c|[Gen 9] Convergence,c|[Gen 9] Cross Evolution,c|[Gen 9] Fervent Impersonation,c|[Gen 9] Flipped,c|[Gen 9] Foresighters,c|[Gen 9] Formemons,c|[Gen 9] Fortemons,c|[Gen 9] Frantic Fusions,c|[Gen 9] Full Potential,c|[Gen 9] Inheritance,c|[Gen 9] Inverse,c|[Gen 9] Nature Swap,c|[Gen 9] Partners in Crime,c|[Gen 9] Passive Aggressive,c|[Gen 9] Pokebilities,c|[Gen 9] Pokemoves,c|[Gen 9] Pure Hackmons,c|[Gen 9] Relay Race,c|[Gen 9] Revelationmons,c|[Gen 9] Sharing is Caring,c|[Gen 9] Tera Donation,c|[Gen 9] Tera Override,c|[Gen 9] The Card Game,c|[Gen 9] The Loser's Game,c|[Gen 9] Tier Shift,c|[Gen 9] Trademarked,c|[Gen 9] Triples,c|[Gen 9] Type Split,c|[Gen 9] VoltTurn Mayhem,c|[Gen 7] Pure Hackmons,c|,2|Temporary Tour Metas|[Gen 9] Mix and Mega LC,c|[Gen 8] Mix and Mega,c|[Gen 7] Mix and Mega,c|[Gen 6] Mix and Mega,c|,2|National Dex|[Gen 9] National Dex,e|[Gen 8] National Dex,e|,2|National Dex Other Tiers|[Gen 9] National Dex 35 Pokes,c|[Gen 9] National Dex Ubers,e|[Gen 9] National Dex UU,e|[Gen 9] National Dex Ubers UU,c|[Gen 9] National Dex LC,c|[Gen 9] National Dex Monotype,e|[Gen 9] National Dex Doubles,e|[Gen 9] National Dex Doubles Ubers,c|[Gen 9] National Dex 1v1,c|[Gen 9] National Dex AG,c|[Gen 9] National Dex AAA,c|[Gen 9] National Dex BH,c|[Gen 9] National Dex Godly Gift,c|[Gen 9] National Dex STABmons,c|[Gen 8] National Dex UU,c|[Gen 8] National Dex RU,c|[Gen 8] National Dex Doubles,e|[Gen 8] National Dex Monotype,c|[Gen 8 DLC 1] National Dex AG,c|,2|Pet Mods|[Gen 6] Megas Revisited,c|[Gen 9] Legends Z-A OU,e|,3|Randomized Metas|[Gen 9] Random Roulette,4f|[Gen 9] Super Staff Bros Ultimate,4f|[Gen 9] Monotype Random Battle,4f|[Gen 9] Random Battle (Shared Power, B12P6),4f|[Gen 9] Random Battle Mayhem,4f|[Gen 9] Battle Factory,4f|[Gen 9] 1v1 Factory,4f|[Gen 9] BSS Factory,5d|[Gen 9] Draft Factory,4d|[Gen 9] Baby Random Battle,4f|[Gen 9] Hackmons Cup,4f|[Gen 9] Doubles Hackmons Cup,4d|[Gen 9] Broken Cup,4f|[Gen 9] Challenge Cup 1v1,4f|[Gen 9] Challenge Cup 2v2,4f|[Gen 9] Challenge Cup 6v6,4d|[Gen 9] Metronome Battle,4e|[Gen 8] Random Battle,4f|[Gen 8] Random Doubles Battle,4d|[Gen 8] Free-For-All Random Battle,5|[Gen 8] Multi Random Battle,5|[Gen 8] Battle Factory,4d|[Gen 8] BSS Factory,5d|[Gen 8] Hackmons Cup,4d|[Gen 8] CAP 1v1,4d|[Gen 8 BDSP] Random Battle,4d|[Gen 7] Random Battle,4f|[Gen 7] Battle Factory,4d|[Gen 7] BSS Factory,5d|[Gen 7] Hackmons Cup,9|[Gen 7 Let's Go] Random Battle,4d|[Gen 6] Random Battle,4f|[Gen 6] Battle Factory,9|[Gen 5] Random Battle,4f|[Gen 4] Random Battle,4f|[Gen 3] Random Battle,4f|[Gen 2] Random Battle,4f|[Gen 1] Random Battle,4f|[Gen 1] Challenge Cup,9|[Gen 1] Hackmons Cup,9|,4|Past Gens OU|[Gen 8] OU,e|[Gen 7] OU,e|[Gen 6] OU,e|[Gen 5] OU,e|[Gen 4] OU,e|[Gen 3] OU,e|[Gen 2] OU,e|[Gen 1] OU,e|,4|Past Gens Doubles OU|[Gen 8] Doubles OU,e|[Gen 7] Doubles OU,e|[Gen 6] Doubles OU,e|[Gen 5] Doubles OU,c|[Gen 4] Doubles OU,c|[Gen 3] Doubles OU,c|,4|Sw/Sh Singles|[Gen 8] Ubers,c|[Gen 8] UU,c|[Gen 8] RU,c|[Gen 8] NU,c|[Gen 8] PU,c|[Gen 8] LC,c|[Gen 8] Monotype,c|[Gen 8] 1v1,c|[Gen 8] Anything Goes,c|[Gen 8] ZU,c|[Gen 8] CAP,c|[Gen 8] Battle Stadium Singles,5c|[Gen 8 BDSP] OU,c|[Gen 8 BDSP] Ubers,c|[Gen 8] Custom Game,c|,4|Sw/Sh Doubles|[Gen 8] Doubles Ubers,c|[Gen 8] Doubles UU,c|[Gen 8] VGC 2022,5c|[Gen 8] VGC 2021,5c|[Gen 8] VGC 2020,5c|[Gen 8 BDSP] Doubles OU,c|[Gen 8 BDSP] Battle Festival Doubles,1c|[Gen 8] Doubles Custom Game,c|,4|US/UM Singles|[Gen 7] Ubers,c|[Gen 7] UU,c|[Gen 7] RU,c|[Gen 7] NU,c|[Gen 7] PU,c|[Gen 7] LC,c|[Gen 7] Monotype,c|[Gen 7] 1v1,c|[Gen 7] Anything Goes,c|[Gen 7] ZU,c|[Gen 7] CAP,c|[Gen 7] Battle Spot Singles,5c|[Gen 7 Let's Go] OU,1c|[Gen 7] Custom Game,c|,4|US/UM Doubles|[Gen 7] Doubles UU,c|[Gen 7] VGC 2019,5c|[Gen 7] VGC 2018,5c|[Gen 7] VGC 2017,5c|[Gen 7] Battle Spot Doubles,5c|[Gen 7 Let's Go] Doubles OU,1c|[Gen 7] Doubles Custom Game,c|,4|OR/AS Singles|[Gen 6] Ubers,c|[Gen 6] UU,c|[Gen 6] RU,c|[Gen 6] PU,c|[Gen 6] LC,c|[Gen 6] Monotype,c|[Gen 6] 1v1,c|[Gen 6] Anything Goes,c|[Gen 6] ZU,c|[Gen 6] CAP,c|[Gen 6] Battle Spot Singles,5c|[Gen 6] Custom Game,c|,4|OR/AS Doubles/Triples|[Gen 6] VGC 2016,5c|[Gen 6] VGC 2015,5c|[Gen 6] VGC 2014,5c|[Gen 6] Battle Spot Doubles,5c|[Gen 6] Doubles Custom Game,c|[Gen 6] Battle Spot Triples,1c|[Gen 6] Triples Custom Game,c|,4|B2/W2 Singles|[Gen 5] Ubers,c|[Gen 5] UU,c|[Gen 5] RU,c|[Gen 5] NU,c|[Gen 5] PU,c|[Gen 5] Monotype,c|[Gen 5] LC,c|[Gen 5] 1v1,c|[Gen 5] CAP,c|[Gen 5] ZU,c|[Gen 5] BW1 OU,c|[Gen 5] GBU Singles,5c|[Gen 5] Custom Game,c|,4|B2/W2 Doubles|[Gen 5] VGC 2013,5c|[Gen 5] VGC 2012,5c|[Gen 5] VGC 2011,5c|[Gen 5] Doubles Custom Game,c|[Gen 5] Triples Custom Game,c|,4|DPP Singles|[Gen 4] UU,c|[Gen 4] NU,c|[Gen 4] LC,c|[Gen 4] Anything Goes,c|[Gen 4] 1v1,c|[Gen 4] CAP,c|[Gen 4] PU,c|[Gen 4] ZU,c|[Gen 4] Custom Game,c|,4|DPP Doubles|[Gen 4] VGC 2010,5c|[Gen 4] Doubles Custom Game,c|,4|Past Generations|[Gen 3] Ubers,c|[Gen 3] UU,c|[Gen 3] RU,c|[Gen 3] NU,c|[Gen 3] PU,c|[Gen 3] LC,c|[Gen 3] 1v1,c|[Gen 3] UUBL,c|[Gen 3] ZU,c|[Gen 3] ADV 200,c|[Gen 3] ADV 200 Doubles,c|[Gen 3] Orre Colosseum,4c|[Gen 3] Custom Game,c|[Gen 3] Doubles Custom Game,c|[Gen 2] Ubers,c|[Gen 2] UU,c|[Gen 2] NU,c|[Gen 2] PU,c|[Gen 2] 1v1,c|[Gen 2] ZU,c|[Gen 2] NC 2000,4c|[Gen 2] Stadium OU,c|[Gen 2] Custom Game,c|[Gen 1] Ubers,c|[Gen 1] UU,c|[Gen 1] NU,c|[Gen 1] PU,c|[Gen 1] ZU,c|[Gen 1] LC,c|[Gen 1] 1v1,c|[Gen 1] NC 1997,4c|[Gen 1] Japanese OU,c|[Gen 1] Stadium OU,c|[Gen 1] Tradebacks OU,c|[Gen 1] Custom Game,c
[2026-03-09 16:28:53,488][SimpleHeuristics 2][INFO] - [92m[1m<<<[0m |challstr|4|7aa6dcd283a06b8bd5cc1fcf5fe279fa5c3d0246c4a4c13cc406dc1e78c5339dedc52cdef74b865f35e7642ed2c9b763a5dffaef602d936eb2ebd75523de2f75d80bcece96773a1d13ec91385be1145596a422d7c92407e07e76f23dcbcdff06c1ad1e3e4f8b7370d079462636c947a1daf4ba38db384f20b6f2f8c231609b5f
[2026-03-09 16:28:53,488][SimpleHeuristics 2][INFO] - Bypassing authentication request
[2026-03-09 16:28:53,488][SimpleHeuristics 2][INFO] - [93m[1m>>>[0m |/trn SimpleHeuristics 2,0,
[2026-03-09 16:28:53,488][SimpleHeuristics 2][INFO] - [92m[1m<<<[0m |updatesearch|{"searching":[],"games":null}
[2026-03-09 16:28:53,488][SimpleHeuristics 2][INFO] - [92m[1m<<<[0m |updateuser| SimpleHeuristics 2|1|1|{"blockChallenges":false,"blockPMs":false,"ignoreTickets":false,"hideBattlesFromTrainerCard":false,"blockInvites":false,"doNotDisturb":false,"blockFriendRequests":false,"allowFriendNotifications":false,"displayBattlesToFriends":false,"hideLogins":false,"hiddenNextBattle":false,"inviteOnlyNextBattle":false,"language":null}
[2026-03-09 16:28:53,488][SimpleHeuristics 2][INFO] - [92m[1m<<<[0m |updatesearch|{"searching":[],"games":null}
[2026-03-09 16:28:54,038][RandomPlayer 1][INFO] - Starting listening to showdown websocket
[2026-03-09 16:28:54,042][RandomPlayer 1][INFO] - [92m[1m<<<[0m |updateuser| Guest 50|0|102|{"blockChallenges":false,"blockPMs":false,"ignoreTickets":false,"hideBattlesFromTrainerCard":false,"blockInvites":false,"doNotDisturb":false,"blockFriendRequests":false,"allowFriendNotifications":false,"displayBattlesToFriends":false,"hideLogins":false,"hiddenNextBattle":false,"inviteOnlyNextBattle":false,"language":null}
|customgroups|[{"symbol":"~","name":"Administrator","type":"leadership"},{"symbol":"#","name":"Room Owner","type":"leadership"},{"symbol":"★","name":"Host","type":"leadership"},{"symbol":"@","name":"Moderator","type":"staff"},{"symbol":"%","name":"Driver","type":"staff"},{"symbol":"*","name":"Bot","type":"normal"},{"symbol":"☆","name":"Player","type":"normal"},{"symbol":"+","name":"Voice","type":"normal"},{"symbol":"^","name":"Prize Winner","type":"normal"},{"symbol":"whitelist","name":"Whitelist","type":"normal"},{"symbol":" ","name":null,"type":"normal"},{"symbol":"‽","name":"Locked","type":"punishment"},{"symbol":"!","name":"Muted","type":"punishment"}]
|formats|,LL|,1|S/V Singles|[Gen 9] Random Battle,4f|[Gen 9] Unrated Random Battle,b|[Gen 9] Free-For-All Random Battle,7|[Gen 9] Random Battle (Blitz),4f|[Gen 9] Multi Random Battle,5|[Gen 9] OU,e|[Gen 9] Ubers,e|[Gen 9] UU,e|[Gen 9] RU,e|[Gen 9] NU,e|[Gen 9] PU,e|[Gen 9] LC,e|[Gen 9] Monotype,e|[Gen 9] CAP,e|[Gen 9] BSS Reg I,5e|[Gen 9] BSS Reg J,5c|[Gen 9] Custom Game,c|,1|S/V Doubles|[Gen 9] Random Doubles Battle,4f|[Gen 9] Doubles OU,e|[Gen 9] Doubles Ubers,e|[Gen 9] Doubles UU,e|[Gen 9] Doubles LC,c|[Gen 9] VGC 2023 Reg C,5c|[Gen 9] VGC 2023 Reg D,5c|[Gen 9] VGC 2024 Reg G,5c|[Gen 9] VGC 2026 Reg I,5e|[Gen 9] VGC 2026 Reg F,5e|[Gen 9] VGC 2026 Reg F (Bo3),1e|[Gen 9] Doubles Custom Game,c|,1|Unofficial Metagames|[Gen 9] 1v1,e|[Gen 9] 2v2 Doubles,e|[Gen 9] Anything Goes,e|[Gen 9] ZU,e|[Gen 9] Free-For-All,6|[Gen 9] LC UU,c|[Gen 9] NFE,c|[Gen 9] Ubers UU,c|,1|Draft|[Gen 9] Draft,8c|[Gen 9] 6v6 Doubles Draft,8c|[Gen 9] 4v4 Doubles Draft,dc|[Gen 9] NatDex Draft,8c|[Gen 9] NatDex 6v6 Doubles Draft,8c|[Gen 9] NatDex LC Draft,8c|[Gen 8] Draft,c|[Gen 8] NatDex Draft,c|[Gen 8] NatDex 4v4 Doubles Draft,1c|[Gen 7] Draft,c|[Gen 6] Draft,c|[Gen 5] Draft,c|[Gen 4] Draft,c|[Gen 3] Draft,c|,2|Ladder Spotlight|[Gen 9] BSS Factory (Bo3),1f|[Gen 9] Linked,e|[Gen 9] 350 Cup,e|[Gen 9] Pokebilities AAA,e|[Gen 9] 4v4 Doubles UU,5e|[Gen 9] National Dex RU,e|[Gen 6] Megas Revisited Random Battle,4f|[Gen 9] ChatBats,f|[Gen 4] Ubers,e|[Gen 6] NU,e|[Gen 4] VGC 2009,5e|,2|Other Metagames|[Gen 9] Almost Any Ability,e|[Gen 9] Balanced Hackmons,e|[Gen 9] Godly Gift,e|[Gen 9] Mix and Mega,e|[Gen 9] Shared Power,e|[Gen 9] STABmons,e|[Gen 6] Pure Hackmons,e|,2|Challengeable OMs|[Gen 9] 1-2 Switch,c|[Gen 9] Alphabet Cup,c|[Gen 9] Bad 'n Boosted,c|[Gen 9] Battlefields,c|[Gen 9] Bio Mech Mons,c|[Gen 9] Camomons,c|[Gen 9] Category Swap,c|[Gen 9] Convergence,c|[Gen 9] Cross Evolution,c|[Gen 9] Fervent Impersonation,c|[Gen 9] Flipped,c|[Gen 9] Foresighters,c|[Gen 9] Formemons,c|[Gen 9] Fortemons,c|[Gen 9] Frantic Fusions,c|[Gen 9] Full Potential,c|[Gen 9] Inheritance,c|[Gen 9] Inverse,c|[Gen 9] Nature Swap,c|[Gen 9] Partners in Crime,c|[Gen 9] Passive Aggressive,c|[Gen 9] Pokebilities,c|[Gen 9] Pokemoves,c|[Gen 9] Pure Hackmons,c|[Gen 9] Relay Race,c|[Gen 9] Revelationmons,c|[Gen 9] Sharing is Caring,c|[Gen 9] Tera Donation,c|[Gen 9] Tera Override,c|[Gen 9] The Card Game,c|[Gen 9] The Loser's Game,c|[Gen 9] Tier Shift,c|[Gen 9] Trademarked,c|[Gen 9] Triples,c|[Gen 9] Type Split,c|[Gen 9] VoltTurn Mayhem,c|[Gen 7] Pure Hackmons,c|,2|Temporary Tour Metas|[Gen 9] Mix and Mega LC,c|[Gen 8] Mix and Mega,c|[Gen 7] Mix and Mega,c|[Gen 6] Mix and Mega,c|,2|National Dex|[Gen 9] National Dex,e|[Gen 8] National Dex,e|,2|National Dex Other Tiers|[Gen 9] National Dex 35 Pokes,c|[Gen 9] National Dex Ubers,e|[Gen 9] National Dex UU,e|[Gen 9] National Dex Ubers UU,c|[Gen 9] National Dex LC,c|[Gen 9] National Dex Monotype,e|[Gen 9] National Dex Doubles,e|[Gen 9] National Dex Doubles Ubers,c|[Gen 9] National Dex 1v1,c|[Gen 9] National Dex AG,c|[Gen 9] National Dex AAA,c|[Gen 9] National Dex BH,c|[Gen 9] National Dex Godly Gift,c|[Gen 9] National Dex STABmons,c|[Gen 8] National Dex UU,c|[Gen 8] National Dex RU,c|[Gen 8] National Dex Doubles,e|[Gen 8] National Dex Monotype,c|[Gen 8 DLC 1] National Dex AG,c|,2|Pet Mods|[Gen 6] Megas Revisited,c|[Gen 9] Legends Z-A OU,e|,3|Randomized Metas|[Gen 9] Random Roulette,4f|[Gen 9] Super Staff Bros Ultimate,4f|[Gen 9] Monotype Random Battle,4f|[Gen 9] Random Battle (Shared Power, B12P6),4f|[Gen 9] Random Battle Mayhem,4f|[Gen 9] Battle Factory,4f|[Gen 9] 1v1 Factory,4f|[Gen 9] BSS Factory,5d|[Gen 9] Draft Factory,4d|[Gen 9] Baby Random Battle,4f|[Gen 9] Hackmons Cup,4f|[Gen 9] Doubles Hackmons Cup,4d|[Gen 9] Broken Cup,4f|[Gen 9] Challenge Cup 1v1,4f|[Gen 9] Challenge Cup 2v2,4f|[Gen 9] Challenge Cup 6v6,4d|[Gen 9] Metronome Battle,4e|[Gen 8] Random Battle,4f|[Gen 8] Random Doubles Battle,4d|[Gen 8] Free-For-All Random Battle,5|[Gen 8] Multi Random Battle,5|[Gen 8] Battle Factory,4d|[Gen 8] BSS Factory,5d|[Gen 8] Hackmons Cup,4d|[Gen 8] CAP 1v1,4d|[Gen 8 BDSP] Random Battle,4d|[Gen 7] Random Battle,4f|[Gen 7] Battle Factory,4d|[Gen 7] BSS Factory,5d|[Gen 7] Hackmons Cup,9|[Gen 7 Let's Go] Random Battle,4d|[Gen 6] Random Battle,4f|[Gen 6] Battle Factory,9|[Gen 5] Random Battle,4f|[Gen 4] Random Battle,4f|[Gen 3] Random Battle,4f|[Gen 2] Random Battle,4f|[Gen 1] Random Battle,4f|[Gen 1] Challenge Cup,9|[Gen 1] Hackmons Cup,9|,4|Past Gens OU|[Gen 8] OU,e|[Gen 7] OU,e|[Gen 6] OU,e|[Gen 5] OU,e|[Gen 4] OU,e|[Gen 3] OU,e|[Gen 2] OU,e|[Gen 1] OU,e|,4|Past Gens Doubles OU|[Gen 8] Doubles OU,e|[Gen 7] Doubles OU,e|[Gen 6] Doubles OU,e|[Gen 5] Doubles OU,c|[Gen 4] Doubles OU,c|[Gen 3] Doubles OU,c|,4|Sw/Sh Singles|[Gen 8] Ubers,c|[Gen 8] UU,c|[Gen 8] RU,c|[Gen 8] NU,c|[Gen 8] PU,c|[Gen 8] LC,c|[Gen 8] Monotype,c|[Gen 8] 1v1,c|[Gen 8] Anything Goes,c|[Gen 8] ZU,c|[Gen 8] CAP,c|[Gen 8] Battle Stadium Singles,5c|[Gen 8 BDSP] OU,c|[Gen 8 BDSP] Ubers,c|[Gen 8] Custom Game,c|,4|Sw/Sh Doubles|[Gen 8] Doubles Ubers,c|[Gen 8] Doubles UU,c|[Gen 8] VGC 2022,5c|[Gen 8] VGC 2021,5c|[Gen 8] VGC 2020,5c|[Gen 8 BDSP] Doubles OU,c|[Gen 8 BDSP] Battle Festival Doubles,1c|[Gen 8] Doubles Custom Game,c|,4|US/UM Singles|[Gen 7] Ubers,c|[Gen 7] UU,c|[Gen 7] RU,c|[Gen 7] NU,c|[Gen 7] PU,c|[Gen 7] LC,c|[Gen 7] Monotype,c|[Gen 7] 1v1,c|[Gen 7] Anything Goes,c|[Gen 7] ZU,c|[Gen 7] CAP,c|[Gen 7] Battle Spot Singles,5c|[Gen 7 Let's Go] OU,1c|[Gen 7] Custom Game,c|,4|US/UM Doubles|[Gen 7] Doubles UU,c|[Gen 7] VGC 2019,5c|[Gen 7] VGC 2018,5c|[Gen 7] VGC 2017,5c|[Gen 7] Battle Spot Doubles,5c|[Gen 7 Let's Go] Doubles OU,1c|[Gen 7] Doubles Custom Game,c|,4|OR/AS Singles|[Gen 6] Ubers,c|[Gen 6] UU,c|[Gen 6] RU,c|[Gen 6] PU,c|[Gen 6] LC,c|[Gen 6] Monotype,c|[Gen 6] 1v1,c|[Gen 6] Anything Goes,c|[Gen 6] ZU,c|[Gen 6] CAP,c|[Gen 6] Battle Spot Singles,5c|[Gen 6] Custom Game,c|,4|OR/AS Doubles/Triples|[Gen 6] VGC 2016,5c|[Gen 6] VGC 2015,5c|[Gen 6] VGC 2014,5c|[Gen 6] Battle Spot Doubles,5c|[Gen 6] Doubles Custom Game,c|[Gen 6] Battle Spot Triples,1c|[Gen 6] Triples Custom Game,c|,4|B2/W2 Singles|[Gen 5] Ubers,c|[Gen 5] UU,c|[Gen 5] RU,c|[Gen 5] NU,c|[Gen 5] PU,c|[Gen 5] Monotype,c|[Gen 5] LC,c|[Gen 5] 1v1,c|[Gen 5] CAP,c|[Gen 5] ZU,c|[Gen 5] BW1 OU,c|[Gen 5] GBU Singles,5c|[Gen 5] Custom Game,c|,4|B2/W2 Doubles|[Gen 5] VGC 2013,5c|[Gen 5] VGC 2012,5c|[Gen 5] VGC 2011,5c|[Gen 5] Doubles Custom Game,c|[Gen 5] Triples Custom Game,c|,4|DPP Singles|[Gen 4] UU,c|[Gen 4] NU,c|[Gen 4] LC,c|[Gen 4] Anything Goes,c|[Gen 4] 1v1,c|[Gen 4] CAP,c|[Gen 4] PU,c|[Gen 4] ZU,c|[Gen 4] Custom Game,c|,4|DPP Doubles|[Gen 4] VGC 2010,5c|[Gen 4] Doubles Custom Game,c|,4|Past Generations|[Gen 3] Ubers,c|[Gen 3] UU,c|[Gen 3] RU,c|[Gen 3] NU,c|[Gen 3] PU,c|[Gen 3] LC,c|[Gen 3] 1v1,c|[Gen 3] UUBL,c|[Gen 3] ZU,c|[Gen 3] ADV 200,c|[Gen 3] ADV 200 Doubles,c|[Gen 3] Orre Colosseum,4c|[Gen 3] Custom Game,c|[Gen 3] Doubles Custom Game,c|[Gen 2] Ubers,c|[Gen 2] UU,c|[Gen 2] NU,c|[Gen 2] PU,c|[Gen 2] 1v1,c|[Gen 2] ZU,c|[Gen 2] NC 2000,4c|[Gen 2] Stadium OU,c|[Gen 2] Custom Game,c|[Gen 1] Ubers,c|[Gen 1] UU,c|[Gen 1] NU,c|[Gen 1] PU,c|[Gen 1] ZU,c|[Gen 1] LC,c|[Gen 1] 1v1,c|[Gen 1] NC 1997,4c|[Gen 1] Japanese OU,c|[Gen 1] Stadium OU,c|[Gen 1] Tradebacks OU,c|[Gen 1] Custom Game,c
[2026-03-09 16:28:54,042][RandomPlayer 1][INFO] - [92m[1m<<<[0m |challstr|4|8b6f36ffabf312122ed04b63e65881d694b0babdfdfba3e819e2e410b1a5f5162bd271918c385635911cec747577313cc46d9ba049767cd8e388ddbe5d7149e4544dbaad83e413c711ac06278fe9b0f80b85a32824328755097a069de81ad7ee3aad846b53b92f11c92531cae1232aa74b095bdd1a590a6e5d10331f90af2218
[2026-03-09 16:28:54,043][RandomPlayer 1][INFO] - Bypassing authentication request
[2026-03-09 16:28:54,043][RandomPlayer 1][INFO] - [93m[1m>>>[0m |/trn RandomPlayer 1,0,
[2026-03-09 16:28:54,043][RandomPlayer 1][INFO] - [92m[1m<<<[0m |updatesearch|{"searching":[],"games":null}
[2026-03-09 16:28:54,043][RandomPlayer 1][INFO] - [92m[1m<<<[0m |updateuser| RandomPlayer 1|1|2|{"blockChallenges":false,"blockPMs":false,"ignoreTickets":false,"hideBattlesFromTrainerCard":false,"blockInvites":false,"doNotDisturb":false,"blockFriendRequests":false,"allowFriendNotifications":false,"displayBattlesToFriends":false,"hideLogins":false,"hiddenNextBattle":false,"inviteOnlyNextBattle":false,"language":null}
[2026-03-09 16:28:54,043][RandomPlayer 1][INFO] - [92m[1m<<<[0m |updatesearch|{"searching":[],"games":null}
[2026-03-09 16:29:13,000][SimpleHeuristics 1][INFO] - Starting listening to showdown websocket
[2026-03-09 16:29:13,004][SimpleHeuristics 2][INFO] - Starting listening to showdown websocket
[2026-03-09 16:29:13,505][RandomPlayer 1][INFO] - Starting listening to showdown websocket
[2026-03-09 16:29:13,704][SimpleHeuristics 1][INFO] - [92m[1m<<<[0m |updateuser| Guest 1|0|265|{"blockChallenges":false,"blockPMs":false,"ignoreTickets":false,"hideBattlesFromTrainerCard":false,"blockInvites":false,"doNotDisturb":false,"blockFriendRequests":false,"allowFriendNotifications":false,"displayBattlesToFriends":false,"hideLogins":false,"hiddenNextBattle":false,"inviteOnlyNextBattle":false,"language":null}
|customgroups|[{"symbol":"~","name":"Administrator","type":"leadership"},{"symbol":"#","name":"Room Owner","type":"leadership"},{"symbol":"★","name":"Host","type":"leadership"},{"symbol":"@","name":"Moderator","type":"staff"},{"symbol":"%","name":"Driver","type":"staff"},{"symbol":"*","name":"Bot","type":"normal"},{"symbol":"☆","name":"Player","type":"normal"},{"symbol":"+","name":"Voice","type":"normal"},{"symbol":"^","name":"Prize Winner","type":"normal"},{"symbol":"whitelist","name":"Whitelist","type":"normal"},{"symbol":" ","name":null,"type":"normal"},{"symbol":"‽","name":"Locked","type":"punishment"},{"symbol":"!","name":"Muted","type":"punishment"}]
|formats|,LL|,1|S/V Singles|[Gen 9] Random Battle,4f|[Gen 9] Unrated Random Battle,b|[Gen 9] Free-For-All Random Battle,7|[Gen 9] Random Battle (Blitz),4f|[Gen 9] Multi Random Battle,5|[Gen 9] OU,e|[Gen 9] Ubers,e|[Gen 9] UU,e|[Gen 9] RU,e|[Gen 9] NU,e|[Gen 9] PU,e|[Gen 9] LC,e|[Gen 9] Monotype,e|[Gen 9] CAP,e|[Gen 9] BSS Reg I,5e|[Gen 9] BSS Reg J,5c|[Gen 9] Custom Game,c|,1|S/V Doubles|[Gen 9] Random Doubles Battle,4f|[Gen 9] Doubles OU,e|[Gen 9] Doubles Ubers,e|[Gen 9] Doubles UU,e|[Gen 9] Doubles LC,c|[Gen 9] VGC 2023 Reg C,5c|[Gen 9] VGC 2023 Reg D,5c|[Gen 9] VGC 2024 Reg G,5c|[Gen 9] VGC 2026 Reg I,5e|[Gen 9] VGC 2026 Reg F,5e|[Gen 9] VGC 2026 Reg F (Bo3),1e|[Gen 9] Doubles Custom Game,c|,1|Unofficial Metagames|[Gen 9] 1v1,e|[Gen 9] 2v2 Doubles,e|[Gen 9] Anything Goes,e|[Gen 9] ZU,e|[Gen 9] Free-For-All,6|[Gen 9] LC UU,c|[Gen 9] NFE,c|[Gen 9] Ubers UU,c|,1|Draft|[Gen 9] Draft,8c|[Gen 9] 6v6 Doubles Draft,8c|[Gen 9] 4v4 Doubles Draft,dc|[Gen 9] NatDex Draft,8c|[Gen 9] NatDex 6v6 Doubles Draft,8c|[Gen 9] NatDex LC Draft,8c|[Gen 8] Draft,c|[Gen 8] NatDex Draft,c|[Gen 8] NatDex 4v4 Doubles Draft,1c|[Gen 7] Draft,c|[Gen 6] Draft,c|[Gen 5] Draft,c|[Gen 4] Draft,c|[Gen 3] Draft,c|,2|Ladder Spotlight|[Gen 9] BSS Factory (Bo3),1f|[Gen 9] Linked,e|[Gen 9] 350 Cup,e|[Gen 9] Pokebilities AAA,e|[Gen 9] 4v4 Doubles UU,5e|[Gen 9] National Dex RU,e|[Gen 6] Megas Revisited Random Battle,4f|[Gen 9] ChatBats,f|[Gen 4] Ubers,e|[Gen 6] NU,e|[Gen 4] VGC 2009,5e|,2|Other Metagames|[Gen 9] Almost Any Ability,e|[Gen 9] Balanced Hackmons,e|[Gen 9] Godly Gift,e|[Gen 9] Mix and Mega,e|[Gen 9] Shared Power,e|[Gen 9] STABmons,e|[Gen 6] Pure Hackmons,e|,2|Challengeable OMs|[Gen 9] 1-2 Switch,c|[Gen 9] Alphabet Cup,c|[Gen 9] Bad 'n Boosted,c|[Gen 9] Battlefields,c|[Gen 9] Bio Mech Mons,c|[Gen 9] Camomons,c|[Gen 9] Category Swap,c|[Gen 9] Convergence,c|[Gen 9] Cross Evolution,c|[Gen 9] Fervent Impersonation,c|[Gen 9] Flipped,c|[Gen 9] Foresighters,c|[Gen 9] Formemons,c|[Gen 9] Fortemons,c|[Gen 9] Frantic Fusions,c|[Gen 9] Full Potential,c|[Gen 9] Inheritance,c|[Gen 9] Inverse,c|[Gen 9] Nature Swap,c|[Gen 9] Partners in Crime,c|[Gen 9] Passive Aggressive,c|[Gen 9] Pokebilities,c|[Gen 9] Pokemoves,c|[Gen 9] Pure Hackmons,c|[Gen 9] Relay Race,c|[Gen 9] Revelationmons,c|[Gen 9] Sharing is Caring,c|[Gen 9] Tera Donation,c|[Gen 9] Tera Override,c|[Gen 9] The Card Game,c|[Gen 9] The Loser's Game,c|[Gen 9] Tier Shift,c|[Gen 9] Trademarked,c|[Gen 9] Triples,c|[Gen 9] Type Split,c|[Gen 9] VoltTurn Mayhem,c|[Gen 7] Pure Hackmons,c|,2|Temporary Tour Metas|[Gen 9] Mix and Mega LC,c|[Gen 8] Mix and Mega,c|[Gen 7] Mix and Mega,c|[Gen 6] Mix and Mega,c|,2|National Dex|[Gen 9] National Dex,e|[Gen 8] National Dex,e|,2|National Dex Other Tiers|[Gen 9] National Dex 35 Pokes,c|[Gen 9] National Dex Ubers,e|[Gen 9] National Dex UU,e|[Gen 9] National Dex Ubers UU,c|[Gen 9] National Dex LC,c|[Gen 9] National Dex Monotype,e|[Gen 9] National Dex Doubles,e|[Gen 9] National Dex Doubles Ubers,c|[Gen 9] National Dex 1v1,c|[Gen 9] National Dex AG,c|[Gen 9] National Dex AAA,c|[Gen 9] National Dex BH,c|[Gen 9] National Dex Godly Gift,c|[Gen 9] National Dex STABmons,c|[Gen 8] National Dex UU,c|[Gen 8] National Dex RU,c|[Gen 8] National Dex Doubles,e|[Gen 8] National Dex Monotype,c|[Gen 8 DLC 1] National Dex AG,c|,2|Pet Mods|[Gen 6] Megas Revisited,c|[Gen 9] Legends Z-A OU,e|,3|Randomized Metas|[Gen 9] Random Roulette,4f|[Gen 9] Super Staff Bros Ultimate,4f|[Gen 9] Monotype Random Battle,4f|[Gen 9] Random Battle (Shared Power, B12P6),4f|[Gen 9] Random Battle Mayhem,4f|[Gen 9] Battle Factory,4f|[Gen 9] 1v1 Factory,4f|[Gen 9] BSS Factory,5d|[Gen 9] Draft Factory,4d|[Gen 9] Baby Random Battle,4f|[Gen 9] Hackmons Cup,4f|[Gen 9] Doubles Hackmons Cup,4d|[Gen 9] Broken Cup,4f|[Gen 9] Challenge Cup 1v1,4f|[Gen 9] Challenge Cup 2v2,4f|[Gen 9] Challenge Cup 6v6,4d|[Gen 9] Metronome Battle,4e|[Gen 8] Random Battle,4f|[Gen 8] Random Doubles Battle,4d|[Gen 8] Free-For-All Random Battle,5|[Gen 8] Multi Random Battle,5|[Gen 8] Battle Factory,4d|[Gen 8] BSS Factory,5d|[Gen 8] Hackmons Cup,4d|[Gen 8] CAP 1v1,4d|[Gen 8 BDSP] Random Battle,4d|[Gen 7] Random Battle,4f|[Gen 7] Battle Factory,4d|[Gen 7] BSS Factory,5d|[Gen 7] Hackmons Cup,9|[Gen 7 Let's Go] Random Battle,4d|[Gen 6] Random Battle,4f|[Gen 6] Battle Factory,9|[Gen 5] Random Battle,4f|[Gen 4] Random Battle,4f|[Gen 3] Random Battle,4f|[Gen 2] Random Battle,4f|[Gen 1] Random Battle,4f|[Gen 1] Challenge Cup,9|[Gen 1] Hackmons Cup,9|,4|Past Gens OU|[Gen 8] OU,e|[Gen 7] OU,e|[Gen 6] OU,e|[Gen 5] OU,e|[Gen 4] OU,e|[Gen 3] OU,e|[Gen 2] OU,e|[Gen 1] OU,e|,4|Past Gens Doubles OU|[Gen 8] Doubles OU,e|[Gen 7] Doubles OU,e|[Gen 6] Doubles OU,e|[Gen 5] Doubles OU,c|[Gen 4] Doubles OU,c|[Gen 3] Doubles OU,c|,4|Sw/Sh Singles|[Gen 8] Ubers,c|[Gen 8] UU,c|[Gen 8] RU,c|[Gen 8] NU,c|[Gen 8] PU,c|[Gen 8] LC,c|[Gen 8] Monotype,c|[Gen 8] 1v1,c|[Gen 8] Anything Goes,c|[Gen 8] ZU,c|[Gen 8] CAP,c|[Gen 8] Battle Stadium Singles,5c|[Gen 8 BDSP] OU,c|[Gen 8 BDSP] Ubers,c|[Gen 8] Custom Game,c|,4|Sw/Sh Doubles|[Gen 8] Doubles Ubers,c|[Gen 8] Doubles UU,c|[Gen 8] VGC 2022,5c|[Gen 8] VGC 2021,5c|[Gen 8] VGC 2020,5c|[Gen 8 BDSP] Doubles OU,c|[Gen 8 BDSP] Battle Festival Doubles,1c|[Gen 8] Doubles Custom Game,c|,4|US/UM Singles|[Gen 7] Ubers,c|[Gen 7] UU,c|[Gen 7] RU,c|[Gen 7] NU,c|[Gen 7] PU,c|[Gen 7] LC,c|[Gen 7] Monotype,c|[Gen 7] 1v1,c|[Gen 7] Anything Goes,c|[Gen 7] ZU,c|[Gen 7] CAP,c|[Gen 7] Battle Spot Singles,5c|[Gen 7 Let's Go] OU,1c|[Gen 7] Custom Game,c|,4|US/UM Doubles|[Gen 7] Doubles UU,c|[Gen 7] VGC 2019,5c|[Gen 7] VGC 2018,5c|[Gen 7] VGC 2017,5c|[Gen 7] Battle Spot Doubles,5c|[Gen 7 Let's Go] Doubles OU,1c|[Gen 7] Doubles Custom Game,c|,4|OR/AS Singles|[Gen 6] Ubers,c|[Gen 6] UU,c|[Gen 6] RU,c|[Gen 6] PU,c|[Gen 6] LC,c|[Gen 6] Monotype,c|[Gen 6] 1v1,c|[Gen 6] Anything Goes,c|[Gen 6] ZU,c|[Gen 6] CAP,c|[Gen 6] Battle Spot Singles,5c|[Gen 6] Custom Game,c|,4|OR/AS Doubles/Triples|[Gen 6] VGC 2016,5c|[Gen 6] VGC 2015,5c|[Gen 6] VGC 2014,5c|[Gen 6] Battle Spot Doubles,5c|[Gen 6] Doubles Custom Game,c|[Gen 6] Battle Spot Triples,1c|[Gen 6] Triples Custom Game,c|,4|B2/W2 Singles|[Gen 5] Ubers,c|[Gen 5] UU,c|[Gen 5] RU,c|[Gen 5] NU,c|[Gen 5] PU,c|[Gen 5] Monotype,c|[Gen 5] LC,c|[Gen 5] 1v1,c|[Gen 5] CAP,c|[Gen 5] ZU,c|[Gen 5] BW1 OU,c|[Gen 5] GBU Singles,5c|[Gen 5] Custom Game,c|,4|B2/W2 Doubles|[Gen 5] VGC 2013,5c|[Gen 5] VGC 2012,5c|[Gen 5] VGC 2011,5c|[Gen 5] Doubles Custom Game,c|[Gen 5] Triples Custom Game,c|,4|DPP Singles|[Gen 4] UU,c|[Gen 4] NU,c|[Gen 4] LC,c|[Gen 4] Anything Goes,c|[Gen 4] 1v1,c|[Gen 4] CAP,c|[Gen 4] PU,c|[Gen 4] ZU,c|[Gen 4] Custom Game,c|,4|DPP Doubles|[Gen 4] VGC 2010,5c|[Gen 4] Doubles Custom Game,c|,4|Past Generations|[Gen 3] Ubers,c|[Gen 3] UU,c|[Gen 3] RU,c|[Gen 3] NU,c|[Gen 3] PU,c|[Gen 3] LC,c|[Gen 3] 1v1,c|[Gen 3] UUBL,c|[Gen 3] ZU,c|[Gen 3] ADV 200,c|[Gen 3] ADV 200 Doubles,c|[Gen 3] Orre Colosseum,4c|[Gen 3] Custom Game,c|[Gen 3] Doubles Custom Game,c|[Gen 2] Ubers,c|[Gen 2] UU,c|[Gen 2] NU,c|[Gen 2] PU,c|[Gen 2] 1v1,c|[Gen 2] ZU,c|[Gen 2] NC 2000,4c|[Gen 2] Stadium OU,c|[Gen 2] Custom Game,c|[Gen 1] Ubers,c|[Gen 1] UU,c|[Gen 1] NU,c|[Gen 1] PU,c|[Gen 1] ZU,c|[Gen 1] LC,c|[Gen 1] 1v1,c|[Gen 1] NC 1997,4c|[Gen 1] Japanese OU,c|[Gen 1] Stadium OU,c|[Gen 1] Tradebacks OU,c|[Gen 1] Custom Game,c
[2026-03-09 16:29:13,706][SimpleHeuristics 1][INFO] - [92m[1m<<<[0m |challstr|4|37bb3544774c15ffd3e9ae001d891da110c5d09abdb0e109ec638531fe8670097e83e29a803c929af5c05af8f90659e3ed91ea9e45eb775dd4409e59443c8b9b10817dd55b337c811764b61b805d260ae270829ca3a472bdc0d2975e7a20a798981cdde0613b1d5b4c7f0df92bca155f4bed55f846afd846d1fd8a1f599b2c56
[2026-03-09 16:29:13,706][SimpleHeuristics 1][INFO] - Bypassing authentication request
[2026-03-09 16:29:13,706][SimpleHeuristics 1][INFO] - [93m[1m>>>[0m |/trn SimpleHeuristics 1,0,
[2026-03-09 16:29:13,707][SimpleHeuristics 2][INFO] - [92m[1m<<<[0m |updateuser| Guest 4|0|169|{"blockChallenges":false,"blockPMs":false,"ignoreTickets":false,"hideBattlesFromTrainerCard":false,"blockInvites":false,"doNotDisturb":false,"blockFriendRequests":false,"allowFriendNotifications":false,"displayBattlesToFriends":false,"hideLogins":false,"hiddenNextBattle":false,"inviteOnlyNextBattle":false,"language":null}
|customgroups|[{"symbol":"~","name":"Administrator","type":"leadership"},{"symbol":"#","name":"Room Owner","type":"leadership"},{"symbol":"★","name":"Host","type":"leadership"},{"symbol":"@","name":"Moderator","type":"staff"},{"symbol":"%","name":"Driver","type":"staff"},{"symbol":"*","name":"Bot","type":"normal"},{"symbol":"☆","name":"Player","type":"normal"},{"symbol":"+","name":"Voice","type":"normal"},{"symbol":"^","name":"Prize Winner","type":"normal"},{"symbol":"whitelist","name":"Whitelist","type":"normal"},{"symbol":" ","name":null,"type":"normal"},{"symbol":"‽","name":"Locked","type":"punishment"},{"symbol":"!","name":"Muted","type":"punishment"}]
|formats|,LL|,1|S/V Singles|[Gen 9] Random Battle,4f|[Gen 9] Unrated Random Battle,b|[Gen 9] Free-For-All Random Battle,7|[Gen 9] Random Battle (Blitz),4f|[Gen 9] Multi Random Battle,5|[Gen 9] OU,e|[Gen 9] Ubers,e|[Gen 9] UU,e|[Gen 9] RU,e|[Gen 9] NU,e|[Gen 9] PU,e|[Gen 9] LC,e|[Gen 9] Monotype,e|[Gen 9] CAP,e|[Gen 9] BSS Reg I,5e|[Gen 9] BSS Reg J,5c|[Gen 9] Custom Game,c|,1|S/V Doubles|[Gen 9] Random Doubles Battle,4f|[Gen 9] Doubles OU,e|[Gen 9] Doubles Ubers,e|[Gen 9] Doubles UU,e|[Gen 9] Doubles LC,c|[Gen 9] VGC 2023 Reg C,5c|[Gen 9] VGC 2023 Reg D,5c|[Gen 9] VGC 2024 Reg G,5c|[Gen 9] VGC 2026 Reg I,5e|[Gen 9] VGC 2026 Reg F,5e|[Gen 9] VGC 2026 Reg F (Bo3),1e|[Gen 9] Doubles Custom Game,c|,1|Unofficial Metagames|[Gen 9] 1v1,e|[Gen 9] 2v2 Doubles,e|[Gen 9] Anything Goes,e|[Gen 9] ZU,e|[Gen 9] Free-For-All,6|[Gen 9] LC UU,c|[Gen 9] NFE,c|[Gen 9] Ubers UU,c|,1|Draft|[Gen 9] Draft,8c|[Gen 9] 6v6 Doubles Draft,8c|[Gen 9] 4v4 Doubles Draft,dc|[Gen 9] NatDex Draft,8c|[Gen 9] NatDex 6v6 Doubles Draft,8c|[Gen 9] NatDex LC Draft,8c|[Gen 8] Draft,c|[Gen 8] NatDex Draft,c|[Gen 8] NatDex 4v4 Doubles Draft,1c|[Gen 7] Draft,c|[Gen 6] Draft,c|[Gen 5] Draft,c|[Gen 4] Draft,c|[Gen 3] Draft,c|,2|Ladder Spotlight|[Gen 9] BSS Factory (Bo3),1f|[Gen 9] Linked,e|[Gen 9] 350 Cup,e|[Gen 9] Pokebilities AAA,e|[Gen 9] 4v4 Doubles UU,5e|[Gen 9] National Dex RU,e|[Gen 6] Megas Revisited Random Battle,4f|[Gen 9] ChatBats,f|[Gen 4] Ubers,e|[Gen 6] NU,e|[Gen 4] VGC 2009,5e|,2|Other Metagames|[Gen 9] Almost Any Ability,e|[Gen 9] Balanced Hackmons,e|[Gen 9] Godly Gift,e|[Gen 9] Mix and Mega,e|[Gen 9] Shared Power,e|[Gen 9] STABmons,e|[Gen 6] Pure Hackmons,e|,2|Challengeable OMs|[Gen 9] 1-2 Switch,c|[Gen 9] Alphabet Cup,c|[Gen 9] Bad 'n Boosted,c|[Gen 9] Battlefields,c|[Gen 9] Bio Mech Mons,c|[Gen 9] Camomons,c|[Gen 9] Category Swap,c|[Gen 9] Convergence,c|[Gen 9] Cross Evolution,c|[Gen 9] Fervent Impersonation,c|[Gen 9] Flipped,c|[Gen 9] Foresighters,c|[Gen 9] Formemons,c|[Gen 9] Fortemons,c|[Gen 9] Frantic Fusions,c|[Gen 9] Full Potential,c|[Gen 9] Inheritance,c|[Gen 9] Inverse,c|[Gen 9] Nature Swap,c|[Gen 9] Partners in Crime,c|[Gen 9] Passive Aggressive,c|[Gen 9] Pokebilities,c|[Gen 9] Pokemoves,c|[Gen 9] Pure Hackmons,c|[Gen 9] Relay Race,c|[Gen 9] Revelationmons,c|[Gen 9] Sharing is Caring,c|[Gen 9] Tera Donation,c|[Gen 9] Tera Override,c|[Gen 9] The Card Game,c|[Gen 9] The Loser's Game,c|[Gen 9] Tier Shift,c|[Gen 9] Trademarked,c|[Gen 9] Triples,c|[Gen 9] Type Split,c|[Gen 9] VoltTurn Mayhem,c|[Gen 7] Pure Hackmons,c|,2|Temporary Tour Metas|[Gen 9] Mix and Mega LC,c|[Gen 8] Mix and Mega,c|[Gen 7] Mix and Mega,c|[Gen 6] Mix and Mega,c|,2|National Dex|[Gen 9] National Dex,e|[Gen 8] National Dex,e|,2|National Dex Other Tiers|[Gen 9] National Dex 35 Pokes,c|[Gen 9] National Dex Ubers,e|[Gen 9] National Dex UU,e|[Gen 9] National Dex Ubers UU,c|[Gen 9] National Dex LC,c|[Gen 9] National Dex Monotype,e|[Gen 9] National Dex Doubles,e|[Gen 9] National Dex Doubles Ubers,c|[Gen 9] National Dex 1v1,c|[Gen 9] National Dex AG,c|[Gen 9] National Dex AAA,c|[Gen 9] National Dex BH,c|[Gen 9] National Dex Godly Gift,c|[Gen 9] National Dex STABmons,c|[Gen 8] National Dex UU,c|[Gen 8] National Dex RU,c|[Gen 8] National Dex Doubles,e|[Gen 8] National Dex Monotype,c|[Gen 8 DLC 1] National Dex AG,c|,2|Pet Mods|[Gen 6] Megas Revisited,c|[Gen 9] Legends Z-A OU,e|,3|Randomized Metas|[Gen 9] Random Roulette,4f|[Gen 9] Super Staff Bros Ultimate,4f|[Gen 9] Monotype Random Battle,4f|[Gen 9] Random Battle (Shared Power, B12P6),4f|[Gen 9] Random Battle Mayhem,4f|[Gen 9] Battle Factory,4f|[Gen 9] 1v1 Factory,4f|[Gen 9] BSS Factory,5d|[Gen 9] Draft Factory,4d|[Gen 9] Baby Random Battle,4f|[Gen 9] Hackmons Cup,4f|[Gen 9] Doubles Hackmons Cup,4d|[Gen 9] Broken Cup,4f|[Gen 9] Challenge Cup 1v1,4f|[Gen 9] Challenge Cup 2v2,4f|[Gen 9] Challenge Cup 6v6,4d|[Gen 9] Metronome Battle,4e|[Gen 8] Random Battle,4f|[Gen 8] Random Doubles Battle,4d|[Gen 8] Free-For-All Random Battle,5|[Gen 8] Multi Random Battle,5|[Gen 8] Battle Factory,4d|[Gen 8] BSS Factory,5d|[Gen 8] Hackmons Cup,4d|[Gen 8] CAP 1v1,4d|[Gen 8 BDSP] Random Battle,4d|[Gen 7] Random Battle,4f|[Gen 7] Battle Factory,4d|[Gen 7] BSS Factory,5d|[Gen 7] Hackmons Cup,9|[Gen 7 Let's Go] Random Battle,4d|[Gen 6] Random Battle,4f|[Gen 6] Battle Factory,9|[Gen 5] Random Battle,4f|[Gen 4] Random Battle,4f|[Gen 3] Random Battle,4f|[Gen 2] Random Battle,4f|[Gen 1] Random Battle,4f|[Gen 1] Challenge Cup,9|[Gen 1] Hackmons Cup,9|,4|Past Gens OU|[Gen 8] OU,e|[Gen 7] OU,e|[Gen 6] OU,e|[Gen 5] OU,e|[Gen 4] OU,e|[Gen 3] OU,e|[Gen 2] OU,e|[Gen 1] OU,e|,4|Past Gens Doubles OU|[Gen 8] Doubles OU,e|[Gen 7] Doubles OU,e|[Gen 6] Doubles OU,e|[Gen 5] Doubles OU,c|[Gen 4] Doubles OU,c|[Gen 3] Doubles OU,c|,4|Sw/Sh Singles|[Gen 8] Ubers,c|[Gen 8] UU,c|[Gen 8] RU,c|[Gen 8] NU,c|[Gen 8] PU,c|[Gen 8] LC,c|[Gen 8] Monotype,c|[Gen 8] 1v1,c|[Gen 8] Anything Goes,c|[Gen 8] ZU,c|[Gen 8] CAP,c|[Gen 8] Battle Stadium Singles,5c|[Gen 8 BDSP] OU,c|[Gen 8 BDSP] Ubers,c|[Gen 8] Custom Game,c|,4|Sw/Sh Doubles|[Gen 8] Doubles Ubers,c|[Gen 8] Doubles UU,c|[Gen 8] VGC 2022,5c|[Gen 8] VGC 2021,5c|[Gen 8] VGC 2020,5c|[Gen 8 BDSP] Doubles OU,c|[Gen 8 BDSP] Battle Festival Doubles,1c|[Gen 8] Doubles Custom Game,c|,4|US/UM Singles|[Gen 7] Ubers,c|[Gen 7] UU,c|[Gen 7] RU,c|[Gen 7] NU,c|[Gen 7] PU,c|[Gen 7] LC,c|[Gen 7] Monotype,c|[Gen 7] 1v1,c|[Gen 7] Anything Goes,c|[Gen 7] ZU,c|[Gen 7] CAP,c|[Gen 7] Battle Spot Singles,5c|[Gen 7 Let's Go] OU,1c|[Gen 7] Custom Game,c|,4|US/UM Doubles|[Gen 7] Doubles UU,c|[Gen 7] VGC 2019,5c|[Gen 7] VGC 2018,5c|[Gen 7] VGC 2017,5c|[Gen 7] Battle Spot Doubles,5c|[Gen 7 Let's Go] Doubles OU,1c|[Gen 7] Doubles Custom Game,c|,4|OR/AS Singles|[Gen 6] Ubers,c|[Gen 6] UU,c|[Gen 6] RU,c|[Gen 6] PU,c|[Gen 6] LC,c|[Gen 6] Monotype,c|[Gen 6] 1v1,c|[Gen 6] Anything Goes,c|[Gen 6] ZU,c|[Gen 6] CAP,c|[Gen 6] Battle Spot Singles,5c|[Gen 6] Custom Game,c|,4|OR/AS Doubles/Triples|[Gen 6] VGC 2016,5c|[Gen 6] VGC 2015,5c|[Gen 6] VGC 2014,5c|[Gen 6] Battle Spot Doubles,5c|[Gen 6] Doubles Custom Game,c|[Gen 6] Battle Spot Triples,1c|[Gen 6] Triples Custom Game,c|,4|B2/W2 Singles|[Gen 5] Ubers,c|[Gen 5] UU,c|[Gen 5] RU,c|[Gen 5] NU,c|[Gen 5] PU,c|[Gen 5] Monotype,c|[Gen 5] LC,c|[Gen 5] 1v1,c|[Gen 5] CAP,c|[Gen 5] ZU,c|[Gen 5] BW1 OU,c|[Gen 5] GBU Singles,5c|[Gen 5] Custom Game,c|,4|B2/W2 Doubles|[Gen 5] VGC 2013,5c|[Gen 5] VGC 2012,5c|[Gen 5] VGC 2011,5c|[Gen 5] Doubles Custom Game,c|[Gen 5] Triples Custom Game,c|,4|DPP Singles|[Gen 4] UU,c|[Gen 4] NU,c|[Gen 4] LC,c|[Gen 4] Anything Goes,c|[Gen 4] 1v1,c|[Gen 4] CAP,c|[Gen 4] PU,c|[Gen 4] ZU,c|[Gen 4] Custom Game,c|,4|DPP Doubles|[Gen 4] VGC 2010,5c|[Gen 4] Doubles Custom Game,c|,4|Past Generations|[Gen 3] Ubers,c|[Gen 3] UU,c|[Gen 3] RU,c|[Gen 3] NU,c|[Gen 3] PU,c|[Gen 3] LC,c|[Gen 3] 1v1,c|[Gen 3] UUBL,c|[Gen 3] ZU,c|[Gen 3] ADV 200,c|[Gen 3] ADV 200 Doubles,c|[Gen 3] Orre Colosseum,4c|[Gen 3] Custom Game,c|[Gen 3] Doubles Custom Game,c|[Gen 2] Ubers,c|[Gen 2] UU,c|[Gen 2] NU,c|[Gen 2] PU,c|[Gen 2] 1v1,c|[Gen 2] ZU,c|[Gen 2] NC 2000,4c|[Gen 2] Stadium OU,c|[Gen 2] Custom Game,c|[Gen 1] Ubers,c|[Gen 1] UU,c|[Gen 1] NU,c|[Gen 1] PU,c|[Gen 1] ZU,c|[Gen 1] LC,c|[Gen 1] 1v1,c|[Gen 1] NC 1997,4c|[Gen 1] Japanese OU,c|[Gen 1] Stadium OU,c|[Gen 1] Tradebacks OU,c|[Gen 1] Custom Game,c
[2026-03-09 16:29:13,707][SimpleHeuristics 2][INFO] - [92m[1m<<<[0m |challstr|4|986c265f9b936f95f6d5d7c091de87b6a4331da29ab04d26346a8a87a36d2e79fb80c46c12881a4977184eff545a5539b9bc4d8d026bd06044a1c830c356a40e62528efcd3c2859f36c3eb76ee9b97bd602c11edbb899238b38ad9a69c35df7e61924bf0866f2b24107847afe9d819152808a0e4635dd018f1bf6bf57719daed
[2026-03-09 16:29:13,707][SimpleHeuristics 2][INFO] - Bypassing authentication request
[2026-03-09 16:29:13,707][SimpleHeuristics 2][INFO] - [93m[1m>>>[0m |/trn SimpleHeuristics 2,0,
[2026-03-09 16:29:13,708][RandomPlayer 1][INFO] - [92m[1m<<<[0m |updateuser| Guest 7|0|170|{"blockChallenges":false,"blockPMs":false,"ignoreTickets":false,"hideBattlesFromTrainerCard":false,"blockInvites":false,"doNotDisturb":false,"blockFriendRequests":false,"allowFriendNotifications":false,"displayBattlesToFriends":false,"hideLogins":false,"hiddenNextBattle":false,"inviteOnlyNextBattle":false,"language":null}
|customgroups|[{"symbol":"~","name":"Administrator","type":"leadership"},{"symbol":"#","name":"Room Owner","type":"leadership"},{"symbol":"★","name":"Host","type":"leadership"},{"symbol":"@","name":"Moderator","type":"staff"},{"symbol":"%","name":"Driver","type":"staff"},{"symbol":"*","name":"Bot","type":"normal"},{"symbol":"☆","name":"Player","type":"normal"},{"symbol":"+","name":"Voice","type":"normal"},{"symbol":"^","name":"Prize Winner","type":"normal"},{"symbol":"whitelist","name":"Whitelist","type":"normal"},{"symbol":" ","name":null,"type":"normal"},{"symbol":"‽","name":"Locked","type":"punishment"},{"symbol":"!","name":"Muted","type":"punishment"}]
|formats|,LL|,1|S/V Singles|[Gen 9] Random Battle,4f|[Gen 9] Unrated Random Battle,b|[Gen 9] Free-For-All Random Battle,7|[Gen 9] Random Battle (Blitz),4f|[Gen 9] Multi Random Battle,5|[Gen 9] OU,e|[Gen 9] Ubers,e|[Gen 9] UU,e|[Gen 9] RU,e|[Gen 9] NU,e|[Gen 9] PU,e|[Gen 9] LC,e|[Gen 9] Monotype,e|[Gen 9] CAP,e|[Gen 9] BSS Reg I,5e|[Gen 9] BSS Reg J,5c|[Gen 9] Custom Game,c|,1|S/V Doubles|[Gen 9] Random Doubles Battle,4f|[Gen 9] Doubles OU,e|[Gen 9] Doubles Ubers,e|[Gen 9] Doubles UU,e|[Gen 9] Doubles LC,c|[Gen 9] VGC 2023 Reg C,5c|[Gen 9] VGC 2023 Reg D,5c|[Gen 9] VGC 2024 Reg G,5c|[Gen 9] VGC 2026 Reg I,5e|[Gen 9] VGC 2026 Reg F,5e|[Gen 9] VGC 2026 Reg F (Bo3),1e|[Gen 9] Doubles Custom Game,c|,1|Unofficial Metagames|[Gen 9] 1v1,e|[Gen 9] 2v2 Doubles,e|[Gen 9] Anything Goes,e|[Gen 9] ZU,e|[Gen 9] Free-For-All,6|[Gen 9] LC UU,c|[Gen 9] NFE,c|[Gen 9] Ubers UU,c|,1|Draft|[Gen 9] Draft,8c|[Gen 9] 6v6 Doubles Draft,8c|[Gen 9] 4v4 Doubles Draft,dc|[Gen 9] NatDex Draft,8c|[Gen 9] NatDex 6v6 Doubles Draft,8c|[Gen 9] NatDex LC Draft,8c|[Gen 8] Draft,c|[Gen 8] NatDex Draft,c|[Gen 8] NatDex 4v4 Doubles Draft,1c|[Gen 7] Draft,c|[Gen 6] Draft,c|[Gen 5] Draft,c|[Gen 4] Draft,c|[Gen 3] Draft,c|,2|Ladder Spotlight|[Gen 9] BSS Factory (Bo3),1f|[Gen 9] Linked,e|[Gen 9] 350 Cup,e|[Gen 9] Pokebilities AAA,e|[Gen 9] 4v4 Doubles UU,5e|[Gen 9] National Dex RU,e|[Gen 6] Megas Revisited Random Battle,4f|[Gen 9] ChatBats,f|[Gen 4] Ubers,e|[Gen 6] NU,e|[Gen 4] VGC 2009,5e|,2|Other Metagames|[Gen 9] Almost Any Ability,e|[Gen 9] Balanced Hackmons,e|[Gen 9] Godly Gift,e|[Gen 9] Mix and Mega,e|[Gen 9] Shared Power,e|[Gen 9] STABmons,e|[Gen 6] Pure Hackmons,e|,2|Challengeable OMs|[Gen 9] 1-2 Switch,c|[Gen 9] Alphabet Cup,c|[Gen 9] Bad 'n Boosted,c|[Gen 9] Battlefields,c|[Gen 9] Bio Mech Mons,c|[Gen 9] Camomons,c|[Gen 9] Category Swap,c|[Gen 9] Convergence,c|[Gen 9] Cross Evolution,c|[Gen 9] Fervent Impersonation,c|[Gen 9] Flipped,c|[Gen 9] Foresighters,c|[Gen 9] Formemons,c|[Gen 9] Fortemons,c|[Gen 9] Frantic Fusions,c|[Gen 9] Full Potential,c|[Gen 9] Inheritance,c|[Gen 9] Inverse,c|[Gen 9] Nature Swap,c|[Gen 9] Partners in Crime,c|[Gen 9] Passive Aggressive,c|[Gen 9] Pokebilities,c|[Gen 9] Pokemoves,c|[Gen 9] Pure Hackmons,c|[Gen 9] Relay Race,c|[Gen 9] Revelationmons,c|[Gen 9] Sharing is Caring,c|[Gen 9] Tera Donation,c|[Gen 9] Tera Override,c|[Gen 9] The Card Game,c|[Gen 9] The Loser's Game,c|[Gen 9] Tier Shift,c|[Gen 9] Trademarked,c|[Gen 9] Triples,c|[Gen 9] Type Split,c|[Gen 9] VoltTurn Mayhem,c|[Gen 7] Pure Hackmons,c|,2|Temporary Tour Metas|[Gen 9] Mix and Mega LC,c|[Gen 8] Mix and Mega,c|[Gen 7] Mix and Mega,c|[Gen 6] Mix and Mega,c|,2|National Dex|[Gen 9] National Dex,e|[Gen 8] National Dex,e|,2|National Dex Other Tiers|[Gen 9] National Dex 35 Pokes,c|[Gen 9] National Dex Ubers,e|[Gen 9] National Dex UU,e|[Gen 9] National Dex Ubers UU,c|[Gen 9] National Dex LC,c|[Gen 9] National Dex Monotype,e|[Gen 9] National Dex Doubles,e|[Gen 9] National Dex Doubles Ubers,c|[Gen 9] National Dex 1v1,c|[Gen 9] National Dex AG,c|[Gen 9] National Dex AAA,c|[Gen 9] National Dex BH,c|[Gen 9] National Dex Godly Gift,c|[Gen 9] National Dex STABmons,c|[Gen 8] National Dex UU,c|[Gen 8] National Dex RU,c|[Gen 8] National Dex Doubles,e|[Gen 8] National Dex Monotype,c|[Gen 8 DLC 1] National Dex AG,c|,2|Pet Mods|[Gen 6] Megas Revisited,c|[Gen 9] Legends Z-A OU,e|,3|Randomized Metas|[Gen 9] Random Roulette,4f|[Gen 9] Super Staff Bros Ultimate,4f|[Gen 9] Monotype Random Battle,4f|[Gen 9] Random Battle (Shared Power, B12P6),4f|[Gen 9] Random Battle Mayhem,4f|[Gen 9] Battle Factory,4f|[Gen 9] 1v1 Factory,4f|[Gen 9] BSS Factory,5d|[Gen 9] Draft Factory,4d|[Gen 9] Baby Random Battle,4f|[Gen 9] Hackmons Cup,4f|[Gen 9] Doubles Hackmons Cup,4d|[Gen 9] Broken Cup,4f|[Gen 9] Challenge Cup 1v1,4f|[Gen 9] Challenge Cup 2v2,4f|[Gen 9] Challenge Cup 6v6,4d|[Gen 9] Metronome Battle,4e|[Gen 8] Random Battle,4f|[Gen 8] Random Doubles Battle,4d|[Gen 8] Free-For-All Random Battle,5|[Gen 8] Multi Random Battle,5|[Gen 8] Battle Factory,4d|[Gen 8] BSS Factory,5d|[Gen 8] Hackmons Cup,4d|[Gen 8] CAP 1v1,4d|[Gen 8 BDSP] Random Battle,4d|[Gen 7] Random Battle,4f|[Gen 7] Battle Factory,4d|[Gen 7] BSS Factory,5d|[Gen 7] Hackmons Cup,9|[Gen 7 Let's Go] Random Battle,4d|[Gen 6] Random Battle,4f|[Gen 6] Battle Factory,9|[Gen 5] Random Battle,4f|[Gen 4] Random Battle,4f|[Gen 3] Random Battle,4f|[Gen 2] Random Battle,4f|[Gen 1] Random Battle,4f|[Gen 1] Challenge Cup,9|[Gen 1] Hackmons Cup,9|,4|Past Gens OU|[Gen 8] OU,e|[Gen 7] OU,e|[Gen 6] OU,e|[Gen 5] OU,e|[Gen 4] OU,e|[Gen 3] OU,e|[Gen 2] OU,e|[Gen 1] OU,e|,4|Past Gens Doubles OU|[Gen 8] Doubles OU,e|[Gen 7] Doubles OU,e|[Gen 6] Doubles OU,e|[Gen 5] Doubles OU,c|[Gen 4] Doubles OU,c|[Gen 3] Doubles OU,c|,4|Sw/Sh Singles|[Gen 8] Ubers,c|[Gen 8] UU,c|[Gen 8] RU,c|[Gen 8] NU,c|[Gen 8] PU,c|[Gen 8] LC,c|[Gen 8] Monotype,c|[Gen 8] 1v1,c|[Gen 8] Anything Goes,c|[Gen 8] ZU,c|[Gen 8] CAP,c|[Gen 8] Battle Stadium Singles,5c|[Gen 8 BDSP] OU,c|[Gen 8 BDSP] Ubers,c|[Gen 8] Custom Game,c|,4|Sw/Sh Doubles|[Gen 8] Doubles Ubers,c|[Gen 8] Doubles UU,c|[Gen 8] VGC 2022,5c|[Gen 8] VGC 2021,5c|[Gen 8] VGC 2020,5c|[Gen 8 BDSP] Doubles OU,c|[Gen 8 BDSP] Battle Festival Doubles,1c|[Gen 8] Doubles Custom Game,c|,4|US/UM Singles|[Gen 7] Ubers,c|[Gen 7] UU,c|[Gen 7] RU,c|[Gen 7] NU,c|[Gen 7] PU,c|[Gen 7] LC,c|[Gen 7] Monotype,c|[Gen 7] 1v1,c|[Gen 7] Anything Goes,c|[Gen 7] ZU,c|[Gen 7] CAP,c|[Gen 7] Battle Spot Singles,5c|[Gen 7 Let's Go] OU,1c|[Gen 7] Custom Game,c|,4|US/UM Doubles|[Gen 7] Doubles UU,c|[Gen 7] VGC 2019,5c|[Gen 7] VGC 2018,5c|[Gen 7] VGC 2017,5c|[Gen 7] Battle Spot Doubles,5c|[Gen 7 Let's Go] Doubles OU,1c|[Gen 7] Doubles Custom Game,c|,4|OR/AS Singles|[Gen 6] Ubers,c|[Gen 6] UU,c|[Gen 6] RU,c|[Gen 6] PU,c|[Gen 6] LC,c|[Gen 6] Monotype,c|[Gen 6] 1v1,c|[Gen 6] Anything Goes,c|[Gen 6] ZU,c|[Gen 6] CAP,c|[Gen 6] Battle Spot Singles,5c|[Gen 6] Custom Game,c|,4|OR/AS Doubles/Triples|[Gen 6] VGC 2016,5c|[Gen 6] VGC 2015,5c|[Gen 6] VGC 2014,5c|[Gen 6] Battle Spot Doubles,5c|[Gen 6] Doubles Custom Game,c|[Gen 6] Battle Spot Triples,1c|[Gen 6] Triples Custom Game,c|,4|B2/W2 Singles|[Gen 5] Ubers,c|[Gen 5] UU,c|[Gen 5] RU,c|[Gen 5] NU,c|[Gen 5] PU,c|[Gen 5] Monotype,c|[Gen 5] LC,c|[Gen 5] 1v1,c|[Gen 5] CAP,c|[Gen 5] ZU,c|[Gen 5] BW1 OU,c|[Gen 5] GBU Singles,5c|[Gen 5] Custom Game,c|,4|B2/W2 Doubles|[Gen 5] VGC 2013,5c|[Gen 5] VGC 2012,5c|[Gen 5] VGC 2011,5c|[Gen 5] Doubles Custom Game,c|[Gen 5] Triples Custom Game,c|,4|DPP Singles|[Gen 4] UU,c|[Gen 4] NU,c|[Gen 4] LC,c|[Gen 4] Anything Goes,c|[Gen 4] 1v1,c|[Gen 4] CAP,c|[Gen 4] PU,c|[Gen 4] ZU,c|[Gen 4] Custom Game,c|,4|DPP Doubles|[Gen 4] VGC 2010,5c|[Gen 4] Doubles Custom Game,c|,4|Past Generations|[Gen 3] Ubers,c|[Gen 3] UU,c|[Gen 3] RU,c|[Gen 3] NU,c|[Gen 3] PU,c|[Gen 3] LC,c|[Gen 3] 1v1,c|[Gen 3] UUBL,c|[Gen 3] ZU,c|[Gen 3] ADV 200,c|[Gen 3] ADV 200 Doubles,c|[Gen 3] Orre Colosseum,4c|[Gen 3] Custom Game,c|[Gen 3] Doubles Custom Game,c|[Gen 2] Ubers,c|[Gen 2] UU,c|[Gen 2] NU,c|[Gen 2] PU,c|[Gen 2] 1v1,c|[Gen 2] ZU,c|[Gen 2] NC 2000,4c|[Gen 2] Stadium OU,c|[Gen 2] Custom Game,c|[Gen 1] Ubers,c|[Gen 1] UU,c|[Gen 1] NU,c|[Gen 1] PU,c|[Gen 1] ZU,c|[Gen 1] LC,c|[Gen 1] 1v1,c|[Gen 1] NC 1997,4c|[Gen 1] Japanese OU,c|[Gen 1] Stadium OU,c|[Gen 1] Tradebacks OU,c|[Gen 1] Custom Game,c
[2026-03-09 16:29:13,760][RandomPlayer 1][INFO] - [92m[1m<<<[0m |challstr|4|1129d194dd52ba9609df4cb207f736e5ff04507a930da96bd7f71254f5a4625760ce4b278f6d1482d487e7493a8700da4a6df157c2799c9b1b1a8d39a6323f1f9280cf3f3461db805d4db8524986dd1d8e9b2b9f006712540146e67c36dc6a0f814b3472032b7ded5c40c49a8c61fccbbcfd58c232101a00ac863f190085f2d5
[2026-03-09 16:29:13,760][RandomPlayer 1][INFO] - Bypassing authentication request
[2026-03-09 16:29:13,761][RandomPlayer 1][INFO] - [93m[1m>>>[0m |/trn RandomPlayer 1,0,
[2026-03-09 16:29:13,761][SimpleHeuristics 1][INFO] - [92m[1m<<<[0m |updatesearch|{"searching":[],"games":null}
[2026-03-09 16:29:13,761][SimpleHeuristics 1][INFO] - [92m[1m<<<[0m |updateuser| SimpleHeuristics 1|1|265|{"blockChallenges":false,"blockPMs":false,"ignoreTickets":false,"hideBattlesFromTrainerCard":false,"blockInvites":false,"doNotDisturb":false,"blockFriendRequests":false,"allowFriendNotifications":false,"displayBattlesToFriends":false,"hideLogins":false,"hiddenNextBattle":false,"inviteOnlyNextBattle":false,"language":null}
[2026-03-09 16:29:13,761][SimpleHeuristics 2][INFO] - [92m[1m<<<[0m |updatesearch|{"searching":[],"games":null}
[2026-03-09 16:29:13,761][SimpleHeuristics 2][INFO] - [92m[1m<<<[0m |updateuser| SimpleHeuristics 2|1|169|{"blockChallenges":false,"blockPMs":false,"ignoreTickets":false,"hideBattlesFromTrainerCard":false,"blockInvites":false,"doNotDisturb":false,"blockFriendRequests":false,"allowFriendNotifications":false,"displayBattlesToFriends":false,"hideLogins":false,"hiddenNextBattle":false,"inviteOnlyNextBattle":false,"language":null}
[2026-03-09 16:29:13,762][RandomPlayer 1][INFO] - [92m[1m<<<[0m |updatesearch|{"searching":[],"games":null}
[2026-03-09 16:29:13,762][RandomPlayer 1][INFO] - [92m[1m<<<[0m |updateuser| RandomPlayer 1|1|170|{"blockChallenges":false,"blockPMs":false,"ignoreTickets":false,"hideBattlesFromTrainerCard":false,"blockInvites":false,"doNotDisturb":false,"blockFriendRequests":false,"allowFriendNotifications":false,"displayBattlesToFriends":false,"hideLogins":false,"hiddenNextBattle":false,"inviteOnlyNextBattle":false,"language":null}
[2026-03-09 16:42:26,355][PokeRLEnv 9xmaf][WARNING] - Invalid action 18 from player PokeRLEnv 9xmaf in battle battle-gen8randombattle-464792 - converted order /choose move uturn dynamax not in valid orders ['/choose move outrage']! Defaulting to random move.
[2026-03-09 16:43:08,012][SimpleHeuristics 1][INFO] - Starting listening to showdown websocket
[2026-03-09 16:43:08,016][SimpleHeuristics 1][INFO] - [92m[1m<<<[0m |updateuser| Guest 11|0|170|{"blockChallenges":false,"blockPMs":false,"ignoreTickets":false,"hideBattlesFromTrainerCard":false,"blockInvites":false,"doNotDisturb":false,"blockFriendRequests":false,"allowFriendNotifications":false,"displayBattlesToFriends":false,"hideLogins":false,"hiddenNextBattle":false,"inviteOnlyNextBattle":false,"language":null}
|customgroups|[{"symbol":"~","name":"Administrator","type":"leadership"},{"symbol":"#","name":"Room Owner","type":"leadership"},{"symbol":"★","name":"Host","type":"leadership"},{"symbol":"@","name":"Moderator","type":"staff"},{"symbol":"%","name":"Driver","type":"staff"},{"symbol":"*","name":"Bot","type":"normal"},{"symbol":"☆","name":"Player","type":"normal"},{"symbol":"+","name":"Voice","type":"normal"},{"symbol":"^","name":"Prize Winner","type":"normal"},{"symbol":"whitelist","name":"Whitelist","type":"normal"},{"symbol":" ","name":null,"type":"normal"},{"symbol":"‽","name":"Locked","type":"punishment"},{"symbol":"!","name":"Muted","type":"punishment"}]
|formats|,LL|,1|S/V Singles|[Gen 9] Random Battle,4f|[Gen 9] Unrated Random Battle,b|[Gen 9] Free-For-All Random Battle,7|[Gen 9] Random Battle (Blitz),4f|[Gen 9] Multi Random Battle,5|[Gen 9] OU,e|[Gen 9] Ubers,e|[Gen 9] UU,e|[Gen 9] RU,e|[Gen 9] NU,e|[Gen 9] PU,e|[Gen 9] LC,e|[Gen 9] Monotype,e|[Gen 9] CAP,e|[Gen 9] BSS Reg I,5e|[Gen 9] BSS Reg J,5c|[Gen 9] Custom Game,c|,1|S/V Doubles|[Gen 9] Random Doubles Battle,4f|[Gen 9] Doubles OU,e|[Gen 9] Doubles Ubers,e|[Gen 9] Doubles UU,e|[Gen 9] Doubles LC,c|[Gen 9] VGC 2023 Reg C,5c|[Gen 9] VGC 2023 Reg D,5c|[Gen 9] VGC 2024 Reg G,5c|[Gen 9] VGC 2026 Reg I,5e|[Gen 9] VGC 2026 Reg F,5e|[Gen 9] VGC 2026 Reg F (Bo3),1e|[Gen 9] Doubles Custom Game,c|,1|Unofficial Metagames|[Gen 9] 1v1,e|[Gen 9] 2v2 Doubles,e|[Gen 9] Anything Goes,e|[Gen 9] ZU,e|[Gen 9] Free-For-All,6|[Gen 9] LC UU,c|[Gen 9] NFE,c|[Gen 9] Ubers UU,c|,1|Draft|[Gen 9] Draft,8c|[Gen 9] 6v6 Doubles Draft,8c|[Gen 9] 4v4 Doubles Draft,dc|[Gen 9] NatDex Draft,8c|[Gen 9] NatDex 6v6 Doubles Draft,8c|[Gen 9] NatDex LC Draft,8c|[Gen 8] Draft,c|[Gen 8] NatDex Draft,c|[Gen 8] NatDex 4v4 Doubles Draft,1c|[Gen 7] Draft,c|[Gen 6] Draft,c|[Gen 5] Draft,c|[Gen 4] Draft,c|[Gen 3] Draft,c|,2|Ladder Spotlight|[Gen 9] BSS Factory (Bo3),1f|[Gen 9] Linked,e|[Gen 9] 350 Cup,e|[Gen 9] Pokebilities AAA,e|[Gen 9] 4v4 Doubles UU,5e|[Gen 9] National Dex RU,e|[Gen 6] Megas Revisited Random Battle,4f|[Gen 9] ChatBats,f|[Gen 4] Ubers,e|[Gen 6] NU,e|[Gen 4] VGC 2009,5e|,2|Other Metagames|[Gen 9] Almost Any Ability,e|[Gen 9] Balanced Hackmons,e|[Gen 9] Godly Gift,e|[Gen 9] Mix and Mega,e|[Gen 9] Shared Power,e|[Gen 9] STABmons,e|[Gen 6] Pure Hackmons,e|,2|Challengeable OMs|[Gen 9] 1-2 Switch,c|[Gen 9] Alphabet Cup,c|[Gen 9] Bad 'n Boosted,c|[Gen 9] Battlefields,c|[Gen 9] Bio Mech Mons,c|[Gen 9] Camomons,c|[Gen 9] Category Swap,c|[Gen 9] Convergence,c|[Gen 9] Cross Evolution,c|[Gen 9] Fervent Impersonation,c|[Gen 9] Flipped,c|[Gen 9] Foresighters,c|[Gen 9] Formemons,c|[Gen 9] Fortemons,c|[Gen 9] Frantic Fusions,c|[Gen 9] Full Potential,c|[Gen 9] Inheritance,c|[Gen 9] Inverse,c|[Gen 9] Nature Swap,c|[Gen 9] Partners in Crime,c|[Gen 9] Passive Aggressive,c|[Gen 9] Pokebilities,c|[Gen 9] Pokemoves,c|[Gen 9] Pure Hackmons,c|[Gen 9] Relay Race,c|[Gen 9] Revelationmons,c|[Gen 9] Sharing is Caring,c|[Gen 9] Tera Donation,c|[Gen 9] Tera Override,c|[Gen 9] The Card Game,c|[Gen 9] The Loser's Game,c|[Gen 9] Tier Shift,c|[Gen 9] Trademarked,c|[Gen 9] Triples,c|[Gen 9] Type Split,c|[Gen 9] VoltTurn Mayhem,c|[Gen 7] Pure Hackmons,c|,2|Temporary Tour Metas|[Gen 9] Mix and Mega LC,c|[Gen 8] Mix and Mega,c|[Gen 7] Mix and Mega,c|[Gen 6] Mix and Mega,c|,2|National Dex|[Gen 9] National Dex,e|[Gen 8] National Dex,e|,2|National Dex Other Tiers|[Gen 9] National Dex 35 Pokes,c|[Gen 9] National Dex Ubers,e|[Gen 9] National Dex UU,e|[Gen 9] National Dex Ubers UU,c|[Gen 9] National Dex LC,c|[Gen 9] National Dex Monotype,e|[Gen 9] National Dex Doubles,e|[Gen 9] National Dex Doubles Ubers,c|[Gen 9] National Dex 1v1,c|[Gen 9] National Dex AG,c|[Gen 9] National Dex AAA,c|[Gen 9] National Dex BH,c|[Gen 9] National Dex Godly Gift,c|[Gen 9] National Dex STABmons,c|[Gen 8] National Dex UU,c|[Gen 8] National Dex RU,c|[Gen 8] National Dex Doubles,e|[Gen 8] National Dex Monotype,c|[Gen 8 DLC 1] National Dex AG,c|,2|Pet Mods|[Gen 6] Megas Revisited,c|[Gen 9] Legends Z-A OU,e|,3|Randomized Metas|[Gen 9] Random Roulette,4f|[Gen 9] Super Staff Bros Ultimate,4f|[Gen 9] Monotype Random Battle,4f|[Gen 9] Random Battle (Shared Power, B12P6),4f|[Gen 9] Random Battle Mayhem,4f|[Gen 9] Battle Factory,4f|[Gen 9] 1v1 Factory,4f|[Gen 9] BSS Factory,5d|[Gen 9] Draft Factory,4d|[Gen 9] Baby Random Battle,4f|[Gen 9] Hackmons Cup,4f|[Gen 9] Doubles Hackmons Cup,4d|[Gen 9] Broken Cup,4f|[Gen 9] Challenge Cup 1v1,4f|[Gen 9] Challenge Cup 2v2,4f|[Gen 9] Challenge Cup 6v6,4d|[Gen 9] Metronome Battle,4e|[Gen 8] Random Battle,4f|[Gen 8] Random Doubles Battle,4d|[Gen 8] Free-For-All Random Battle,5|[Gen 8] Multi Random Battle,5|[Gen 8] Battle Factory,4d|[Gen 8] BSS Factory,5d|[Gen 8] Hackmons Cup,4d|[Gen 8] CAP 1v1,4d|[Gen 8 BDSP] Random Battle,4d|[Gen 7] Random Battle,4f|[Gen 7] Battle Factory,4d|[Gen 7] BSS Factory,5d|[Gen 7] Hackmons Cup,9|[Gen 7 Let's Go] Random Battle,4d|[Gen 6] Random Battle,4f|[Gen 6] Battle Factory,9|[Gen 5] Random Battle,4f|[Gen 4] Random Battle,4f|[Gen 3] Random Battle,4f|[Gen 2] Random Battle,4f|[Gen 1] Random Battle,4f|[Gen 1] Challenge Cup,9|[Gen 1] Hackmons Cup,9|,4|Past Gens OU|[Gen 8] OU,e|[Gen 7] OU,e|[Gen 6] OU,e|[Gen 5] OU,e|[Gen 4] OU,e|[Gen 3] OU,e|[Gen 2] OU,e|[Gen 1] OU,e|,4|Past Gens Doubles OU|[Gen 8] Doubles OU,e|[Gen 7] Doubles OU,e|[Gen 6] Doubles OU,e|[Gen 5] Doubles OU,c|[Gen 4] Doubles OU,c|[Gen 3] Doubles OU,c|,4|Sw/Sh Singles|[Gen 8] Ubers,c|[Gen 8] UU,c|[Gen 8] RU,c|[Gen 8] NU,c|[Gen 8] PU,c|[Gen 8] LC,c|[Gen 8] Monotype,c|[Gen 8] 1v1,c|[Gen 8] Anything Goes,c|[Gen 8] ZU,c|[Gen 8] CAP,c|[Gen 8] Battle Stadium Singles,5c|[Gen 8 BDSP] OU,c|[Gen 8 BDSP] Ubers,c|[Gen 8] Custom Game,c|,4|Sw/Sh Doubles|[Gen 8] Doubles Ubers,c|[Gen 8] Doubles UU,c|[Gen 8] VGC 2022,5c|[Gen 8] VGC 2021,5c|[Gen 8] VGC 2020,5c|[Gen 8 BDSP] Doubles OU,c|[Gen 8 BDSP] Battle Festival Doubles,1c|[Gen 8] Doubles Custom Game,c|,4|US/UM Singles|[Gen 7] Ubers,c|[Gen 7] UU,c|[Gen 7] RU,c|[Gen 7] NU,c|[Gen 7] PU,c|[Gen 7] LC,c|[Gen 7] Monotype,c|[Gen 7] 1v1,c|[Gen 7] Anything Goes,c|[Gen 7] ZU,c|[Gen 7] CAP,c|[Gen 7] Battle Spot Singles,5c|[Gen 7 Let's Go] OU,1c|[Gen 7] Custom Game,c|,4|US/UM Doubles|[Gen 7] Doubles UU,c|[Gen 7] VGC 2019,5c|[Gen 7] VGC 2018,5c|[Gen 7] VGC 2017,5c|[Gen 7] Battle Spot Doubles,5c|[Gen 7 Let's Go] Doubles OU,1c|[Gen 7] Doubles Custom Game,c|,4|OR/AS Singles|[Gen 6] Ubers,c|[Gen 6] UU,c|[Gen 6] RU,c|[Gen 6] PU,c|[Gen 6] LC,c|[Gen 6] Monotype,c|[Gen 6] 1v1,c|[Gen 6] Anything Goes,c|[Gen 6] ZU,c|[Gen 6] CAP,c|[Gen 6] Battle Spot Singles,5c|[Gen 6] Custom Game,c|,4|OR/AS Doubles/Triples|[Gen 6] VGC 2016,5c|[Gen 6] VGC 2015,5c|[Gen 6] VGC 2014,5c|[Gen 6] Battle Spot Doubles,5c|[Gen 6] Doubles Custom Game,c|[Gen 6] Battle Spot Triples,1c|[Gen 6] Triples Custom Game,c|,4|B2/W2 Singles|[Gen 5] Ubers,c|[Gen 5] UU,c|[Gen 5] RU,c|[Gen 5] NU,c|[Gen 5] PU,c|[Gen 5] Monotype,c|[Gen 5] LC,c|[Gen 5] 1v1,c|[Gen 5] CAP,c|[Gen 5] ZU,c|[Gen 5] BW1 OU,c|[Gen 5] GBU Singles,5c|[Gen 5] Custom Game,c|,4|B2/W2 Doubles|[Gen 5] VGC 2013,5c|[Gen 5] VGC 2012,5c|[Gen 5] VGC 2011,5c|[Gen 5] Doubles Custom Game,c|[Gen 5] Triples Custom Game,c|,4|DPP Singles|[Gen 4] UU,c|[Gen 4] NU,c|[Gen 4] LC,c|[Gen 4] Anything Goes,c|[Gen 4] 1v1,c|[Gen 4] CAP,c|[Gen 4] PU,c|[Gen 4] ZU,c|[Gen 4] Custom Game,c|,4|DPP Doubles|[Gen 4] VGC 2010,5c|[Gen 4] Doubles Custom Game,c|,4|Past Generations|[Gen 3] Ubers,c|[Gen 3] UU,c|[Gen 3] RU,c|[Gen 3] NU,c|[Gen 3] PU,c|[Gen 3] LC,c|[Gen 3] 1v1,c|[Gen 3] UUBL,c|[Gen 3] ZU,c|[Gen 3] ADV 200,c|[Gen 3] ADV 200 Doubles,c|[Gen 3] Orre Colosseum,4c|[Gen 3] Custom Game,c|[Gen 3] Doubles Custom Game,c|[Gen 2] Ubers,c|[Gen 2] UU,c|[Gen 2] NU,c|[Gen 2] PU,c|[Gen 2] 1v1,c|[Gen 2] ZU,c|[Gen 2] NC 2000,4c|[Gen 2] Stadium OU,c|[Gen 2] Custom Game,c|[Gen 1] Ubers,c|[Gen 1] UU,c|[Gen 1] NU,c|[Gen 1] PU,c|[Gen 1] ZU,c|[Gen 1] LC,c|[Gen 1] 1v1,c|[Gen 1] NC 1997,4c|[Gen 1] Japanese OU,c|[Gen 1] Stadium OU,c|[Gen 1] Tradebacks OU,c|[Gen 1] Custom Game,c
[2026-03-09 16:43:08,016][SimpleHeuristics 1][INFO] - [92m[1m<<<[0m |challstr|4|08fa90799b48c710c25e0427acbc147cb6efe0513cb6175908cacc02b60dd622c595c778b2c54672fc93c24bb81929e1fb81138ca2258199ad82504a77a7a366e3de2c4feffc069d0503c6be537e97f72bce028354a5bdd78716394baaf895004154495abb4866b2519c2ca19224157ca760421505b0b3675182c96328a9d869
[2026-03-09 16:43:08,016][SimpleHeuristics 1][INFO] - Bypassing authentication request
[2026-03-09 16:43:08,016][SimpleHeuristics 1][INFO] - [93m[1m>>>[0m |/trn SimpleHeuristics 1,0,
[2026-03-09 16:43:08,017][SimpleHeuristics 1][INFO] - [92m[1m<<<[0m |updatesearch|{"searching":[],"games":null}
[2026-03-09 16:43:08,018][SimpleHeuristics 1][INFO] - [92m[1m<<<[0m |updateuser| SimpleHeuristics 1|1|265|{"blockChallenges":false,"blockPMs":false,"ignoreTickets":false,"hideBattlesFromTrainerCard":false,"blockInvites":false,"doNotDisturb":false,"blockFriendRequests":false,"allowFriendNotifications":false,"displayBattlesToFriends":false,"hideLogins":false,"hiddenNextBattle":false,"inviteOnlyNextBattle":false,"language":null}
[2026-03-09 16:43:08,018][SimpleHeuristics 1][INFO] - [92m[1m<<<[0m |updatesearch|{"searching":[],"games":null}
[2026-03-09 16:43:08,019][SimpleHeuristics 2][INFO] - Starting listening to showdown websocket
[2026-03-09 16:43:08,035][SimpleHeuristics 2][INFO] - [92m[1m<<<[0m |updateuser| Guest 14|0|169|{"blockChallenges":false,"blockPMs":false,"ignoreTickets":false,"hideBattlesFromTrainerCard":false,"blockInvites":false,"doNotDisturb":false,"blockFriendRequests":false,"allowFriendNotifications":false,"displayBattlesToFriends":false,"hideLogins":false,"hiddenNextBattle":false,"inviteOnlyNextBattle":false,"language":null}
|customgroups|[{"symbol":"~","name":"Administrator","type":"leadership"},{"symbol":"#","name":"Room Owner","type":"leadership"},{"symbol":"★","name":"Host","type":"leadership"},{"symbol":"@","name":"Moderator","type":"staff"},{"symbol":"%","name":"Driver","type":"staff"},{"symbol":"*","name":"Bot","type":"normal"},{"symbol":"☆","name":"Player","type":"normal"},{"symbol":"+","name":"Voice","type":"normal"},{"symbol":"^","name":"Prize Winner","type":"normal"},{"symbol":"whitelist","name":"Whitelist","type":"normal"},{"symbol":" ","name":null,"type":"normal"},{"symbol":"‽","name":"Locked","type":"punishment"},{"symbol":"!","name":"Muted","type":"punishment"}]
|formats|,LL|,1|S/V Singles|[Gen 9] Random Battle,4f|[Gen 9] Unrated Random Battle,b|[Gen 9] Free-For-All Random Battle,7|[Gen 9] Random Battle (Blitz),4f|[Gen 9] Multi Random Battle,5|[Gen 9] OU,e|[Gen 9] Ubers,e|[Gen 9] UU,e|[Gen 9] RU,e|[Gen 9] NU,e|[Gen 9] PU,e|[Gen 9] LC,e|[Gen 9] Monotype,e|[Gen 9] CAP,e|[Gen 9] BSS Reg I,5e|[Gen 9] BSS Reg J,5c|[Gen 9] Custom Game,c|,1|S/V Doubles|[Gen 9] Random Doubles Battle,4f|[Gen 9] Doubles OU,e|[Gen 9] Doubles Ubers,e|[Gen 9] Doubles UU,e|[Gen 9] Doubles LC,c|[Gen 9] VGC 2023 Reg C,5c|[Gen 9] VGC 2023 Reg D,5c|[Gen 9] VGC 2024 Reg G,5c|[Gen 9] VGC 2026 Reg I,5e|[Gen 9] VGC 2026 Reg F,5e|[Gen 9] VGC 2026 Reg F (Bo3),1e|[Gen 9] Doubles Custom Game,c|,1|Unofficial Metagames|[Gen 9] 1v1,e|[Gen 9] 2v2 Doubles,e|[Gen 9] Anything Goes,e|[Gen 9] ZU,e|[Gen 9] Free-For-All,6|[Gen 9] LC UU,c|[Gen 9] NFE,c|[Gen 9] Ubers UU,c|,1|Draft|[Gen 9] Draft,8c|[Gen 9] 6v6 Doubles Draft,8c|[Gen 9] 4v4 Doubles Draft,dc|[Gen 9] NatDex Draft,8c|[Gen 9] NatDex 6v6 Doubles Draft,8c|[Gen 9] NatDex LC Draft,8c|[Gen 8] Draft,c|[Gen 8] NatDex Draft,c|[Gen 8] NatDex 4v4 Doubles Draft,1c|[Gen 7] Draft,c|[Gen 6] Draft,c|[Gen 5] Draft,c|[Gen 4] Draft,c|[Gen 3] Draft,c|,2|Ladder Spotlight|[Gen 9] BSS Factory (Bo3),1f|[Gen 9] Linked,e|[Gen 9] 350 Cup,e|[Gen 9] Pokebilities AAA,e|[Gen 9] 4v4 Doubles UU,5e|[Gen 9] National Dex RU,e|[Gen 6] Megas Revisited Random Battle,4f|[Gen 9] ChatBats,f|[Gen 4] Ubers,e|[Gen 6] NU,e|[Gen 4] VGC 2009,5e|,2|Other Metagames|[Gen 9] Almost Any Ability,e|[Gen 9] Balanced Hackmons,e|[Gen 9] Godly Gift,e|[Gen 9] Mix and Mega,e|[Gen 9] Shared Power,e|[Gen 9] STABmons,e|[Gen 6] Pure Hackmons,e|,2|Challengeable OMs|[Gen 9] 1-2 Switch,c|[Gen 9] Alphabet Cup,c|[Gen 9] Bad 'n Boosted,c|[Gen 9] Battlefields,c|[Gen 9] Bio Mech Mons,c|[Gen 9] Camomons,c|[Gen 9] Category Swap,c|[Gen 9] Convergence,c|[Gen 9] Cross Evolution,c|[Gen 9] Fervent Impersonation,c|[Gen 9] Flipped,c|[Gen 9] Foresighters,c|[Gen 9] Formemons,c|[Gen 9] Fortemons,c|[Gen 9] Frantic Fusions,c|[Gen 9] Full Potential,c|[Gen 9] Inheritance,c|[Gen 9] Inverse,c|[Gen 9] Nature Swap,c|[Gen 9] Partners in Crime,c|[Gen 9] Passive Aggressive,c|[Gen 9] Pokebilities,c|[Gen 9] Pokemoves,c|[Gen 9] Pure Hackmons,c|[Gen 9] Relay Race,c|[Gen 9] Revelationmons,c|[Gen 9] Sharing is Caring,c|[Gen 9] Tera Donation,c|[Gen 9] Tera Override,c|[Gen 9] The Card Game,c|[Gen 9] The Loser's Game,c|[Gen 9] Tier Shift,c|[Gen 9] Trademarked,c|[Gen 9] Triples,c|[Gen 9] Type Split,c|[Gen 9] VoltTurn Mayhem,c|[Gen 7] Pure Hackmons,c|,2|Temporary Tour Metas|[Gen 9] Mix and Mega LC,c|[Gen 8] Mix and Mega,c|[Gen 7] Mix and Mega,c|[Gen 6] Mix and Mega,c|,2|National Dex|[Gen 9] National Dex,e|[Gen 8] National Dex,e|,2|National Dex Other Tiers|[Gen 9] National Dex 35 Pokes,c|[Gen 9] National Dex Ubers,e|[Gen 9] National Dex UU,e|[Gen 9] National Dex Ubers UU,c|[Gen 9] National Dex LC,c|[Gen 9] National Dex Monotype,e|[Gen 9] National Dex Doubles,e|[Gen 9] National Dex Doubles Ubers,c|[Gen 9] National Dex 1v1,c|[Gen 9] National Dex AG,c|[Gen 9] National Dex AAA,c|[Gen 9] National Dex BH,c|[Gen 9] National Dex Godly Gift,c|[Gen 9] National Dex STABmons,c|[Gen 8] National Dex UU,c|[Gen 8] National Dex RU,c|[Gen 8] National Dex Doubles,e|[Gen 8] National Dex Monotype,c|[Gen 8 DLC 1] National Dex AG,c|,2|Pet Mods|[Gen 6] Megas Revisited,c|[Gen 9] Legends Z-A OU,e|,3|Randomized Metas|[Gen 9] Random Roulette,4f|[Gen 9] Super Staff Bros Ultimate,4f|[Gen 9] Monotype Random Battle,4f|[Gen 9] Random Battle (Shared Power, B12P6),4f|[Gen 9] Random Battle Mayhem,4f|[Gen 9] Battle Factory,4f|[Gen 9] 1v1 Factory,4f|[Gen 9] BSS Factory,5d|[Gen 9] Draft Factory,4d|[Gen 9] Baby Random Battle,4f|[Gen 9] Hackmons Cup,4f|[Gen 9] Doubles Hackmons Cup,4d|[Gen 9] Broken Cup,4f|[Gen 9] Challenge Cup 1v1,4f|[Gen 9] Challenge Cup 2v2,4f|[Gen 9] Challenge Cup 6v6,4d|[Gen 9] Metronome Battle,4e|[Gen 8] Random Battle,4f|[Gen 8] Random Doubles Battle,4d|[Gen 8] Free-For-All Random Battle,5|[Gen 8] Multi Random Battle,5|[Gen 8] Battle Factory,4d|[Gen 8] BSS Factory,5d|[Gen 8] Hackmons Cup,4d|[Gen 8] CAP 1v1,4d|[Gen 8 BDSP] Random Battle,4d|[Gen 7] Random Battle,4f|[Gen 7] Battle Factory,4d|[Gen 7] BSS Factory,5d|[Gen 7] Hackmons Cup,9|[Gen 7 Let's Go] Random Battle,4d|[Gen 6] Random Battle,4f|[Gen 6] Battle Factory,9|[Gen 5] Random Battle,4f|[Gen 4] Random Battle,4f|[Gen 3] Random Battle,4f|[Gen 2] Random Battle,4f|[Gen 1] Random Battle,4f|[Gen 1] Challenge Cup,9|[Gen 1] Hackmons Cup,9|,4|Past Gens OU|[Gen 8] OU,e|[Gen 7] OU,e|[Gen 6] OU,e|[Gen 5] OU,e|[Gen 4] OU,e|[Gen 3] OU,e|[Gen 2] OU,e|[Gen 1] OU,e|,4|Past Gens Doubles OU|[Gen 8] Doubles OU,e|[Gen 7] Doubles OU,e|[Gen 6] Doubles OU,e|[Gen 5] Doubles OU,c|[Gen 4] Doubles OU,c|[Gen 3] Doubles OU,c|,4|Sw/Sh Singles|[Gen 8] Ubers,c|[Gen 8] UU,c|[Gen 8] RU,c|[Gen 8] NU,c|[Gen 8] PU,c|[Gen 8] LC,c|[Gen 8] Monotype,c|[Gen 8] 1v1,c|[Gen 8] Anything Goes,c|[Gen 8] ZU,c|[Gen 8] CAP,c|[Gen 8] Battle Stadium Singles,5c|[Gen 8 BDSP] OU,c|[Gen 8 BDSP] Ubers,c|[Gen 8] Custom Game,c|,4|Sw/Sh Doubles|[Gen 8] Doubles Ubers,c|[Gen 8] Doubles UU,c|[Gen 8] VGC 2022,5c|[Gen 8] VGC 2021,5c|[Gen 8] VGC 2020,5c|[Gen 8 BDSP] Doubles OU,c|[Gen 8 BDSP] Battle Festival Doubles,1c|[Gen 8] Doubles Custom Game,c|,4|US/UM Singles|[Gen 7] Ubers,c|[Gen 7] UU,c|[Gen 7] RU,c|[Gen 7] NU,c|[Gen 7] PU,c|[Gen 7] LC,c|[Gen 7] Monotype,c|[Gen 7] 1v1,c|[Gen 7] Anything Goes,c|[Gen 7] ZU,c|[Gen 7] CAP,c|[Gen 7] Battle Spot Singles,5c|[Gen 7 Let's Go] OU,1c|[Gen 7] Custom Game,c|,4|US/UM Doubles|[Gen 7] Doubles UU,c|[Gen 7] VGC 2019,5c|[Gen 7] VGC 2018,5c|[Gen 7] VGC 2017,5c|[Gen 7] Battle Spot Doubles,5c|[Gen 7 Let's Go] Doubles OU,1c|[Gen 7] Doubles Custom Game,c|,4|OR/AS Singles|[Gen 6] Ubers,c|[Gen 6] UU,c|[Gen 6] RU,c|[Gen 6] PU,c|[Gen 6] LC,c|[Gen 6] Monotype,c|[Gen 6] 1v1,c|[Gen 6] Anything Goes,c|[Gen 6] ZU,c|[Gen 6] CAP,c|[Gen 6] Battle Spot Singles,5c|[Gen 6] Custom Game,c|,4|OR/AS Doubles/Triples|[Gen 6] VGC 2016,5c|[Gen 6] VGC 2015,5c|[Gen 6] VGC 2014,5c|[Gen 6] Battle Spot Doubles,5c|[Gen 6] Doubles Custom Game,c|[Gen 6] Battle Spot Triples,1c|[Gen 6] Triples Custom Game,c|,4|B2/W2 Singles|[Gen 5] Ubers,c|[Gen 5] UU,c|[Gen 5] RU,c|[Gen 5] NU,c|[Gen 5] PU,c|[Gen 5] Monotype,c|[Gen 5] LC,c|[Gen 5] 1v1,c|[Gen 5] CAP,c|[Gen 5] ZU,c|[Gen 5] BW1 OU,c|[Gen 5] GBU Singles,5c|[Gen 5] Custom Game,c|,4|B2/W2 Doubles|[Gen 5] VGC 2013,5c|[Gen 5] VGC 2012,5c|[Gen 5] VGC 2011,5c|[Gen 5] Doubles Custom Game,c|[Gen 5] Triples Custom Game,c|,4|DPP Singles|[Gen 4] UU,c|[Gen 4] NU,c|[Gen 4] LC,c|[Gen 4] Anything Goes,c|[Gen 4] 1v1,c|[Gen 4] CAP,c|[Gen 4] PU,c|[Gen 4] ZU,c|[Gen 4] Custom Game,c|,4|DPP Doubles|[Gen 4] VGC 2010,5c|[Gen 4] Doubles Custom Game,c|,4|Past Generations|[Gen 3] Ubers,c|[Gen 3] UU,c|[Gen 3] RU,c|[Gen 3] NU,c|[Gen 3] PU,c|[Gen 3] LC,c|[Gen 3] 1v1,c|[Gen 3] UUBL,c|[Gen 3] ZU,c|[Gen 3] ADV 200,c|[Gen 3] ADV 200 Doubles,c|[Gen 3] Orre Colosseum,4c|[Gen 3] Custom Game,c|[Gen 3] Doubles Custom Game,c|[Gen 2] Ubers,c|[Gen 2] UU,c|[Gen 2] NU,c|[Gen 2] PU,c|[Gen 2] 1v1,c|[Gen 2] ZU,c|[Gen 2] NC 2000,4c|[Gen 2] Stadium OU,c|[Gen 2] Custom Game,c|[Gen 1] Ubers,c|[Gen 1] UU,c|[Gen 1] NU,c|[Gen 1] PU,c|[Gen 1] ZU,c|[Gen 1] LC,c|[Gen 1] 1v1,c|[Gen 1] NC 1997,4c|[Gen 1] Japanese OU,c|[Gen 1] Stadium OU,c|[Gen 1] Tradebacks OU,c|[Gen 1] Custom Game,c
[2026-03-09 16:43:08,036][SimpleHeuristics 2][INFO] - [92m[1m<<<[0m |challstr|4|e95c20be98b3d90c15ef365ac7f3a0f5b2fa0d526a32298d34c455d0d81915326ac3a2ca1b0dc1d98e15fe9fc27e0cb2305a6c86a7adbf1f42a14e413f8c75279eef522f3aeb012b769e0f5a7bfe1cd83575c514068284a795f883d172ea1d69cee0294b7ebf9b5fdb80baafa22f2e9e498cd3356265fb9a923463d83ab66796
[2026-03-09 16:43:08,036][SimpleHeuristics 2][INFO] - Bypassing authentication request
[2026-03-09 16:43:08,037][SimpleHeuristics 2][INFO] - [93m[1m>>>[0m |/trn SimpleHeuristics 2,0,
[2026-03-09 16:43:08,038][SimpleHeuristics 2][INFO] - [92m[1m<<<[0m |updatesearch|{"searching":[],"games":null}
[2026-03-09 16:43:08,038][SimpleHeuristics 2][INFO] - [92m[1m<<<[0m |updateuser| SimpleHeuristics 2|1|169|{"blockChallenges":false,"blockPMs":false,"ignoreTickets":false,"hideBattlesFromTrainerCard":false,"blockInvites":false,"doNotDisturb":false,"blockFriendRequests":false,"allowFriendNotifications":false,"displayBattlesToFriends":false,"hideLogins":false,"hiddenNextBattle":false,"inviteOnlyNextBattle":false,"language":null}
[2026-03-09 16:43:08,038][SimpleHeuristics 2][INFO] - [92m[1m<<<[0m |updatesearch|{"searching":[],"games":null}
[2026-03-09 16:43:08,648][SimpleHeuristics 3][INFO] - Starting listening to showdown websocket
[2026-03-09 16:43:08,650][SimpleHeuristics 3][INFO] - [92m[1m<<<[0m |updateuser| Guest 17|0|2|{"blockChallenges":false,"blockPMs":false,"ignoreTickets":false,"hideBattlesFromTrainerCard":false,"blockInvites":false,"doNotDisturb":false,"blockFriendRequests":false,"allowFriendNotifications":false,"displayBattlesToFriends":false,"hideLogins":false,"hiddenNextBattle":false,"inviteOnlyNextBattle":false,"language":null}
|customgroups|[{"symbol":"~","name":"Administrator","type":"leadership"},{"symbol":"#","name":"Room Owner","type":"leadership"},{"symbol":"★","name":"Host","type":"leadership"},{"symbol":"@","name":"Moderator","type":"staff"},{"symbol":"%","name":"Driver","type":"staff"},{"symbol":"*","name":"Bot","type":"normal"},{"symbol":"☆","name":"Player","type":"normal"},{"symbol":"+","name":"Voice","type":"normal"},{"symbol":"^","name":"Prize Winner","type":"normal"},{"symbol":"whitelist","name":"Whitelist","type":"normal"},{"symbol":" ","name":null,"type":"normal"},{"symbol":"‽","name":"Locked","type":"punishment"},{"symbol":"!","name":"Muted","type":"punishment"}]
|formats|,LL|,1|S/V Singles|[Gen 9] Random Battle,4f|[Gen 9] Unrated Random Battle,b|[Gen 9] Free-For-All Random Battle,7|[Gen 9] Random Battle (Blitz),4f|[Gen 9] Multi Random Battle,5|[Gen 9] OU,e|[Gen 9] Ubers,e|[Gen 9] UU,e|[Gen 9] RU,e|[Gen 9] NU,e|[Gen 9] PU,e|[Gen 9] LC,e|[Gen 9] Monotype,e|[Gen 9] CAP,e|[Gen 9] BSS Reg I,5e|[Gen 9] BSS Reg J,5c|[Gen 9] Custom Game,c|,1|S/V Doubles|[Gen 9] Random Doubles Battle,4f|[Gen 9] Doubles OU,e|[Gen 9] Doubles Ubers,e|[Gen 9] Doubles UU,e|[Gen 9] Doubles LC,c|[Gen 9] VGC 2023 Reg C,5c|[Gen 9] VGC 2023 Reg D,5c|[Gen 9] VGC 2024 Reg G,5c|[Gen 9] VGC 2026 Reg I,5e|[Gen 9] VGC 2026 Reg F,5e|[Gen 9] VGC 2026 Reg F (Bo3),1e|[Gen 9] Doubles Custom Game,c|,1|Unofficial Metagames|[Gen 9] 1v1,e|[Gen 9] 2v2 Doubles,e|[Gen 9] Anything Goes,e|[Gen 9] ZU,e|[Gen 9] Free-For-All,6|[Gen 9] LC UU,c|[Gen 9] NFE,c|[Gen 9] Ubers UU,c|,1|Draft|[Gen 9] Draft,8c|[Gen 9] 6v6 Doubles Draft,8c|[Gen 9] 4v4 Doubles Draft,dc|[Gen 9] NatDex Draft,8c|[Gen 9] NatDex 6v6 Doubles Draft,8c|[Gen 9] NatDex LC Draft,8c|[Gen 8] Draft,c|[Gen 8] NatDex Draft,c|[Gen 8] NatDex 4v4 Doubles Draft,1c|[Gen 7] Draft,c|[Gen 6] Draft,c|[Gen 5] Draft,c|[Gen 4] Draft,c|[Gen 3] Draft,c|,2|Ladder Spotlight|[Gen 9] BSS Factory (Bo3),1f|[Gen 9] Linked,e|[Gen 9] 350 Cup,e|[Gen 9] Pokebilities AAA,e|[Gen 9] 4v4 Doubles UU,5e|[Gen 9] National Dex RU,e|[Gen 6] Megas Revisited Random Battle,4f|[Gen 9] ChatBats,f|[Gen 4] Ubers,e|[Gen 6] NU,e|[Gen 4] VGC 2009,5e|,2|Other Metagames|[Gen 9] Almost Any Ability,e|[Gen 9] Balanced Hackmons,e|[Gen 9] Godly Gift,e|[Gen 9] Mix and Mega,e|[Gen 9] Shared Power,e|[Gen 9] STABmons,e|[Gen 6] Pure Hackmons,e|,2|Challengeable OMs|[Gen 9] 1-2 Switch,c|[Gen 9] Alphabet Cup,c|[Gen 9] Bad 'n Boosted,c|[Gen 9] Battlefields,c|[Gen 9] Bio Mech Mons,c|[Gen 9] Camomons,c|[Gen 9] Category Swap,c|[Gen 9] Convergence,c|[Gen 9] Cross Evolution,c|[Gen 9] Fervent Impersonation,c|[Gen 9] Flipped,c|[Gen 9] Foresighters,c|[Gen 9] Formemons,c|[Gen 9] Fortemons,c|[Gen 9] Frantic Fusions,c|[Gen 9] Full Potential,c|[Gen 9] Inheritance,c|[Gen 9] Inverse,c|[Gen 9] Nature Swap,c|[Gen 9] Partners in Crime,c|[Gen 9] Passive Aggressive,c|[Gen 9] Pokebilities,c|[Gen 9] Pokemoves,c|[Gen 9] Pure Hackmons,c|[Gen 9] Relay Race,c|[Gen 9] Revelationmons,c|[Gen 9] Sharing is Caring,c|[Gen 9] Tera Donation,c|[Gen 9] Tera Override,c|[Gen 9] The Card Game,c|[Gen 9] The Loser's Game,c|[Gen 9] Tier Shift,c|[Gen 9] Trademarked,c|[Gen 9] Triples,c|[Gen 9] Type Split,c|[Gen 9] VoltTurn Mayhem,c|[Gen 7] Pure Hackmons,c|,2|Temporary Tour Metas|[Gen 9] Mix and Mega LC,c|[Gen 8] Mix and Mega,c|[Gen 7] Mix and Mega,c|[Gen 6] Mix and Mega,c|,2|National Dex|[Gen 9] National Dex,e|[Gen 8] National Dex,e|,2|National Dex Other Tiers|[Gen 9] National Dex 35 Pokes,c|[Gen 9] National Dex Ubers,e|[Gen 9] National Dex UU,e|[Gen 9] National Dex Ubers UU,c|[Gen 9] National Dex LC,c|[Gen 9] National Dex Monotype,e|[Gen 9] National Dex Doubles,e|[Gen 9] National Dex Doubles Ubers,c|[Gen 9] National Dex 1v1,c|[Gen 9] National Dex AG,c|[Gen 9] National Dex AAA,c|[Gen 9] National Dex BH,c|[Gen 9] National Dex Godly Gift,c|[Gen 9] National Dex STABmons,c|[Gen 8] National Dex UU,c|[Gen 8] National Dex RU,c|[Gen 8] National Dex Doubles,e|[Gen 8] National Dex Monotype,c|[Gen 8 DLC 1] National Dex AG,c|,2|Pet Mods|[Gen 6] Megas Revisited,c|[Gen 9] Legends Z-A OU,e|,3|Randomized Metas|[Gen 9] Random Roulette,4f|[Gen 9] Super Staff Bros Ultimate,4f|[Gen 9] Monotype Random Battle,4f|[Gen 9] Random Battle (Shared Power, B12P6),4f|[Gen 9] Random Battle Mayhem,4f|[Gen 9] Battle Factory,4f|[Gen 9] 1v1 Factory,4f|[Gen 9] BSS Factory,5d|[Gen 9] Draft Factory,4d|[Gen 9] Baby Random Battle,4f|[Gen 9] Hackmons Cup,4f|[Gen 9] Doubles Hackmons Cup,4d|[Gen 9] Broken Cup,4f|[Gen 9] Challenge Cup 1v1,4f|[Gen 9] Challenge Cup 2v2,4f|[Gen 9] Challenge Cup 6v6,4d|[Gen 9] Metronome Battle,4e|[Gen 8] Random Battle,4f|[Gen 8] Random Doubles Battle,4d|[Gen 8] Free-For-All Random Battle,5|[Gen 8] Multi Random Battle,5|[Gen 8] Battle Factory,4d|[Gen 8] BSS Factory,5d|[Gen 8] Hackmons Cup,4d|[Gen 8] CAP 1v1,4d|[Gen 8 BDSP] Random Battle,4d|[Gen 7] Random Battle,4f|[Gen 7] Battle Factory,4d|[Gen 7] BSS Factory,5d|[Gen 7] Hackmons Cup,9|[Gen 7 Let's Go] Random Battle,4d|[Gen 6] Random Battle,4f|[Gen 6] Battle Factory,9|[Gen 5] Random Battle,4f|[Gen 4] Random Battle,4f|[Gen 3] Random Battle,4f|[Gen 2] Random Battle,4f|[Gen 1] Random Battle,4f|[Gen 1] Challenge Cup,9|[Gen 1] Hackmons Cup,9|,4|Past Gens OU|[Gen 8] OU,e|[Gen 7] OU,e|[Gen 6] OU,e|[Gen 5] OU,e|[Gen 4] OU,e|[Gen 3] OU,e|[Gen 2] OU,e|[Gen 1] OU,e|,4|Past Gens Doubles OU|[Gen 8] Doubles OU,e|[Gen 7] Doubles OU,e|[Gen 6] Doubles OU,e|[Gen 5] Doubles OU,c|[Gen 4] Doubles OU,c|[Gen 3] Doubles OU,c|,4|Sw/Sh Singles|[Gen 8] Ubers,c|[Gen 8] UU,c|[Gen 8] RU,c|[Gen 8] NU,c|[Gen 8] PU,c|[Gen 8] LC,c|[Gen 8] Monotype,c|[Gen 8] 1v1,c|[Gen 8] Anything Goes,c|[Gen 8] ZU,c|[Gen 8] CAP,c|[Gen 8] Battle Stadium Singles,5c|[Gen 8 BDSP] OU,c|[Gen 8 BDSP] Ubers,c|[Gen 8] Custom Game,c|,4|Sw/Sh Doubles|[Gen 8] Doubles Ubers,c|[Gen 8] Doubles UU,c|[Gen 8] VGC 2022,5c|[Gen 8] VGC 2021,5c|[Gen 8] VGC 2020,5c|[Gen 8 BDSP] Doubles OU,c|[Gen 8 BDSP] Battle Festival Doubles,1c|[Gen 8] Doubles Custom Game,c|,4|US/UM Singles|[Gen 7] Ubers,c|[Gen 7] UU,c|[Gen 7] RU,c|[Gen 7] NU,c|[Gen 7] PU,c|[Gen 7] LC,c|[Gen 7] Monotype,c|[Gen 7] 1v1,c|[Gen 7] Anything Goes,c|[Gen 7] ZU,c|[Gen 7] CAP,c|[Gen 7] Battle Spot Singles,5c|[Gen 7 Let's Go] OU,1c|[Gen 7] Custom Game,c|,4|US/UM Doubles|[Gen 7] Doubles UU,c|[Gen 7] VGC 2019,5c|[Gen 7] VGC 2018,5c|[Gen 7] VGC 2017,5c|[Gen 7] Battle Spot Doubles,5c|[Gen 7 Let's Go] Doubles OU,1c|[Gen 7] Doubles Custom Game,c|,4|OR/AS Singles|[Gen 6] Ubers,c|[Gen 6] UU,c|[Gen 6] RU,c|[Gen 6] PU,c|[Gen 6] LC,c|[Gen 6] Monotype,c|[Gen 6] 1v1,c|[Gen 6] Anything Goes,c|[Gen 6] ZU,c|[Gen 6] CAP,c|[Gen 6] Battle Spot Singles,5c|[Gen 6] Custom Game,c|,4|OR/AS Doubles/Triples|[Gen 6] VGC 2016,5c|[Gen 6] VGC 2015,5c|[Gen 6] VGC 2014,5c|[Gen 6] Battle Spot Doubles,5c|[Gen 6] Doubles Custom Game,c|[Gen 6] Battle Spot Triples,1c|[Gen 6] Triples Custom Game,c|,4|B2/W2 Singles|[Gen 5] Ubers,c|[Gen 5] UU,c|[Gen 5] RU,c|[Gen 5] NU,c|[Gen 5] PU,c|[Gen 5] Monotype,c|[Gen 5] LC,c|[Gen 5] 1v1,c|[Gen 5] CAP,c|[Gen 5] ZU,c|[Gen 5] BW1 OU,c|[Gen 5] GBU Singles,5c|[Gen 5] Custom Game,c|,4|B2/W2 Doubles|[Gen 5] VGC 2013,5c|[Gen 5] VGC 2012,5c|[Gen 5] VGC 2011,5c|[Gen 5] Doubles Custom Game,c|[Gen 5] Triples Custom Game,c|,4|DPP Singles|[Gen 4] UU,c|[Gen 4] NU,c|[Gen 4] LC,c|[Gen 4] Anything Goes,c|[Gen 4] 1v1,c|[Gen 4] CAP,c|[Gen 4] PU,c|[Gen 4] ZU,c|[Gen 4] Custom Game,c|,4|DPP Doubles|[Gen 4] VGC 2010,5c|[Gen 4] Doubles Custom Game,c|,4|Past Generations|[Gen 3] Ubers,c|[Gen 3] UU,c|[Gen 3] RU,c|[Gen 3] NU,c|[Gen 3] PU,c|[Gen 3] LC,c|[Gen 3] 1v1,c|[Gen 3] UUBL,c|[Gen 3] ZU,c|[Gen 3] ADV 200,c|[Gen 3] ADV 200 Doubles,c|[Gen 3] Orre Colosseum,4c|[Gen 3] Custom Game,c|[Gen 3] Doubles Custom Game,c|[Gen 2] Ubers,c|[Gen 2] UU,c|[Gen 2] NU,c|[Gen 2] PU,c|[Gen 2] 1v1,c|[Gen 2] ZU,c|[Gen 2] NC 2000,4c|[Gen 2] Stadium OU,c|[Gen 2] Custom Game,c|[Gen 1] Ubers,c|[Gen 1] UU,c|[Gen 1] NU,c|[Gen 1] PU,c|[Gen 1] ZU,c|[Gen 1] LC,c|[Gen 1] 1v1,c|[Gen 1] NC 1997,4c|[Gen 1] Japanese OU,c|[Gen 1] Stadium OU,c|[Gen 1] Tradebacks OU,c|[Gen 1] Custom Game,c
[2026-03-09 16:43:08,650][SimpleHeuristics 3][INFO] - [92m[1m<<<[0m |challstr|4|fa1d82f04ee19fe0af8f3fdb57077242105e8371f89d221111a8f37bfaae0ca7dae6cbc4cb68c041645b37bf9a32a965184b35a4539bfa04687e38e66f937860e2461f5c7bc70835cca47fec444361d8ebbadefbdbee6b5e3a897c4d4abc9b0222a499a86cebcd19edd6402a69f5909e92b868778cee24fbcd7b243994a1a5fe
[2026-03-09 16:43:08,650][SimpleHeuristics 3][INFO] - Bypassing authentication request
[2026-03-09 16:43:08,650][SimpleHeuristics 3][INFO] - [93m[1m>>>[0m |/trn SimpleHeuristics 3,0,
[2026-03-09 16:43:08,651][SimpleHeuristics 3][INFO] - [92m[1m<<<[0m |updatesearch|{"searching":[],"games":null}
[2026-03-09 16:43:08,651][SimpleHeuristics 3][INFO] - [92m[1m<<<[0m |updateuser| SimpleHeuristics 3|1|2|{"blockChallenges":false,"blockPMs":false,"ignoreTickets":false,"hideBattlesFromTrainerCard":false,"blockInvites":false,"doNotDisturb":false,"blockFriendRequests":false,"allowFriendNotifications":false,"displayBattlesToFriends":false,"hideLogins":false,"hiddenNextBattle":false,"inviteOnlyNextBattle":false,"language":null}
[2026-03-09 17:54:18,695][SimpleHeuristics 1][INFO] - Starting listening to showdown websocket
[2026-03-09 17:54:18,700][SimpleHeuristics 2][INFO] - Starting listening to showdown websocket
[2026-03-09 17:54:18,703][SimpleHeuristics 1][INFO] - [92m[1m<<<[0m |updateuser| Guest 20|0|102|{"blockChallenges":false,"blockPMs":false,"ignoreTickets":false,"hideBattlesFromTrainerCard":false,"blockInvites":false,"doNotDisturb":false,"blockFriendRequests":false,"allowFriendNotifications":false,"displayBattlesToFriends":false,"hideLogins":false,"hiddenNextBattle":false,"inviteOnlyNextBattle":false,"language":null}
|customgroups|[{"symbol":"~","name":"Administrator","type":"leadership"},{"symbol":"#","name":"Room Owner","type":"leadership"},{"symbol":"★","name":"Host","type":"leadership"},{"symbol":"@","name":"Moderator","type":"staff"},{"symbol":"%","name":"Driver","type":"staff"},{"symbol":"*","name":"Bot","type":"normal"},{"symbol":"☆","name":"Player","type":"normal"},{"symbol":"+","name":"Voice","type":"normal"},{"symbol":"^","name":"Prize Winner","type":"normal"},{"symbol":"whitelist","name":"Whitelist","type":"normal"},{"symbol":" ","name":null,"type":"normal"},{"symbol":"‽","name":"Locked","type":"punishment"},{"symbol":"!","name":"Muted","type":"punishment"}]
|formats|,LL|,1|S/V Singles|[Gen 9] Random Battle,4f|[Gen 9] Unrated Random Battle,b|[Gen 9] Free-For-All Random Battle,7|[Gen 9] Random Battle (Blitz),4f|[Gen 9] Multi Random Battle,5|[Gen 9] OU,e|[Gen 9] Ubers,e|[Gen 9] UU,e|[Gen 9] RU,e|[Gen 9] NU,e|[Gen 9] PU,e|[Gen 9] LC,e|[Gen 9] Monotype,e|[Gen 9] CAP,e|[Gen 9] BSS Reg I,5e|[Gen 9] BSS Reg J,5c|[Gen 9] Custom Game,c|,1|S/V Doubles|[Gen 9] Random Doubles Battle,4f|[Gen 9] Doubles OU,e|[Gen 9] Doubles Ubers,e|[Gen 9] Doubles UU,e|[Gen 9] Doubles LC,c|[Gen 9] VGC 2023 Reg C,5c|[Gen 9] VGC 2023 Reg D,5c|[Gen 9] VGC 2024 Reg G,5c|[Gen 9] VGC 2026 Reg I,5e|[Gen 9] VGC 2026 Reg F,5e|[Gen 9] VGC 2026 Reg F (Bo3),1e|[Gen 9] Doubles Custom Game,c|,1|Unofficial Metagames|[Gen 9] 1v1,e|[Gen 9] 2v2 Doubles,e|[Gen 9] Anything Goes,e|[Gen 9] ZU,e|[Gen 9] Free-For-All,6|[Gen 9] LC UU,c|[Gen 9] NFE,c|[Gen 9] Ubers UU,c|,1|Draft|[Gen 9] Draft,8c|[Gen 9] 6v6 Doubles Draft,8c|[Gen 9] 4v4 Doubles Draft,dc|[Gen 9] NatDex Draft,8c|[Gen 9] NatDex 6v6 Doubles Draft,8c|[Gen 9] NatDex LC Draft,8c|[Gen 8] Draft,c|[Gen 8] NatDex Draft,c|[Gen 8] NatDex 4v4 Doubles Draft,1c|[Gen 7] Draft,c|[Gen 6] Draft,c|[Gen 5] Draft,c|[Gen 4] Draft,c|[Gen 3] Draft,c|,2|Ladder Spotlight|[Gen 9] BSS Factory (Bo3),1f|[Gen 9] Linked,e|[Gen 9] 350 Cup,e|[Gen 9] Pokebilities AAA,e|[Gen 9] 4v4 Doubles UU,5e|[Gen 9] National Dex RU,e|[Gen 6] Megas Revisited Random Battle,4f|[Gen 9] ChatBats,f|[Gen 4] Ubers,e|[Gen 6] NU,e|[Gen 4] VGC 2009,5e|,2|Other Metagames|[Gen 9] Almost Any Ability,e|[Gen 9] Balanced Hackmons,e|[Gen 9] Godly Gift,e|[Gen 9] Mix and Mega,e|[Gen 9] Shared Power,e|[Gen 9] STABmons,e|[Gen 6] Pure Hackmons,e|,2|Challengeable OMs|[Gen 9] 1-2 Switch,c|[Gen 9] Alphabet Cup,c|[Gen 9] Bad 'n Boosted,c|[Gen 9] Battlefields,c|[Gen 9] Bio Mech Mons,c|[Gen 9] Camomons,c|[Gen 9] Category Swap,c|[Gen 9] Convergence,c|[Gen 9] Cross Evolution,c|[Gen 9] Fervent Impersonation,c|[Gen 9] Flipped,c|[Gen 9] Foresighters,c|[Gen 9] Formemons,c|[Gen 9] Fortemons,c|[Gen 9] Frantic Fusions,c|[Gen 9] Full Potential,c|[Gen 9] Inheritance,c|[Gen 9] Inverse,c|[Gen 9] Nature Swap,c|[Gen 9] Partners in Crime,c|[Gen 9] Passive Aggressive,c|[Gen 9] Pokebilities,c|[Gen 9] Pokemoves,c|[Gen 9] Pure Hackmons,c|[Gen 9] Relay Race,c|[Gen 9] Revelationmons,c|[Gen 9] Sharing is Caring,c|[Gen 9] Tera Donation,c|[Gen 9] Tera Override,c|[Gen 9] The Card Game,c|[Gen 9] The Loser's Game,c|[Gen 9] Tier Shift,c|[Gen 9] Trademarked,c|[Gen 9] Triples,c|[Gen 9] Type Split,c|[Gen 9] VoltTurn Mayhem,c|[Gen 7] Pure Hackmons,c|,2|Temporary Tour Metas|[Gen 9] Mix and Mega LC,c|[Gen 8] Mix and Mega,c|[Gen 7] Mix and Mega,c|[Gen 6] Mix and Mega,c|,2|National Dex|[Gen 9] National Dex,e|[Gen 8] National Dex,e|,2|National Dex Other Tiers|[Gen 9] National Dex 35 Pokes,c|[Gen 9] National Dex Ubers,e|[Gen 9] National Dex UU,e|[Gen 9] National Dex Ubers UU,c|[Gen 9] National Dex LC,c|[Gen 9] National Dex Monotype,e|[Gen 9] National Dex Doubles,e|[Gen 9] National Dex Doubles Ubers,c|[Gen 9] National Dex 1v1,c|[Gen 9] National Dex AG,c|[Gen 9] National Dex AAA,c|[Gen 9] National Dex BH,c|[Gen 9] National Dex Godly Gift,c|[Gen 9] National Dex STABmons,c|[Gen 8] National Dex UU,c|[Gen 8] National Dex RU,c|[Gen 8] National Dex Doubles,e|[Gen 8] National Dex Monotype,c|[Gen 8 DLC 1] National Dex AG,c|,2|Pet Mods|[Gen 6] Megas Revisited,c|[Gen 9] Legends Z-A OU,e|,3|Randomized Metas|[Gen 9] Random Roulette,4f|[Gen 9] Super Staff Bros Ultimate,4f|[Gen 9] Monotype Random Battle,4f|[Gen 9] Random Battle (Shared Power, B12P6),4f|[Gen 9] Random Battle Mayhem,4f|[Gen 9] Battle Factory,4f|[Gen 9] 1v1 Factory,4f|[Gen 9] BSS Factory,5d|[Gen 9] Draft Factory,4d|[Gen 9] Baby Random Battle,4f|[Gen 9] Hackmons Cup,4f|[Gen 9] Doubles Hackmons Cup,4d|[Gen 9] Broken Cup,4f|[Gen 9] Challenge Cup 1v1,4f|[Gen 9] Challenge Cup 2v2,4f|[Gen 9] Challenge Cup 6v6,4d|[Gen 9] Metronome Battle,4e|[Gen 8] Random Battle,4f|[Gen 8] Random Doubles Battle,4d|[Gen 8] Free-For-All Random Battle,5|[Gen 8] Multi Random Battle,5|[Gen 8] Battle Factory,4d|[Gen 8] BSS Factory,5d|[Gen 8] Hackmons Cup,4d|[Gen 8] CAP 1v1,4d|[Gen 8 BDSP] Random Battle,4d|[Gen 7] Random Battle,4f|[Gen 7] Battle Factory,4d|[Gen 7] BSS Factory,5d|[Gen 7] Hackmons Cup,9|[Gen 7 Let's Go] Random Battle,4d|[Gen 6] Random Battle,4f|[Gen 6] Battle Factory,9|[Gen 5] Random Battle,4f|[Gen 4] Random Battle,4f|[Gen 3] Random Battle,4f|[Gen 2] Random Battle,4f|[Gen 1] Random Battle,4f|[Gen 1] Challenge Cup,9|[Gen 1] Hackmons Cup,9|,4|Past Gens OU|[Gen 8] OU,e|[Gen 7] OU,e|[Gen 6] OU,e|[Gen 5] OU,e|[Gen 4] OU,e|[Gen 3] OU,e|[Gen 2] OU,e|[Gen 1] OU,e|,4|Past Gens Doubles OU|[Gen 8] Doubles OU,e|[Gen 7] Doubles OU,e|[Gen 6] Doubles OU,e|[Gen 5] Doubles OU,c|[Gen 4] Doubles OU,c|[Gen 3] Doubles OU,c|,4|Sw/Sh Singles|[Gen 8] Ubers,c|[Gen 8] UU,c|[Gen 8] RU,c|[Gen 8] NU,c|[Gen 8] PU,c|[Gen 8] LC,c|[Gen 8] Monotype,c|[Gen 8] 1v1,c|[Gen 8] Anything Goes,c|[Gen 8] ZU,c|[Gen 8] CAP,c|[Gen 8] Battle Stadium Singles,5c|[Gen 8 BDSP] OU,c|[Gen 8 BDSP] Ubers,c|[Gen 8] Custom Game,c|,4|Sw/Sh Doubles|[Gen 8] Doubles Ubers,c|[Gen 8] Doubles UU,c|[Gen 8] VGC 2022,5c|[Gen 8] VGC 2021,5c|[Gen 8] VGC 2020,5c|[Gen 8 BDSP] Doubles OU,c|[Gen 8 BDSP] Battle Festival Doubles,1c|[Gen 8] Doubles Custom Game,c|,4|US/UM Singles|[Gen 7] Ubers,c|[Gen 7] UU,c|[Gen 7] RU,c|[Gen 7] NU,c|[Gen 7] PU,c|[Gen 7] LC,c|[Gen 7] Monotype,c|[Gen 7] 1v1,c|[Gen 7] Anything Goes,c|[Gen 7] ZU,c|[Gen 7] CAP,c|[Gen 7] Battle Spot Singles,5c|[Gen 7 Let's Go] OU,1c|[Gen 7] Custom Game,c|,4|US/UM Doubles|[Gen 7] Doubles UU,c|[Gen 7] VGC 2019,5c|[Gen 7] VGC 2018,5c|[Gen 7] VGC 2017,5c|[Gen 7] Battle Spot Doubles,5c|[Gen 7 Let's Go] Doubles OU,1c|[Gen 7] Doubles Custom Game,c|,4|OR/AS Singles|[Gen 6] Ubers,c|[Gen 6] UU,c|[Gen 6] RU,c|[Gen 6] PU,c|[Gen 6] LC,c|[Gen 6] Monotype,c|[Gen 6] 1v1,c|[Gen 6] Anything Goes,c|[Gen 6] ZU,c|[Gen 6] CAP,c|[Gen 6] Battle Spot Singles,5c|[Gen 6] Custom Game,c|,4|OR/AS Doubles/Triples|[Gen 6] VGC 2016,5c|[Gen 6] VGC 2015,5c|[Gen 6] VGC 2014,5c|[Gen 6] Battle Spot Doubles,5c|[Gen 6] Doubles Custom Game,c|[Gen 6] Battle Spot Triples,1c|[Gen 6] Triples Custom Game,c|,4|B2/W2 Singles|[Gen 5] Ubers,c|[Gen 5] UU,c|[Gen 5] RU,c|[Gen 5] NU,c|[Gen 5] PU,c|[Gen 5] Monotype,c|[Gen 5] LC,c|[Gen 5] 1v1,c|[Gen 5] CAP,c|[Gen 5] ZU,c|[Gen 5] BW1 OU,c|[Gen 5] GBU Singles,5c|[Gen 5] Custom Game,c|,4|B2/W2 Doubles|[Gen 5] VGC 2013,5c|[Gen 5] VGC 2012,5c|[Gen 5] VGC 2011,5c|[Gen 5] Doubles Custom Game,c|[Gen 5] Triples Custom Game,c|,4|DPP Singles|[Gen 4] UU,c|[Gen 4] NU,c|[Gen 4] LC,c|[Gen 4] Anything Goes,c|[Gen 4] 1v1,c|[Gen 4] CAP,c|[Gen 4] PU,c|[Gen 4] ZU,c|[Gen 4] Custom Game,c|,4|DPP Doubles|[Gen 4] VGC 2010,5c|[Gen 4] Doubles Custom Game,c|,4|Past Generations|[Gen 3] Ubers,c|[Gen 3] UU,c|[Gen 3] RU,c|[Gen 3] NU,c|[Gen 3] PU,c|[Gen 3] LC,c|[Gen 3] 1v1,c|[Gen 3] UUBL,c|[Gen 3] ZU,c|[Gen 3] ADV 200,c|[Gen 3] ADV 200 Doubles,c|[Gen 3] Orre Colosseum,4c|[Gen 3] Custom Game,c|[Gen 3] Doubles Custom Game,c|[Gen 2] Ubers,c|[Gen 2] UU,c|[Gen 2] NU,c|[Gen 2] PU,c|[Gen 2] 1v1,c|[Gen 2] ZU,c|[Gen 2] NC 2000,4c|[Gen 2] Stadium OU,c|[Gen 2] Custom Game,c|[Gen 1] Ubers,c|[Gen 1] UU,c|[Gen 1] NU,c|[Gen 1] PU,c|[Gen 1] ZU,c|[Gen 1] LC,c|[Gen 1] 1v1,c|[Gen 1] NC 1997,4c|[Gen 1] Japanese OU,c|[Gen 1] Stadium OU,c|[Gen 1] Tradebacks OU,c|[Gen 1] Custom Game,c
[2026-03-09 17:54:18,704][SimpleHeuristics 1][INFO] - [92m[1m<<<[0m |challstr|4|8ef67d514125d0de2accd9b24d8d01aa3046b4b701d2a462d3440a6c48c5b6d2118b3433e0be342269e70086c549e6ca69c441275e96cdccb96877d380937437fd13ff6162d7d418b389b17fb70e3700a7bbf98a3a010638f1267d6b4b29472b6d7e73a5c3c9790ccaf97d6130da1801b0fb1181a3410a917452798067264ee6
[2026-03-09 17:54:18,704][SimpleHeuristics 1][INFO] - Bypassing authentication request
[2026-03-09 17:54:18,705][SimpleHeuristics 1][INFO] - [93m[1m>>>[0m |/trn SimpleHeuristics 1,0,
[2026-03-09 17:54:18,714][SimpleHeuristics 2][INFO] - [92m[1m<<<[0m |updateuser| Guest 23|0|102|{"blockChallenges":false,"blockPMs":false,"ignoreTickets":false,"hideBattlesFromTrainerCard":false,"blockInvites":false,"doNotDisturb":false,"blockFriendRequests":false,"allowFriendNotifications":false,"displayBattlesToFriends":false,"hideLogins":false,"hiddenNextBattle":false,"inviteOnlyNextBattle":false,"language":null}
|customgroups|[{"symbol":"~","name":"Administrator","type":"leadership"},{"symbol":"#","name":"Room Owner","type":"leadership"},{"symbol":"★","name":"Host","type":"leadership"},{"symbol":"@","name":"Moderator","type":"staff"},{"symbol":"%","name":"Driver","type":"staff"},{"symbol":"*","name":"Bot","type":"normal"},{"symbol":"☆","name":"Player","type":"normal"},{"symbol":"+","name":"Voice","type":"normal"},{"symbol":"^","name":"Prize Winner","type":"normal"},{"symbol":"whitelist","name":"Whitelist","type":"normal"},{"symbol":" ","name":null,"type":"normal"},{"symbol":"‽","name":"Locked","type":"punishment"},{"symbol":"!","name":"Muted","type":"punishment"}]
|formats|,LL|,1|S/V Singles|[Gen 9] Random Battle,4f|[Gen 9] Unrated Random Battle,b|[Gen 9] Free-For-All Random Battle,7|[Gen 9] Random Battle (Blitz),4f|[Gen 9] Multi Random Battle,5|[Gen 9] OU,e|[Gen 9] Ubers,e|[Gen 9] UU,e|[Gen 9] RU,e|[Gen 9] NU,e|[Gen 9] PU,e|[Gen 9] LC,e|[Gen 9] Monotype,e|[Gen 9] CAP,e|[Gen 9] BSS Reg I,5e|[Gen 9] BSS Reg J,5c|[Gen 9] Custom Game,c|,1|S/V Doubles|[Gen 9] Random Doubles Battle,4f|[Gen 9] Doubles OU,e|[Gen 9] Doubles Ubers,e|[Gen 9] Doubles UU,e|[Gen 9] Doubles LC,c|[Gen 9] VGC 2023 Reg C,5c|[Gen 9] VGC 2023 Reg D,5c|[Gen 9] VGC 2024 Reg G,5c|[Gen 9] VGC 2026 Reg I,5e|[Gen 9] VGC 2026 Reg F,5e|[Gen 9] VGC 2026 Reg F (Bo3),1e|[Gen 9] Doubles Custom Game,c|,1|Unofficial Metagames|[Gen 9] 1v1,e|[Gen 9] 2v2 Doubles,e|[Gen 9] Anything Goes,e|[Gen 9] ZU,e|[Gen 9] Free-For-All,6|[Gen 9] LC UU,c|[Gen 9] NFE,c|[Gen 9] Ubers UU,c|,1|Draft|[Gen 9] Draft,8c|[Gen 9] 6v6 Doubles Draft,8c|[Gen 9] 4v4 Doubles Draft,dc|[Gen 9] NatDex Draft,8c|[Gen 9] NatDex 6v6 Doubles Draft,8c|[Gen 9] NatDex LC Draft,8c|[Gen 8] Draft,c|[Gen 8] NatDex Draft,c|[Gen 8] NatDex 4v4 Doubles Draft,1c|[Gen 7] Draft,c|[Gen 6] Draft,c|[Gen 5] Draft,c|[Gen 4] Draft,c|[Gen 3] Draft,c|,2|Ladder Spotlight|[Gen 9] BSS Factory (Bo3),1f|[Gen 9] Linked,e|[Gen 9] 350 Cup,e|[Gen 9] Pokebilities AAA,e|[Gen 9] 4v4 Doubles UU,5e|[Gen 9] National Dex RU,e|[Gen 6] Megas Revisited Random Battle,4f|[Gen 9] ChatBats,f|[Gen 4] Ubers,e|[Gen 6] NU,e|[Gen 4] VGC 2009,5e|,2|Other Metagames|[Gen 9] Almost Any Ability,e|[Gen 9] Balanced Hackmons,e|[Gen 9] Godly Gift,e|[Gen 9] Mix and Mega,e|[Gen 9] Shared Power,e|[Gen 9] STABmons,e|[Gen 6] Pure Hackmons,e|,2|Challengeable OMs|[Gen 9] 1-2 Switch,c|[Gen 9] Alphabet Cup,c|[Gen 9] Bad 'n Boosted,c|[Gen 9] Battlefields,c|[Gen 9] Bio Mech Mons,c|[Gen 9] Camomons,c|[Gen 9] Category Swap,c|[Gen 9] Convergence,c|[Gen 9] Cross Evolution,c|[Gen 9] Fervent Impersonation,c|[Gen 9] Flipped,c|[Gen 9] Foresighters,c|[Gen 9] Formemons,c|[Gen 9] Fortemons,c|[Gen 9] Frantic Fusions,c|[Gen 9] Full Potential,c|[Gen 9] Inheritance,c|[Gen 9] Inverse,c|[Gen 9] Nature Swap,c|[Gen 9] Partners in Crime,c|[Gen 9] Passive Aggressive,c|[Gen 9] Pokebilities,c|[Gen 9] Pokemoves,c|[Gen 9] Pure Hackmons,c|[Gen 9] Relay Race,c|[Gen 9] Revelationmons,c|[Gen 9] Sharing is Caring,c|[Gen 9] Tera Donation,c|[Gen 9] Tera Override,c|[Gen 9] The Card Game,c|[Gen 9] The Loser's Game,c|[Gen 9] Tier Shift,c|[Gen 9] Trademarked,c|[Gen 9] Triples,c|[Gen 9] Type Split,c|[Gen 9] VoltTurn Mayhem,c|[Gen 7] Pure Hackmons,c|,2|Temporary Tour Metas|[Gen 9] Mix and Mega LC,c|[Gen 8] Mix and Mega,c|[Gen 7] Mix and Mega,c|[Gen 6] Mix and Mega,c|,2|National Dex|[Gen 9] National Dex,e|[Gen 8] National Dex,e|,2|National Dex Other Tiers|[Gen 9] National Dex 35 Pokes,c|[Gen 9] National Dex Ubers,e|[Gen 9] National Dex UU,e|[Gen 9] National Dex Ubers UU,c|[Gen 9] National Dex LC,c|[Gen 9] National Dex Monotype,e|[Gen 9] National Dex Doubles,e|[Gen 9] National Dex Doubles Ubers,c|[Gen 9] National Dex 1v1,c|[Gen 9] National Dex AG,c|[Gen 9] National Dex AAA,c|[Gen 9] National Dex BH,c|[Gen 9] National Dex Godly Gift,c|[Gen 9] National Dex STABmons,c|[Gen 8] National Dex UU,c|[Gen 8] National Dex RU,c|[Gen 8] National Dex Doubles,e|[Gen 8] National Dex Monotype,c|[Gen 8 DLC 1] National Dex AG,c|,2|Pet Mods|[Gen 6] Megas Revisited,c|[Gen 9] Legends Z-A OU,e|,3|Randomized Metas|[Gen 9] Random Roulette,4f|[Gen 9] Super Staff Bros Ultimate,4f|[Gen 9] Monotype Random Battle,4f|[Gen 9] Random Battle (Shared Power, B12P6),4f|[Gen 9] Random Battle Mayhem,4f|[Gen 9] Battle Factory,4f|[Gen 9] 1v1 Factory,4f|[Gen 9] BSS Factory,5d|[Gen 9] Draft Factory,4d|[Gen 9] Baby Random Battle,4f|[Gen 9] Hackmons Cup,4f|[Gen 9] Doubles Hackmons Cup,4d|[Gen 9] Broken Cup,4f|[Gen 9] Challenge Cup 1v1,4f|[Gen 9] Challenge Cup 2v2,4f|[Gen 9] Challenge Cup 6v6,4d|[Gen 9] Metronome Battle,4e|[Gen 8] Random Battle,4f|[Gen 8] Random Doubles Battle,4d|[Gen 8] Free-For-All Random Battle,5|[Gen 8] Multi Random Battle,5|[Gen 8] Battle Factory,4d|[Gen 8] BSS Factory,5d|[Gen 8] Hackmons Cup,4d|[Gen 8] CAP 1v1,4d|[Gen 8 BDSP] Random Battle,4d|[Gen 7] Random Battle,4f|[Gen 7] Battle Factory,4d|[Gen 7] BSS Factory,5d|[Gen 7] Hackmons Cup,9|[Gen 7 Let's Go] Random Battle,4d|[Gen 6] Random Battle,4f|[Gen 6] Battle Factory,9|[Gen 5] Random Battle,4f|[Gen 4] Random Battle,4f|[Gen 3] Random Battle,4f|[Gen 2] Random Battle,4f|[Gen 1] Random Battle,4f|[Gen 1] Challenge Cup,9|[Gen 1] Hackmons Cup,9|,4|Past Gens OU|[Gen 8] OU,e|[Gen 7] OU,e|[Gen 6] OU,e|[Gen 5] OU,e|[Gen 4] OU,e|[Gen 3] OU,e|[Gen 2] OU,e|[Gen 1] OU,e|,4|Past Gens Doubles OU|[Gen 8] Doubles OU,e|[Gen 7] Doubles OU,e|[Gen 6] Doubles OU,e|[Gen 5] Doubles OU,c|[Gen 4] Doubles OU,c|[Gen 3] Doubles OU,c|,4|Sw/Sh Singles|[Gen 8] Ubers,c|[Gen 8] UU,c|[Gen 8] RU,c|[Gen 8] NU,c|[Gen 8] PU,c|[Gen 8] LC,c|[Gen 8] Monotype,c|[Gen 8] 1v1,c|[Gen 8] Anything Goes,c|[Gen 8] ZU,c|[Gen 8] CAP,c|[Gen 8] Battle Stadium Singles,5c|[Gen 8 BDSP] OU,c|[Gen 8 BDSP] Ubers,c|[Gen 8] Custom Game,c|,4|Sw/Sh Doubles|[Gen 8] Doubles Ubers,c|[Gen 8] Doubles UU,c|[Gen 8] VGC 2022,5c|[Gen 8] VGC 2021,5c|[Gen 8] VGC 2020,5c|[Gen 8 BDSP] Doubles OU,c|[Gen 8 BDSP] Battle Festival Doubles,1c|[Gen 8] Doubles Custom Game,c|,4|US/UM Singles|[Gen 7] Ubers,c|[Gen 7] UU,c|[Gen 7] RU,c|[Gen 7] NU,c|[Gen 7] PU,c|[Gen 7] LC,c|[Gen 7] Monotype,c|[Gen 7] 1v1,c|[Gen 7] Anything Goes,c|[Gen 7] ZU,c|[Gen 7] CAP,c|[Gen 7] Battle Spot Singles,5c|[Gen 7 Let's Go] OU,1c|[Gen 7] Custom Game,c|,4|US/UM Doubles|[Gen 7] Doubles UU,c|[Gen 7] VGC 2019,5c|[Gen 7] VGC 2018,5c|[Gen 7] VGC 2017,5c|[Gen 7] Battle Spot Doubles,5c|[Gen 7 Let's Go] Doubles OU,1c|[Gen 7] Doubles Custom Game,c|,4|OR/AS Singles|[Gen 6] Ubers,c|[Gen 6] UU,c|[Gen 6] RU,c|[Gen 6] PU,c|[Gen 6] LC,c|[Gen 6] Monotype,c|[Gen 6] 1v1,c|[Gen 6] Anything Goes,c|[Gen 6] ZU,c|[Gen 6] CAP,c|[Gen 6] Battle Spot Singles,5c|[Gen 6] Custom Game,c|,4|OR/AS Doubles/Triples|[Gen 6] VGC 2016,5c|[Gen 6] VGC 2015,5c|[Gen 6] VGC 2014,5c|[Gen 6] Battle Spot Doubles,5c|[Gen 6] Doubles Custom Game,c|[Gen 6] Battle Spot Triples,1c|[Gen 6] Triples Custom Game,c|,4|B2/W2 Singles|[Gen 5] Ubers,c|[Gen 5] UU,c|[Gen 5] RU,c|[Gen 5] NU,c|[Gen 5] PU,c|[Gen 5] Monotype,c|[Gen 5] LC,c|[Gen 5] 1v1,c|[Gen 5] CAP,c|[Gen 5] ZU,c|[Gen 5] BW1 OU,c|[Gen 5] GBU Singles,5c|[Gen 5] Custom Game,c|,4|B2/W2 Doubles|[Gen 5] VGC 2013,5c|[Gen 5] VGC 2012,5c|[Gen 5] VGC 2011,5c|[Gen 5] Doubles Custom Game,c|[Gen 5] Triples Custom Game,c|,4|DPP Singles|[Gen 4] UU,c|[Gen 4] NU,c|[Gen 4] LC,c|[Gen 4] Anything Goes,c|[Gen 4] 1v1,c|[Gen 4] CAP,c|[Gen 4] PU,c|[Gen 4] ZU,c|[Gen 4] Custom Game,c|,4|DPP Doubles|[Gen 4] VGC 2010,5c|[Gen 4] Doubles Custom Game,c|,4|Past Generations|[Gen 3] Ubers,c|[Gen 3] UU,c|[Gen 3] RU,c|[Gen 3] NU,c|[Gen 3] PU,c|[Gen 3] LC,c|[Gen 3] 1v1,c|[Gen 3] UUBL,c|[Gen 3] ZU,c|[Gen 3] ADV 200,c|[Gen 3] ADV 200 Doubles,c|[Gen 3] Orre Colosseum,4c|[Gen 3] Custom Game,c|[Gen 3] Doubles Custom Game,c|[Gen 2] Ubers,c|[Gen 2] UU,c|[Gen 2] NU,c|[Gen 2] PU,c|[Gen 2] 1v1,c|[Gen 2] ZU,c|[Gen 2] NC 2000,4c|[Gen 2] Stadium OU,c|[Gen 2] Custom Game,c|[Gen 1] Ubers,c|[Gen 1] UU,c|[Gen 1] NU,c|[Gen 1] PU,c|[Gen 1] ZU,c|[Gen 1] LC,c|[Gen 1] 1v1,c|[Gen 1] NC 1997,4c|[Gen 1] Japanese OU,c|[Gen 1] Stadium OU,c|[Gen 1] Tradebacks OU,c|[Gen 1] Custom Game,c
[2026-03-09 17:54:18,716][SimpleHeuristics 1][INFO] - [92m[1m<<<[0m |updatesearch|{"searching":[],"games":null}
[2026-03-09 17:54:18,716][SimpleHeuristics 1][INFO] - [92m[1m<<<[0m |updateuser| SimpleHeuristics 1|1|265|{"blockChallenges":false,"blockPMs":false,"ignoreTickets":false,"hideBattlesFromTrainerCard":false,"blockInvites":false,"doNotDisturb":false,"blockFriendRequests":false,"allowFriendNotifications":false,"displayBattlesToFriends":false,"hideLogins":false,"hiddenNextBattle":false,"inviteOnlyNextBattle":false,"language":null}
[2026-03-09 17:54:18,717][SimpleHeuristics 1][INFO] - [92m[1m<<<[0m |updatesearch|{"searching":[],"games":null}
[2026-03-09 17:54:18,718][SimpleHeuristics 2][INFO] - [92m[1m<<<[0m |challstr|4|50008c8b60c9a127a037a7d767a5b5c2866037abd84587f388a79201a2abe176b114668f43bb585094984848b54d274b53ae6775f6f7664494b1ce41bdb0530a09ab7a5f27c2d6d83b9416c35ee7a333218051dd62444d88032dcf0fd6758141213fccb8148bf14aa35788e0edcc0edb85e3e051bf2ba1a3a28a52ad583b7ee3
[2026-03-09 17:54:18,718][SimpleHeuristics 2][INFO] - Bypassing authentication request
[2026-03-09 17:54:18,718][SimpleHeuristics 2][INFO] - [93m[1m>>>[0m |/trn SimpleHeuristics 2,0,
[2026-03-09 17:54:18,719][SimpleHeuristics 2][INFO] - [92m[1m<<<[0m |updatesearch|{"searching":[],"games":null}
[2026-03-09 17:54:18,719][SimpleHeuristics 2][INFO] - [92m[1m<<<[0m |updateuser| SimpleHeuristics 2|1|169|{"blockChallenges":false,"blockPMs":false,"ignoreTickets":false,"hideBattlesFromTrainerCard":false,"blockInvites":false,"doNotDisturb":false,"blockFriendRequests":false,"allowFriendNotifications":false,"displayBattlesToFriends":false,"hideLogins":false,"hiddenNextBattle":false,"inviteOnlyNextBattle":false,"language":null}
[2026-03-09 17:54:18,719][SimpleHeuristics 2][INFO] - [92m[1m<<<[0m |updatesearch|{"searching":[],"games":null}
[2026-03-09 18:13:34,393][SimpleHeuristics 1][INFO] - Starting listening to showdown websocket
[2026-03-09 18:13:34,401][SimpleHeuristics 2][INFO] - Starting listening to showdown websocket
[2026-03-09 18:13:34,404][SimpleHeuristics 1][INFO] - [92m[1m<<<[0m |updateuser| Guest 26|0|101|{"blockChallenges":false,"blockPMs":false,"ignoreTickets":false,"hideBattlesFromTrainerCard":false,"blockInvites":false,"doNotDisturb":false,"blockFriendRequests":false,"allowFriendNotifications":false,"displayBattlesToFriends":false,"hideLogins":false,"hiddenNextBattle":false,"inviteOnlyNextBattle":false,"language":null}
|customgroups|[{"symbol":"~","name":"Administrator","type":"leadership"},{"symbol":"#","name":"Room Owner","type":"leadership"},{"symbol":"★","name":"Host","type":"leadership"},{"symbol":"@","name":"Moderator","type":"staff"},{"symbol":"%","name":"Driver","type":"staff"},{"symbol":"*","name":"Bot","type":"normal"},{"symbol":"☆","name":"Player","type":"normal"},{"symbol":"+","name":"Voice","type":"normal"},{"symbol":"^","name":"Prize Winner","type":"normal"},{"symbol":"whitelist","name":"Whitelist","type":"normal"},{"symbol":" ","name":null,"type":"normal"},{"symbol":"‽","name":"Locked","type":"punishment"},{"symbol":"!","name":"Muted","type":"punishment"}]
|formats|,LL|,1|S/V Singles|[Gen 9] Random Battle,4f|[Gen 9] Unrated Random Battle,b|[Gen 9] Free-For-All Random Battle,7|[Gen 9] Random Battle (Blitz),4f|[Gen 9] Multi Random Battle,5|[Gen 9] OU,e|[Gen 9] Ubers,e|[Gen 9] UU,e|[Gen 9] RU,e|[Gen 9] NU,e|[Gen 9] PU,e|[Gen 9] LC,e|[Gen 9] Monotype,e|[Gen 9] CAP,e|[Gen 9] BSS Reg I,5e|[Gen 9] BSS Reg J,5c|[Gen 9] Custom Game,c|,1|S/V Doubles|[Gen 9] Random Doubles Battle,4f|[Gen 9] Doubles OU,e|[Gen 9] Doubles Ubers,e|[Gen 9] Doubles UU,e|[Gen 9] Doubles LC,c|[Gen 9] VGC 2023 Reg C,5c|[Gen 9] VGC 2023 Reg D,5c|[Gen 9] VGC 2024 Reg G,5c|[Gen 9] VGC 2026 Reg I,5e|[Gen 9] VGC 2026 Reg F,5e|[Gen 9] VGC 2026 Reg F (Bo3),1e|[Gen 9] Doubles Custom Game,c|,1|Unofficial Metagames|[Gen 9] 1v1,e|[Gen 9] 2v2 Doubles,e|[Gen 9] Anything Goes,e|[Gen 9] ZU,e|[Gen 9] Free-For-All,6|[Gen 9] LC UU,c|[Gen 9] NFE,c|[Gen 9] Ubers UU,c|,1|Draft|[Gen 9] Draft,8c|[Gen 9] 6v6 Doubles Draft,8c|[Gen 9] 4v4 Doubles Draft,dc|[Gen 9] NatDex Draft,8c|[Gen 9] NatDex 6v6 Doubles Draft,8c|[Gen 9] NatDex LC Draft,8c|[Gen 8] Draft,c|[Gen 8] NatDex Draft,c|[Gen 8] NatDex 4v4 Doubles Draft,1c|[Gen 7] Draft,c|[Gen 6] Draft,c|[Gen 5] Draft,c|[Gen 4] Draft,c|[Gen 3] Draft,c|,2|Ladder Spotlight|[Gen 9] BSS Factory (Bo3),1f|[Gen 9] Linked,e|[Gen 9] 350 Cup,e|[Gen 9] Pokebilities AAA,e|[Gen 9] 4v4 Doubles UU,5e|[Gen 9] National Dex RU,e|[Gen 6] Megas Revisited Random Battle,4f|[Gen 9] ChatBats,f|[Gen 4] Ubers,e|[Gen 6] NU,e|[Gen 4] VGC 2009,5e|,2|Other Metagames|[Gen 9] Almost Any Ability,e|[Gen 9] Balanced Hackmons,e|[Gen 9] Godly Gift,e|[Gen 9] Mix and Mega,e|[Gen 9] Shared Power,e|[Gen 9] STABmons,e|[Gen 6] Pure Hackmons,e|,2|Challengeable OMs|[Gen 9] 1-2 Switch,c|[Gen 9] Alphabet Cup,c|[Gen 9] Bad 'n Boosted,c|[Gen 9] Battlefields,c|[Gen 9] Bio Mech Mons,c|[Gen 9] Camomons,c|[Gen 9] Category Swap,c|[Gen 9] Convergence,c|[Gen 9] Cross Evolution,c|[Gen 9] Fervent Impersonation,c|[Gen 9] Flipped,c|[Gen 9] Foresighters,c|[Gen 9] Formemons,c|[Gen 9] Fortemons,c|[Gen 9] Frantic Fusions,c|[Gen 9] Full Potential,c|[Gen 9] Inheritance,c|[Gen 9] Inverse,c|[Gen 9] Nature Swap,c|[Gen 9] Partners in Crime,c|[Gen 9] Passive Aggressive,c|[Gen 9] Pokebilities,c|[Gen 9] Pokemoves,c|[Gen 9] Pure Hackmons,c|[Gen 9] Relay Race,c|[Gen 9] Revelationmons,c|[Gen 9] Sharing is Caring,c|[Gen 9] Tera Donation,c|[Gen 9] Tera Override,c|[Gen 9] The Card Game,c|[Gen 9] The Loser's Game,c|[Gen 9] Tier Shift,c|[Gen 9] Trademarked,c|[Gen 9] Triples,c|[Gen 9] Type Split,c|[Gen 9] VoltTurn Mayhem,c|[Gen 7] Pure Hackmons,c|,2|Temporary Tour Metas|[Gen 9] Mix and Mega LC,c|[Gen 8] Mix and Mega,c|[Gen 7] Mix and Mega,c|[Gen 6] Mix and Mega,c|,2|National Dex|[Gen 9] National Dex,e|[Gen 8] National Dex,e|,2|National Dex Other Tiers|[Gen 9] National Dex 35 Pokes,c|[Gen 9] National Dex Ubers,e|[Gen 9] National Dex UU,e|[Gen 9] National Dex Ubers UU,c|[Gen 9] National Dex LC,c|[Gen 9] National Dex Monotype,e|[Gen 9] National Dex Doubles,e|[Gen 9] National Dex Doubles Ubers,c|[Gen 9] National Dex 1v1,c|[Gen 9] National Dex AG,c|[Gen 9] National Dex AAA,c|[Gen 9] National Dex BH,c|[Gen 9] National Dex Godly Gift,c|[Gen 9] National Dex STABmons,c|[Gen 8] National Dex UU,c|[Gen 8] National Dex RU,c|[Gen 8] National Dex Doubles,e|[Gen 8] National Dex Monotype,c|[Gen 8 DLC 1] National Dex AG,c|,2|Pet Mods|[Gen 6] Megas Revisited,c|[Gen 9] Legends Z-A OU,e|,3|Randomized Metas|[Gen 9] Random Roulette,4f|[Gen 9] Super Staff Bros Ultimate,4f|[Gen 9] Monotype Random Battle,4f|[Gen 9] Random Battle (Shared Power, B12P6),4f|[Gen 9] Random Battle Mayhem,4f|[Gen 9] Battle Factory,4f|[Gen 9] 1v1 Factory,4f|[Gen 9] BSS Factory,5d|[Gen 9] Draft Factory,4d|[Gen 9] Baby Random Battle,4f|[Gen 9] Hackmons Cup,4f|[Gen 9] Doubles Hackmons Cup,4d|[Gen 9] Broken Cup,4f|[Gen 9] Challenge Cup 1v1,4f|[Gen 9] Challenge Cup 2v2,4f|[Gen 9] Challenge Cup 6v6,4d|[Gen 9] Metronome Battle,4e|[Gen 8] Random Battle,4f|[Gen 8] Random Doubles Battle,4d|[Gen 8] Free-For-All Random Battle,5|[Gen 8] Multi Random Battle,5|[Gen 8] Battle Factory,4d|[Gen 8] BSS Factory,5d|[Gen 8] Hackmons Cup,4d|[Gen 8] CAP 1v1,4d|[Gen 8 BDSP] Random Battle,4d|[Gen 7] Random Battle,4f|[Gen 7] Battle Factory,4d|[Gen 7] BSS Factory,5d|[Gen 7] Hackmons Cup,9|[Gen 7 Let's Go] Random Battle,4d|[Gen 6] Random Battle,4f|[Gen 6] Battle Factory,9|[Gen 5] Random Battle,4f|[Gen 4] Random Battle,4f|[Gen 3] Random Battle,4f|[Gen 2] Random Battle,4f|[Gen 1] Random Battle,4f|[Gen 1] Challenge Cup,9|[Gen 1] Hackmons Cup,9|,4|Past Gens OU|[Gen 8] OU,e|[Gen 7] OU,e|[Gen 6] OU,e|[Gen 5] OU,e|[Gen 4] OU,e|[Gen 3] OU,e|[Gen 2] OU,e|[Gen 1] OU,e|,4|Past Gens Doubles OU|[Gen 8] Doubles OU,e|[Gen 7] Doubles OU,e|[Gen 6] Doubles OU,e|[Gen 5] Doubles OU,c|[Gen 4] Doubles OU,c|[Gen 3] Doubles OU,c|,4|Sw/Sh Singles|[Gen 8] Ubers,c|[Gen 8] UU,c|[Gen 8] RU,c|[Gen 8] NU,c|[Gen 8] PU,c|[Gen 8] LC,c|[Gen 8] Monotype,c|[Gen 8] 1v1,c|[Gen 8] Anything Goes,c|[Gen 8] ZU,c|[Gen 8] CAP,c|[Gen 8] Battle Stadium Singles,5c|[Gen 8 BDSP] OU,c|[Gen 8 BDSP] Ubers,c|[Gen 8] Custom Game,c|,4|Sw/Sh Doubles|[Gen 8] Doubles Ubers,c|[Gen 8] Doubles UU,c|[Gen 8] VGC 2022,5c|[Gen 8] VGC 2021,5c|[Gen 8] VGC 2020,5c|[Gen 8 BDSP] Doubles OU,c|[Gen 8 BDSP] Battle Festival Doubles,1c|[Gen 8] Doubles Custom Game,c|,4|US/UM Singles|[Gen 7] Ubers,c|[Gen 7] UU,c|[Gen 7] RU,c|[Gen 7] NU,c|[Gen 7] PU,c|[Gen 7] LC,c|[Gen 7] Monotype,c|[Gen 7] 1v1,c|[Gen 7] Anything Goes,c|[Gen 7] ZU,c|[Gen 7] CAP,c|[Gen 7] Battle Spot Singles,5c|[Gen 7 Let's Go] OU,1c|[Gen 7] Custom Game,c|,4|US/UM Doubles|[Gen 7] Doubles UU,c|[Gen 7] VGC 2019,5c|[Gen 7] VGC 2018,5c|[Gen 7] VGC 2017,5c|[Gen 7] Battle Spot Doubles,5c|[Gen 7 Let's Go] Doubles OU,1c|[Gen 7] Doubles Custom Game,c|,4|OR/AS Singles|[Gen 6] Ubers,c|[Gen 6] UU,c|[Gen 6] RU,c|[Gen 6] PU,c|[Gen 6] LC,c|[Gen 6] Monotype,c|[Gen 6] 1v1,c|[Gen 6] Anything Goes,c|[Gen 6] ZU,c|[Gen 6] CAP,c|[Gen 6] Battle Spot Singles,5c|[Gen 6] Custom Game,c|,4|OR/AS Doubles/Triples|[Gen 6] VGC 2016,5c|[Gen 6] VGC 2015,5c|[Gen 6] VGC 2014,5c|[Gen 6] Battle Spot Doubles,5c|[Gen 6] Doubles Custom Game,c|[Gen 6] Battle Spot Triples,1c|[Gen 6] Triples Custom Game,c|,4|B2/W2 Singles|[Gen 5] Ubers,c|[Gen 5] UU,c|[Gen 5] RU,c|[Gen 5] NU,c|[Gen 5] PU,c|[Gen 5] Monotype,c|[Gen 5] LC,c|[Gen 5] 1v1,c|[Gen 5] CAP,c|[Gen 5] ZU,c|[Gen 5] BW1 OU,c|[Gen 5] GBU Singles,5c|[Gen 5] Custom Game,c|,4|B2/W2 Doubles|[Gen 5] VGC 2013,5c|[Gen 5] VGC 2012,5c|[Gen 5] VGC 2011,5c|[Gen 5] Doubles Custom Game,c|[Gen 5] Triples Custom Game,c|,4|DPP Singles|[Gen 4] UU,c|[Gen 4] NU,c|[Gen 4] LC,c|[Gen 4] Anything Goes,c|[Gen 4] 1v1,c|[Gen 4] CAP,c|[Gen 4] PU,c|[Gen 4] ZU,c|[Gen 4] Custom Game,c|,4|DPP Doubles|[Gen 4] VGC 2010,5c|[Gen 4] Doubles Custom Game,c|,4|Past Generations|[Gen 3] Ubers,c|[Gen 3] UU,c|[Gen 3] RU,c|[Gen 3] NU,c|[Gen 3] PU,c|[Gen 3] LC,c|[Gen 3] 1v1,c|[Gen 3] UUBL,c|[Gen 3] ZU,c|[Gen 3] ADV 200,c|[Gen 3] ADV 200 Doubles,c|[Gen 3] Orre Colosseum,4c|[Gen 3] Custom Game,c|[Gen 3] Doubles Custom Game,c|[Gen 2] Ubers,c|[Gen 2] UU,c|[Gen 2] NU,c|[Gen 2] PU,c|[Gen 2] 1v1,c|[Gen 2] ZU,c|[Gen 2] NC 2000,4c|[Gen 2] Stadium OU,c|[Gen 2] Custom Game,c|[Gen 1] Ubers,c|[Gen 1] UU,c|[Gen 1] NU,c|[Gen 1] PU,c|[Gen 1] ZU,c|[Gen 1] LC,c|[Gen 1] 1v1,c|[Gen 1] NC 1997,4c|[Gen 1] Japanese OU,c|[Gen 1] Stadium OU,c|[Gen 1] Tradebacks OU,c|[Gen 1] Custom Game,c
[2026-03-09 18:13:34,422][SimpleHeuristics 1][INFO] - [92m[1m<<<[0m |challstr|4|2cabe3023dd958e9306a4093a8e0f4e01c3d46427cac68921a6c4112b7b0c64096eff8ad55d025f1c67dba0dfc146b12bf86a49a65aef66c0153047305fc14a13ebea0b16e77962b81c5f0440d113f5333848be6be1641d1061e01897f9ef6046d421a9961dbdc44679aa7e60d3aae43442879a593951c54b8536e7a89d5549b
[2026-03-09 18:13:34,423][SimpleHeuristics 1][INFO] - Bypassing authentication request
[2026-03-09 18:13:34,423][SimpleHeuristics 1][INFO] - [93m[1m>>>[0m |/trn SimpleHeuristics 1,0,
[2026-03-09 18:13:34,423][SimpleHeuristics 2][INFO] - [92m[1m<<<[0m |updateuser| Guest 29|0|266|{"blockChallenges":false,"blockPMs":false,"ignoreTickets":false,"hideBattlesFromTrainerCard":false,"blockInvites":false,"doNotDisturb":false,"blockFriendRequests":false,"allowFriendNotifications":false,"displayBattlesToFriends":false,"hideLogins":false,"hiddenNextBattle":false,"inviteOnlyNextBattle":false,"language":null}
|customgroups|[{"symbol":"~","name":"Administrator","type":"leadership"},{"symbol":"#","name":"Room Owner","type":"leadership"},{"symbol":"★","name":"Host","type":"leadership"},{"symbol":"@","name":"Moderator","type":"staff"},{"symbol":"%","name":"Driver","type":"staff"},{"symbol":"*","name":"Bot","type":"normal"},{"symbol":"☆","name":"Player","type":"normal"},{"symbol":"+","name":"Voice","type":"normal"},{"symbol":"^","name":"Prize Winner","type":"normal"},{"symbol":"whitelist","name":"Whitelist","type":"normal"},{"symbol":" ","name":null,"type":"normal"},{"symbol":"‽","name":"Locked","type":"punishment"},{"symbol":"!","name":"Muted","type":"punishment"}]
|formats|,LL|,1|S/V Singles|[Gen 9] Random Battle,4f|[Gen 9] Unrated Random Battle,b|[Gen 9] Free-For-All Random Battle,7|[Gen 9] Random Battle (Blitz),4f|[Gen 9] Multi Random Battle,5|[Gen 9] OU,e|[Gen 9] Ubers,e|[Gen 9] UU,e|[Gen 9] RU,e|[Gen 9] NU,e|[Gen 9] PU,e|[Gen 9] LC,e|[Gen 9] Monotype,e|[Gen 9] CAP,e|[Gen 9] BSS Reg I,5e|[Gen 9] BSS Reg J,5c|[Gen 9] Custom Game,c|,1|S/V Doubles|[Gen 9] Random Doubles Battle,4f|[Gen 9] Doubles OU,e|[Gen 9] Doubles Ubers,e|[Gen 9] Doubles UU,e|[Gen 9] Doubles LC,c|[Gen 9] VGC 2023 Reg C,5c|[Gen 9] VGC 2023 Reg D,5c|[Gen 9] VGC 2024 Reg G,5c|[Gen 9] VGC 2026 Reg I,5e|[Gen 9] VGC 2026 Reg F,5e|[Gen 9] VGC 2026 Reg F (Bo3),1e|[Gen 9] Doubles Custom Game,c|,1|Unofficial Metagames|[Gen 9] 1v1,e|[Gen 9] 2v2 Doubles,e|[Gen 9] Anything Goes,e|[Gen 9] ZU,e|[Gen 9] Free-For-All,6|[Gen 9] LC UU,c|[Gen 9] NFE,c|[Gen 9] Ubers UU,c|,1|Draft|[Gen 9] Draft,8c|[Gen 9] 6v6 Doubles Draft,8c|[Gen 9] 4v4 Doubles Draft,dc|[Gen 9] NatDex Draft,8c|[Gen 9] NatDex 6v6 Doubles Draft,8c|[Gen 9] NatDex LC Draft,8c|[Gen 8] Draft,c|[Gen 8] NatDex Draft,c|[Gen 8] NatDex 4v4 Doubles Draft,1c|[Gen 7] Draft,c|[Gen 6] Draft,c|[Gen 5] Draft,c|[Gen 4] Draft,c|[Gen 3] Draft,c|,2|Ladder Spotlight|[Gen 9] BSS Factory (Bo3),1f|[Gen 9] Linked,e|[Gen 9] 350 Cup,e|[Gen 9] Pokebilities AAA,e|[Gen 9] 4v4 Doubles UU,5e|[Gen 9] National Dex RU,e|[Gen 6] Megas Revisited Random Battle,4f|[Gen 9] ChatBats,f|[Gen 4] Ubers,e|[Gen 6] NU,e|[Gen 4] VGC 2009,5e|,2|Other Metagames|[Gen 9] Almost Any Ability,e|[Gen 9] Balanced Hackmons,e|[Gen 9] Godly Gift,e|[Gen 9] Mix and Mega,e|[Gen 9] Shared Power,e|[Gen 9] STABmons,e|[Gen 6] Pure Hackmons,e|,2|Challengeable OMs|[Gen 9] 1-2 Switch,c|[Gen 9] Alphabet Cup,c|[Gen 9] Bad 'n Boosted,c|[Gen 9] Battlefields,c|[Gen 9] Bio Mech Mons,c|[Gen 9] Camomons,c|[Gen 9] Category Swap,c|[Gen 9] Convergence,c|[Gen 9] Cross Evolution,c|[Gen 9] Fervent Impersonation,c|[Gen 9] Flipped,c|[Gen 9] Foresighters,c|[Gen 9] Formemons,c|[Gen 9] Fortemons,c|[Gen 9] Frantic Fusions,c|[Gen 9] Full Potential,c|[Gen 9] Inheritance,c|[Gen 9] Inverse,c|[Gen 9] Nature Swap,c|[Gen 9] Partners in Crime,c|[Gen 9] Passive Aggressive,c|[Gen 9] Pokebilities,c|[Gen 9] Pokemoves,c|[Gen 9] Pure Hackmons,c|[Gen 9] Relay Race,c|[Gen 9] Revelationmons,c|[Gen 9] Sharing is Caring,c|[Gen 9] Tera Donation,c|[Gen 9] Tera Override,c|[Gen 9] The Card Game,c|[Gen 9] The Loser's Game,c|[Gen 9] Tier Shift,c|[Gen 9] Trademarked,c|[Gen 9] Triples,c|[Gen 9] Type Split,c|[Gen 9] VoltTurn Mayhem,c|[Gen 7] Pure Hackmons,c|,2|Temporary Tour Metas|[Gen 9] Mix and Mega LC,c|[Gen 8] Mix and Mega,c|[Gen 7] Mix and Mega,c|[Gen 6] Mix and Mega,c|,2|National Dex|[Gen 9] National Dex,e|[Gen 8] National Dex,e|,2|National Dex Other Tiers|[Gen 9] National Dex 35 Pokes,c|[Gen 9] National Dex Ubers,e|[Gen 9] National Dex UU,e|[Gen 9] National Dex Ubers UU,c|[Gen 9] National Dex LC,c|[Gen 9] National Dex Monotype,e|[Gen 9] National Dex Doubles,e|[Gen 9] National Dex Doubles Ubers,c|[Gen 9] National Dex 1v1,c|[Gen 9] National Dex AG,c|[Gen 9] National Dex AAA,c|[Gen 9] National Dex BH,c|[Gen 9] National Dex Godly Gift,c|[Gen 9] National Dex STABmons,c|[Gen 8] National Dex UU,c|[Gen 8] National Dex RU,c|[Gen 8] National Dex Doubles,e|[Gen 8] National Dex Monotype,c|[Gen 8 DLC 1] National Dex AG,c|,2|Pet Mods|[Gen 6] Megas Revisited,c|[Gen 9] Legends Z-A OU,e|,3|Randomized Metas|[Gen 9] Random Roulette,4f|[Gen 9] Super Staff Bros Ultimate,4f|[Gen 9] Monotype Random Battle,4f|[Gen 9] Random Battle (Shared Power, B12P6),4f|[Gen 9] Random Battle Mayhem,4f|[Gen 9] Battle Factory,4f|[Gen 9] 1v1 Factory,4f|[Gen 9] BSS Factory,5d|[Gen 9] Draft Factory,4d|[Gen 9] Baby Random Battle,4f|[Gen 9] Hackmons Cup,4f|[Gen 9] Doubles Hackmons Cup,4d|[Gen 9] Broken Cup,4f|[Gen 9] Challenge Cup 1v1,4f|[Gen 9] Challenge Cup 2v2,4f|[Gen 9] Challenge Cup 6v6,4d|[Gen 9] Metronome Battle,4e|[Gen 8] Random Battle,4f|[Gen 8] Random Doubles Battle,4d|[Gen 8] Free-For-All Random Battle,5|[Gen 8] Multi Random Battle,5|[Gen 8] Battle Factory,4d|[Gen 8] BSS Factory,5d|[Gen 8] Hackmons Cup,4d|[Gen 8] CAP 1v1,4d|[Gen 8 BDSP] Random Battle,4d|[Gen 7] Random Battle,4f|[Gen 7] Battle Factory,4d|[Gen 7] BSS Factory,5d|[Gen 7] Hackmons Cup,9|[Gen 7 Let's Go] Random Battle,4d|[Gen 6] Random Battle,4f|[Gen 6] Battle Factory,9|[Gen 5] Random Battle,4f|[Gen 4] Random Battle,4f|[Gen 3] Random Battle,4f|[Gen 2] Random Battle,4f|[Gen 1] Random Battle,4f|[Gen 1] Challenge Cup,9|[Gen 1] Hackmons Cup,9|,4|Past Gens OU|[Gen 8] OU,e|[Gen 7] OU,e|[Gen 6] OU,e|[Gen 5] OU,e|[Gen 4] OU,e|[Gen 3] OU,e|[Gen 2] OU,e|[Gen 1] OU,e|,4|Past Gens Doubles OU|[Gen 8] Doubles OU,e|[Gen 7] Doubles OU,e|[Gen 6] Doubles OU,e|[Gen 5] Doubles OU,c|[Gen 4] Doubles OU,c|[Gen 3] Doubles OU,c|,4|Sw/Sh Singles|[Gen 8] Ubers,c|[Gen 8] UU,c|[Gen 8] RU,c|[Gen 8] NU,c|[Gen 8] PU,c|[Gen 8] LC,c|[Gen 8] Monotype,c|[Gen 8] 1v1,c|[Gen 8] Anything Goes,c|[Gen 8] ZU,c|[Gen 8] CAP,c|[Gen 8] Battle Stadium Singles,5c|[Gen 8 BDSP] OU,c|[Gen 8 BDSP] Ubers,c|[Gen 8] Custom Game,c|,4|Sw/Sh Doubles|[Gen 8] Doubles Ubers,c|[Gen 8] Doubles UU,c|[Gen 8] VGC 2022,5c|[Gen 8] VGC 2021,5c|[Gen 8] VGC 2020,5c|[Gen 8 BDSP] Doubles OU,c|[Gen 8 BDSP] Battle Festival Doubles,1c|[Gen 8] Doubles Custom Game,c|,4|US/UM Singles|[Gen 7] Ubers,c|[Gen 7] UU,c|[Gen 7] RU,c|[Gen 7] NU,c|[Gen 7] PU,c|[Gen 7] LC,c|[Gen 7] Monotype,c|[Gen 7] 1v1,c|[Gen 7] Anything Goes,c|[Gen 7] ZU,c|[Gen 7] CAP,c|[Gen 7] Battle Spot Singles,5c|[Gen 7 Let's Go] OU,1c|[Gen 7] Custom Game,c|,4|US/UM Doubles|[Gen 7] Doubles UU,c|[Gen 7] VGC 2019,5c|[Gen 7] VGC 2018,5c|[Gen 7] VGC 2017,5c|[Gen 7] Battle Spot Doubles,5c|[Gen 7 Let's Go] Doubles OU,1c|[Gen 7] Doubles Custom Game,c|,4|OR/AS Singles|[Gen 6] Ubers,c|[Gen 6] UU,c|[Gen 6] RU,c|[Gen 6] PU,c|[Gen 6] LC,c|[Gen 6] Monotype,c|[Gen 6] 1v1,c|[Gen 6] Anything Goes,c|[Gen 6] ZU,c|[Gen 6] CAP,c|[Gen 6] Battle Spot Singles,5c|[Gen 6] Custom Game,c|,4|OR/AS Doubles/Triples|[Gen 6] VGC 2016,5c|[Gen 6] VGC 2015,5c|[Gen 6] VGC 2014,5c|[Gen 6] Battle Spot Doubles,5c|[Gen 6] Doubles Custom Game,c|[Gen 6] Battle Spot Triples,1c|[Gen 6] Triples Custom Game,c|,4|B2/W2 Singles|[Gen 5] Ubers,c|[Gen 5] UU,c|[Gen 5] RU,c|[Gen 5] NU,c|[Gen 5] PU,c|[Gen 5] Monotype,c|[Gen 5] LC,c|[Gen 5] 1v1,c|[Gen 5] CAP,c|[Gen 5] ZU,c|[Gen 5] BW1 OU,c|[Gen 5] GBU Singles,5c|[Gen 5] Custom Game,c|,4|B2/W2 Doubles|[Gen 5] VGC 2013,5c|[Gen 5] VGC 2012,5c|[Gen 5] VGC 2011,5c|[Gen 5] Doubles Custom Game,c|[Gen 5] Triples Custom Game,c|,4|DPP Singles|[Gen 4] UU,c|[Gen 4] NU,c|[Gen 4] LC,c|[Gen 4] Anything Goes,c|[Gen 4] 1v1,c|[Gen 4] CAP,c|[Gen 4] PU,c|[Gen 4] ZU,c|[Gen 4] Custom Game,c|,4|DPP Doubles|[Gen 4] VGC 2010,5c|[Gen 4] Doubles Custom Game,c|,4|Past Generations|[Gen 3] Ubers,c|[Gen 3] UU,c|[Gen 3] RU,c|[Gen 3] NU,c|[Gen 3] PU,c|[Gen 3] LC,c|[Gen 3] 1v1,c|[Gen 3] UUBL,c|[Gen 3] ZU,c|[Gen 3] ADV 200,c|[Gen 3] ADV 200 Doubles,c|[Gen 3] Orre Colosseum,4c|[Gen 3] Custom Game,c|[Gen 3] Doubles Custom Game,c|[Gen 2] Ubers,c|[Gen 2] UU,c|[Gen 2] NU,c|[Gen 2] PU,c|[Gen 2] 1v1,c|[Gen 2] ZU,c|[Gen 2] NC 2000,4c|[Gen 2] Stadium OU,c|[Gen 2] Custom Game,c|[Gen 1] Ubers,c|[Gen 1] UU,c|[Gen 1] NU,c|[Gen 1] PU,c|[Gen 1] ZU,c|[Gen 1] LC,c|[Gen 1] 1v1,c|[Gen 1] NC 1997,4c|[Gen 1] Japanese OU,c|[Gen 1] Stadium OU,c|[Gen 1] Tradebacks OU,c|[Gen 1] Custom Game,c
[2026-03-09 18:13:34,424][SimpleHeuristics 2][INFO] - [92m[1m<<<[0m |challstr|4|b5ddb40441cea1b164eca888d89320680297fd341394c5f0edc86d0718af617ebae7509492f83ed28b9429aa0e27fc96ee0d208a7fc44beb567ce2e5e8468793cd86d16df352f5bdf7222dc7995ef69f3de4b9c09d25632db47cf32566b615eb9c0879a2cf0a982ce1f37988ca4cc3bc017aed1fe3c4a7953afe1441ff03203f
[2026-03-09 18:13:34,424][SimpleHeuristics 2][INFO] - Bypassing authentication request
[2026-03-09 18:13:34,424][SimpleHeuristics 2][INFO] - [93m[1m>>>[0m |/trn SimpleHeuristics 2,0,
[2026-03-09 18:13:34,456][SimpleHeuristics 1][INFO] - [92m[1m<<<[0m |updatesearch|{"searching":[],"games":null}
[2026-03-09 18:13:34,456][SimpleHeuristics 1][INFO] - [92m[1m<<<[0m |updateuser| SimpleHeuristics 1|1|265|{"blockChallenges":false,"blockPMs":false,"ignoreTickets":false,"hideBattlesFromTrainerCard":false,"blockInvites":false,"doNotDisturb":false,"blockFriendRequests":false,"allowFriendNotifications":false,"displayBattlesToFriends":false,"hideLogins":false,"hiddenNextBattle":false,"inviteOnlyNextBattle":false,"language":null}
[2026-03-09 18:13:34,456][SimpleHeuristics 1][INFO] - [92m[1m<<<[0m |updatesearch|{"searching":[],"games":null}
[2026-03-09 18:13:34,457][SimpleHeuristics 2][INFO] - [92m[1m<<<[0m |updatesearch|{"searching":[],"games":null}
[2026-03-09 18:13:34,457][SimpleHeuristics 2][INFO] - [92m[1m<<<[0m |updateuser| SimpleHeuristics 2|1|169|{"blockChallenges":false,"blockPMs":false,"ignoreTickets":false,"hideBattlesFromTrainerCard":false,"blockInvites":false,"doNotDisturb":false,"blockFriendRequests":false,"allowFriendNotifications":false,"displayBattlesToFriends":false,"hideLogins":false,"hiddenNextBattle":false,"inviteOnlyNextBattle":false,"language":null}
[2026-03-09 18:13:34,457][SimpleHeuristics 2][INFO] - [92m[1m<<<[0m |updatesearch|{"searching":[],"games":null}
[2026-03-09 18:16:41,968][SimpleHeuristics 3][INFO] - Starting listening to showdown websocket
[2026-03-09 18:16:41,985][SimpleHeuristics 3][INFO] - [92m[1m<<<[0m |updateuser| Guest 32|0|101|{"blockChallenges":false,"blockPMs":false,"ignoreTickets":false,"hideBattlesFromTrainerCard":false,"blockInvites":false,"doNotDisturb":false,"blockFriendRequests":false,"allowFriendNotifications":false,"displayBattlesToFriends":false,"hideLogins":false,"hiddenNextBattle":false,"inviteOnlyNextBattle":false,"language":null}
|customgroups|[{"symbol":"~","name":"Administrator","type":"leadership"},{"symbol":"#","name":"Room Owner","type":"leadership"},{"symbol":"★","name":"Host","type":"leadership"},{"symbol":"@","name":"Moderator","type":"staff"},{"symbol":"%","name":"Driver","type":"staff"},{"symbol":"*","name":"Bot","type":"normal"},{"symbol":"☆","name":"Player","type":"normal"},{"symbol":"+","name":"Voice","type":"normal"},{"symbol":"^","name":"Prize Winner","type":"normal"},{"symbol":"whitelist","name":"Whitelist","type":"normal"},{"symbol":" ","name":null,"type":"normal"},{"symbol":"‽","name":"Locked","type":"punishment"},{"symbol":"!","name":"Muted","type":"punishment"}]
|formats|,LL|,1|S/V Singles|[Gen 9] Random Battle,4f|[Gen 9] Unrated Random Battle,b|[Gen 9] Free-For-All Random Battle,7|[Gen 9] Random Battle (Blitz),4f|[Gen 9] Multi Random Battle,5|[Gen 9] OU,e|[Gen 9] Ubers,e|[Gen 9] UU,e|[Gen 9] RU,e|[Gen 9] NU,e|[Gen 9] PU,e|[Gen 9] LC,e|[Gen 9] Monotype,e|[Gen 9] CAP,e|[Gen 9] BSS Reg I,5e|[Gen 9] BSS Reg J,5c|[Gen 9] Custom Game,c|,1|S/V Doubles|[Gen 9] Random Doubles Battle,4f|[Gen 9] Doubles OU,e|[Gen 9] Doubles Ubers,e|[Gen 9] Doubles UU,e|[Gen 9] Doubles LC,c|[Gen 9] VGC 2023 Reg C,5c|[Gen 9] VGC 2023 Reg D,5c|[Gen 9] VGC 2024 Reg G,5c|[Gen 9] VGC 2026 Reg I,5e|[Gen 9] VGC 2026 Reg F,5e|[Gen 9] VGC 2026 Reg F (Bo3),1e|[Gen 9] Doubles Custom Game,c|,1|Unofficial Metagames|[Gen 9] 1v1,e|[Gen 9] 2v2 Doubles,e|[Gen 9] Anything Goes,e|[Gen 9] ZU,e|[Gen 9] Free-For-All,6|[Gen 9] LC UU,c|[Gen 9] NFE,c|[Gen 9] Ubers UU,c|,1|Draft|[Gen 9] Draft,8c|[Gen 9] 6v6 Doubles Draft,8c|[Gen 9] 4v4 Doubles Draft,dc|[Gen 9] NatDex Draft,8c|[Gen 9] NatDex 6v6 Doubles Draft,8c|[Gen 9] NatDex LC Draft,8c|[Gen 8] Draft,c|[Gen 8] NatDex Draft,c|[Gen 8] NatDex 4v4 Doubles Draft,1c|[Gen 7] Draft,c|[Gen 6] Draft,c|[Gen 5] Draft,c|[Gen 4] Draft,c|[Gen 3] Draft,c|,2|Ladder Spotlight|[Gen 9] BSS Factory (Bo3),1f|[Gen 9] Linked,e|[Gen 9] 350 Cup,e|[Gen 9] Pokebilities AAA,e|[Gen 9] 4v4 Doubles UU,5e|[Gen 9] National Dex RU,e|[Gen 6] Megas Revisited Random Battle,4f|[Gen 9] ChatBats,f|[Gen 4] Ubers,e|[Gen 6] NU,e|[Gen 4] VGC 2009,5e|,2|Other Metagames|[Gen 9] Almost Any Ability,e|[Gen 9] Balanced Hackmons,e|[Gen 9] Godly Gift,e|[Gen 9] Mix and Mega,e|[Gen 9] Shared Power,e|[Gen 9] STABmons,e|[Gen 6] Pure Hackmons,e|,2|Challengeable OMs|[Gen 9] 1-2 Switch,c|[Gen 9] Alphabet Cup,c|[Gen 9] Bad 'n Boosted,c|[Gen 9] Battlefields,c|[Gen 9] Bio Mech Mons,c|[Gen 9] Camomons,c|[Gen 9] Category Swap,c|[Gen 9] Convergence,c|[Gen 9] Cross Evolution,c|[Gen 9] Fervent Impersonation,c|[Gen 9] Flipped,c|[Gen 9] Foresighters,c|[Gen 9] Formemons,c|[Gen 9] Fortemons,c|[Gen 9] Frantic Fusions,c|[Gen 9] Full Potential,c|[Gen 9] Inheritance,c|[Gen 9] Inverse,c|[Gen 9] Nature Swap,c|[Gen 9] Partners in Crime,c|[Gen 9] Passive Aggressive,c|[Gen 9] Pokebilities,c|[Gen 9] Pokemoves,c|[Gen 9] Pure Hackmons,c|[Gen 9] Relay Race,c|[Gen 9] Revelationmons,c|[Gen 9] Sharing is Caring,c|[Gen 9] Tera Donation,c|[Gen 9] Tera Override,c|[Gen 9] The Card Game,c|[Gen 9] The Loser's Game,c|[Gen 9] Tier Shift,c|[Gen 9] Trademarked,c|[Gen 9] Triples,c|[Gen 9] Type Split,c|[Gen 9] VoltTurn Mayhem,c|[Gen 7] Pure Hackmons,c|,2|Temporary Tour Metas|[Gen 9] Mix and Mega LC,c|[Gen 8] Mix and Mega,c|[Gen 7] Mix and Mega,c|[Gen 6] Mix and Mega,c|,2|National Dex|[Gen 9] National Dex,e|[Gen 8] National Dex,e|,2|National Dex Other Tiers|[Gen 9] National Dex 35 Pokes,c|[Gen 9] National Dex Ubers,e|[Gen 9] National Dex UU,e|[Gen 9] National Dex Ubers UU,c|[Gen 9] National Dex LC,c|[Gen 9] National Dex Monotype,e|[Gen 9] National Dex Doubles,e|[Gen 9] National Dex Doubles Ubers,c|[Gen 9] National Dex 1v1,c|[Gen 9] National Dex AG,c|[Gen 9] National Dex AAA,c|[Gen 9] National Dex BH,c|[Gen 9] National Dex Godly Gift,c|[Gen 9] National Dex STABmons,c|[Gen 8] National Dex UU,c|[Gen 8] National Dex RU,c|[Gen 8] National Dex Doubles,e|[Gen 8] National Dex Monotype,c|[Gen 8 DLC 1] National Dex AG,c|,2|Pet Mods|[Gen 6] Megas Revisited,c|[Gen 9] Legends Z-A OU,e|,3|Randomized Metas|[Gen 9] Random Roulette,4f|[Gen 9] Super Staff Bros Ultimate,4f|[Gen 9] Monotype Random Battle,4f|[Gen 9] Random Battle (Shared Power, B12P6),4f|[Gen 9] Random Battle Mayhem,4f|[Gen 9] Battle Factory,4f|[Gen 9] 1v1 Factory,4f|[Gen 9] BSS Factory,5d|[Gen 9] Draft Factory,4d|[Gen 9] Baby Random Battle,4f|[Gen 9] Hackmons Cup,4f|[Gen 9] Doubles Hackmons Cup,4d|[Gen 9] Broken Cup,4f|[Gen 9] Challenge Cup 1v1,4f|[Gen 9] Challenge Cup 2v2,4f|[Gen 9] Challenge Cup 6v6,4d|[Gen 9] Metronome Battle,4e|[Gen 8] Random Battle,4f|[Gen 8] Random Doubles Battle,4d|[Gen 8] Free-For-All Random Battle,5|[Gen 8] Multi Random Battle,5|[Gen 8] Battle Factory,4d|[Gen 8] BSS Factory,5d|[Gen 8] Hackmons Cup,4d|[Gen 8] CAP 1v1,4d|[Gen 8 BDSP] Random Battle,4d|[Gen 7] Random Battle,4f|[Gen 7] Battle Factory,4d|[Gen 7] BSS Factory,5d|[Gen 7] Hackmons Cup,9|[Gen 7 Let's Go] Random Battle,4d|[Gen 6] Random Battle,4f|[Gen 6] Battle Factory,9|[Gen 5] Random Battle,4f|[Gen 4] Random Battle,4f|[Gen 3] Random Battle,4f|[Gen 2] Random Battle,4f|[Gen 1] Random Battle,4f|[Gen 1] Challenge Cup,9|[Gen 1] Hackmons Cup,9|,4|Past Gens OU|[Gen 8] OU,e|[Gen 7] OU,e|[Gen 6] OU,e|[Gen 5] OU,e|[Gen 4] OU,e|[Gen 3] OU,e|[Gen 2] OU,e|[Gen 1] OU,e|,4|Past Gens Doubles OU|[Gen 8] Doubles OU,e|[Gen 7] Doubles OU,e|[Gen 6] Doubles OU,e|[Gen 5] Doubles OU,c|[Gen 4] Doubles OU,c|[Gen 3] Doubles OU,c|,4|Sw/Sh Singles|[Gen 8] Ubers,c|[Gen 8] UU,c|[Gen 8] RU,c|[Gen 8] NU,c|[Gen 8] PU,c|[Gen 8] LC,c|[Gen 8] Monotype,c|[Gen 8] 1v1,c|[Gen 8] Anything Goes,c|[Gen 8] ZU,c|[Gen 8] CAP,c|[Gen 8] Battle Stadium Singles,5c|[Gen 8 BDSP] OU,c|[Gen 8 BDSP] Ubers,c|[Gen 8] Custom Game,c|,4|Sw/Sh Doubles|[Gen 8] Doubles Ubers,c|[Gen 8] Doubles UU,c|[Gen 8] VGC 2022,5c|[Gen 8] VGC 2021,5c|[Gen 8] VGC 2020,5c|[Gen 8 BDSP] Doubles OU,c|[Gen 8 BDSP] Battle Festival Doubles,1c|[Gen 8] Doubles Custom Game,c|,4|US/UM Singles|[Gen 7] Ubers,c|[Gen 7] UU,c|[Gen 7] RU,c|[Gen 7] NU,c|[Gen 7] PU,c|[Gen 7] LC,c|[Gen 7] Monotype,c|[Gen 7] 1v1,c|[Gen 7] Anything Goes,c|[Gen 7] ZU,c|[Gen 7] CAP,c|[Gen 7] Battle Spot Singles,5c|[Gen 7 Let's Go] OU,1c|[Gen 7] Custom Game,c|,4|US/UM Doubles|[Gen 7] Doubles UU,c|[Gen 7] VGC 2019,5c|[Gen 7] VGC 2018,5c|[Gen 7] VGC 2017,5c|[Gen 7] Battle Spot Doubles,5c|[Gen 7 Let's Go] Doubles OU,1c|[Gen 7] Doubles Custom Game,c|,4|OR/AS Singles|[Gen 6] Ubers,c|[Gen 6] UU,c|[Gen 6] RU,c|[Gen 6] PU,c|[Gen 6] LC,c|[Gen 6] Monotype,c|[Gen 6] 1v1,c|[Gen 6] Anything Goes,c|[Gen 6] ZU,c|[Gen 6] CAP,c|[Gen 6] Battle Spot Singles,5c|[Gen 6] Custom Game,c|,4|OR/AS Doubles/Triples|[Gen 6] VGC 2016,5c|[Gen 6] VGC 2015,5c|[Gen 6] VGC 2014,5c|[Gen 6] Battle Spot Doubles,5c|[Gen 6] Doubles Custom Game,c|[Gen 6] Battle Spot Triples,1c|[Gen 6] Triples Custom Game,c|,4|B2/W2 Singles|[Gen 5] Ubers,c|[Gen 5] UU,c|[Gen 5] RU,c|[Gen 5] NU,c|[Gen 5] PU,c|[Gen 5] Monotype,c|[Gen 5] LC,c|[Gen 5] 1v1,c|[Gen 5] CAP,c|[Gen 5] ZU,c|[Gen 5] BW1 OU,c|[Gen 5] GBU Singles,5c|[Gen 5] Custom Game,c|,4|B2/W2 Doubles|[Gen 5] VGC 2013,5c|[Gen 5] VGC 2012,5c|[Gen 5] VGC 2011,5c|[Gen 5] Doubles Custom Game,c|[Gen 5] Triples Custom Game,c|,4|DPP Singles|[Gen 4] UU,c|[Gen 4] NU,c|[Gen 4] LC,c|[Gen 4] Anything Goes,c|[Gen 4] 1v1,c|[Gen 4] CAP,c|[Gen 4] PU,c|[Gen 4] ZU,c|[Gen 4] Custom Game,c|,4|DPP Doubles|[Gen 4] VGC 2010,5c|[Gen 4] Doubles Custom Game,c|,4|Past Generations|[Gen 3] Ubers,c|[Gen 3] UU,c|[Gen 3] RU,c|[Gen 3] NU,c|[Gen 3] PU,c|[Gen 3] LC,c|[Gen 3] 1v1,c|[Gen 3] UUBL,c|[Gen 3] ZU,c|[Gen 3] ADV 200,c|[Gen 3] ADV 200 Doubles,c|[Gen 3] Orre Colosseum,4c|[Gen 3] Custom Game,c|[Gen 3] Doubles Custom Game,c|[Gen 2] Ubers,c|[Gen 2] UU,c|[Gen 2] NU,c|[Gen 2] PU,c|[Gen 2] 1v1,c|[Gen 2] ZU,c|[Gen 2] NC 2000,4c|[Gen 2] Stadium OU,c|[Gen 2] Custom Game,c|[Gen 1] Ubers,c|[Gen 1] UU,c|[Gen 1] NU,c|[Gen 1] PU,c|[Gen 1] ZU,c|[Gen 1] LC,c|[Gen 1] 1v1,c|[Gen 1] NC 1997,4c|[Gen 1] Japanese OU,c|[Gen 1] Stadium OU,c|[Gen 1] Tradebacks OU,c|[Gen 1] Custom Game,c
[2026-03-09 18:16:41,994][SimpleHeuristics 3][INFO] - [92m[1m<<<[0m |challstr|4|a10c1789ccde1a386bbe510e218626bbac550b538ef2692fe4f073999a70f49595d3081074079da42c34e83e5d21130813cd962061358908fdb7329d39cf235a923c9b538f36a8fef4d8c78402089a256ad3966f4cb956dca0f3aeae640840f26112c158fedcc9243ec2467d3ef1dd09d6987adf42a817b4617a543dcd9992c7
[2026-03-09 18:16:41,995][SimpleHeuristics 3][INFO] - Bypassing authentication request
[2026-03-09 18:16:41,995][SimpleHeuristics 3][INFO] - [93m[1m>>>[0m |/trn SimpleHeuristics 3,0,
[2026-03-09 18:16:41,996][SimpleHeuristics 3][INFO] - [92m[1m<<<[0m |updatesearch|{"searching":[],"games":null}
[2026-03-09 18:16:41,997][SimpleHeuristics 3][INFO] - [92m[1m<<<[0m |updateuser| SimpleHeuristics 3|1|2|{"blockChallenges":false,"blockPMs":false,"ignoreTickets":false,"hideBattlesFromTrainerCard":false,"blockInvites":false,"doNotDisturb":false,"blockFriendRequests":false,"allowFriendNotifications":false,"displayBattlesToFriends":false,"hideLogins":false,"hiddenNextBattle":false,"inviteOnlyNextBattle":false,"language":null}
[2026-03-09 18:16:41,997][SimpleHeuristics 3][INFO] - [92m[1m<<<[0m |updatesearch|{"searching":[],"games":null}
[2026-03-09 18:19:18,131][MaxBasePowerPlay 1][INFO] - Starting listening to showdown websocket
[2026-03-09 18:19:18,136][MaxBasePowerPlay 1][INFO] - [92m[1m<<<[0m |updateuser| Guest 35|0|1|{"blockChallenges":false,"blockPMs":false,"ignoreTickets":false,"hideBattlesFromTrainerCard":false,"blockInvites":false,"doNotDisturb":false,"blockFriendRequests":false,"allowFriendNotifications":false,"displayBattlesToFriends":false,"hideLogins":false,"hiddenNextBattle":false,"inviteOnlyNextBattle":false,"language":null}
|customgroups|[{"symbol":"~","name":"Administrator","type":"leadership"},{"symbol":"#","name":"Room Owner","type":"leadership"},{"symbol":"★","name":"Host","type":"leadership"},{"symbol":"@","name":"Moderator","type":"staff"},{"symbol":"%","name":"Driver","type":"staff"},{"symbol":"*","name":"Bot","type":"normal"},{"symbol":"☆","name":"Player","type":"normal"},{"symbol":"+","name":"Voice","type":"normal"},{"symbol":"^","name":"Prize Winner","type":"normal"},{"symbol":"whitelist","name":"Whitelist","type":"normal"},{"symbol":" ","name":null,"type":"normal"},{"symbol":"‽","name":"Locked","type":"punishment"},{"symbol":"!","name":"Muted","type":"punishment"}]
|formats|,LL|,1|S/V Singles|[Gen 9] Random Battle,4f|[Gen 9] Unrated Random Battle,b|[Gen 9] Free-For-All Random Battle,7|[Gen 9] Random Battle (Blitz),4f|[Gen 9] Multi Random Battle,5|[Gen 9] OU,e|[Gen 9] Ubers,e|[Gen 9] UU,e|[Gen 9] RU,e|[Gen 9] NU,e|[Gen 9] PU,e|[Gen 9] LC,e|[Gen 9] Monotype,e|[Gen 9] CAP,e|[Gen 9] BSS Reg I,5e|[Gen 9] BSS Reg J,5c|[Gen 9] Custom Game,c|,1|S/V Doubles|[Gen 9] Random Doubles Battle,4f|[Gen 9] Doubles OU,e|[Gen 9] Doubles Ubers,e|[Gen 9] Doubles UU,e|[Gen 9] Doubles LC,c|[Gen 9] VGC 2023 Reg C,5c|[Gen 9] VGC 2023 Reg D,5c|[Gen 9] VGC 2024 Reg G,5c|[Gen 9] VGC 2026 Reg I,5e|[Gen 9] VGC 2026 Reg F,5e|[Gen 9] VGC 2026 Reg F (Bo3),1e|[Gen 9] Doubles Custom Game,c|,1|Unofficial Metagames|[Gen 9] 1v1,e|[Gen 9] 2v2 Doubles,e|[Gen 9] Anything Goes,e|[Gen 9] ZU,e|[Gen 9] Free-For-All,6|[Gen 9] LC UU,c|[Gen 9] NFE,c|[Gen 9] Ubers UU,c|,1|Draft|[Gen 9] Draft,8c|[Gen 9] 6v6 Doubles Draft,8c|[Gen 9] 4v4 Doubles Draft,dc|[Gen 9] NatDex Draft,8c|[Gen 9] NatDex 6v6 Doubles Draft,8c|[Gen 9] NatDex LC Draft,8c|[Gen 8] Draft,c|[Gen 8] NatDex Draft,c|[Gen 8] NatDex 4v4 Doubles Draft,1c|[Gen 7] Draft,c|[Gen 6] Draft,c|[Gen 5] Draft,c|[Gen 4] Draft,c|[Gen 3] Draft,c|,2|Ladder Spotlight|[Gen 9] BSS Factory (Bo3),1f|[Gen 9] Linked,e|[Gen 9] 350 Cup,e|[Gen 9] Pokebilities AAA,e|[Gen 9] 4v4 Doubles UU,5e|[Gen 9] National Dex RU,e|[Gen 6] Megas Revisited Random Battle,4f|[Gen 9] ChatBats,f|[Gen 4] Ubers,e|[Gen 6] NU,e|[Gen 4] VGC 2009,5e|,2|Other Metagames|[Gen 9] Almost Any Ability,e|[Gen 9] Balanced Hackmons,e|[Gen 9] Godly Gift,e|[Gen 9] Mix and Mega,e|[Gen 9] Shared Power,e|[Gen 9] STABmons,e|[Gen 6] Pure Hackmons,e|,2|Challengeable OMs|[Gen 9] 1-2 Switch,c|[Gen 9] Alphabet Cup,c|[Gen 9] Bad 'n Boosted,c|[Gen 9] Battlefields,c|[Gen 9] Bio Mech Mons,c|[Gen 9] Camomons,c|[Gen 9] Category Swap,c|[Gen 9] Convergence,c|[Gen 9] Cross Evolution,c|[Gen 9] Fervent Impersonation,c|[Gen 9] Flipped,c|[Gen 9] Foresighters,c|[Gen 9] Formemons,c|[Gen 9] Fortemons,c|[Gen 9] Frantic Fusions,c|[Gen 9] Full Potential,c|[Gen 9] Inheritance,c|[Gen 9] Inverse,c|[Gen 9] Nature Swap,c|[Gen 9] Partners in Crime,c|[Gen 9] Passive Aggressive,c|[Gen 9] Pokebilities,c|[Gen 9] Pokemoves,c|[Gen 9] Pure Hackmons,c|[Gen 9] Relay Race,c|[Gen 9] Revelationmons,c|[Gen 9] Sharing is Caring,c|[Gen 9] Tera Donation,c|[Gen 9] Tera Override,c|[Gen 9] The Card Game,c|[Gen 9] The Loser's Game,c|[Gen 9] Tier Shift,c|[Gen 9] Trademarked,c|[Gen 9] Triples,c|[Gen 9] Type Split,c|[Gen 9] VoltTurn Mayhem,c|[Gen 7] Pure Hackmons,c|,2|Temporary Tour Metas|[Gen 9] Mix and Mega LC,c|[Gen 8] Mix and Mega,c|[Gen 7] Mix and Mega,c|[Gen 6] Mix and Mega,c|,2|National Dex|[Gen 9] National Dex,e|[Gen 8] National Dex,e|,2|National Dex Other Tiers|[Gen 9] National Dex 35 Pokes,c|[Gen 9] National Dex Ubers,e|[Gen 9] National Dex UU,e|[Gen 9] National Dex Ubers UU,c|[Gen 9] National Dex LC,c|[Gen 9] National Dex Monotype,e|[Gen 9] National Dex Doubles,e|[Gen 9] National Dex Doubles Ubers,c|[Gen 9] National Dex 1v1,c|[Gen 9] National Dex AG,c|[Gen 9] National Dex AAA,c|[Gen 9] National Dex BH,c|[Gen 9] National Dex Godly Gift,c|[Gen 9] National Dex STABmons,c|[Gen 8] National Dex UU,c|[Gen 8] National Dex RU,c|[Gen 8] National Dex Doubles,e|[Gen 8] National Dex Monotype,c|[Gen 8 DLC 1] National Dex AG,c|,2|Pet Mods|[Gen 6] Megas Revisited,c|[Gen 9] Legends Z-A OU,e|,3|Randomized Metas|[Gen 9] Random Roulette,4f|[Gen 9] Super Staff Bros Ultimate,4f|[Gen 9] Monotype Random Battle,4f|[Gen 9] Random Battle (Shared Power, B12P6),4f|[Gen 9] Random Battle Mayhem,4f|[Gen 9] Battle Factory,4f|[Gen 9] 1v1 Factory,4f|[Gen 9] BSS Factory,5d|[Gen 9] Draft Factory,4d|[Gen 9] Baby Random Battle,4f|[Gen 9] Hackmons Cup,4f|[Gen 9] Doubles Hackmons Cup,4d|[Gen 9] Broken Cup,4f|[Gen 9] Challenge Cup 1v1,4f|[Gen 9] Challenge Cup 2v2,4f|[Gen 9] Challenge Cup 6v6,4d|[Gen 9] Metronome Battle,4e|[Gen 8] Random Battle,4f|[Gen 8] Random Doubles Battle,4d|[Gen 8] Free-For-All Random Battle,5|[Gen 8] Multi Random Battle,5|[Gen 8] Battle Factory,4d|[Gen 8] BSS Factory,5d|[Gen 8] Hackmons Cup,4d|[Gen 8] CAP 1v1,4d|[Gen 8 BDSP] Random Battle,4d|[Gen 7] Random Battle,4f|[Gen 7] Battle Factory,4d|[Gen 7] BSS Factory,5d|[Gen 7] Hackmons Cup,9|[Gen 7 Let's Go] Random Battle,4d|[Gen 6] Random Battle,4f|[Gen 6] Battle Factory,9|[Gen 5] Random Battle,4f|[Gen 4] Random Battle,4f|[Gen 3] Random Battle,4f|[Gen 2] Random Battle,4f|[Gen 1] Random Battle,4f|[Gen 1] Challenge Cup,9|[Gen 1] Hackmons Cup,9|,4|Past Gens OU|[Gen 8] OU,e|[Gen 7] OU,e|[Gen 6] OU,e|[Gen 5] OU,e|[Gen 4] OU,e|[Gen 3] OU,e|[Gen 2] OU,e|[Gen 1] OU,e|,4|Past Gens Doubles OU|[Gen 8] Doubles OU,e|[Gen 7] Doubles OU,e|[Gen 6] Doubles OU,e|[Gen 5] Doubles OU,c|[Gen 4] Doubles OU,c|[Gen 3] Doubles OU,c|,4|Sw/Sh Singles|[Gen 8] Ubers,c|[Gen 8] UU,c|[Gen 8] RU,c|[Gen 8] NU,c|[Gen 8] PU,c|[Gen 8] LC,c|[Gen 8] Monotype,c|[Gen 8] 1v1,c|[Gen 8] Anything Goes,c|[Gen 8] ZU,c|[Gen 8] CAP,c|[Gen 8] Battle Stadium Singles,5c|[Gen 8 BDSP] OU,c|[Gen 8 BDSP] Ubers,c|[Gen 8] Custom Game,c|,4|Sw/Sh Doubles|[Gen 8] Doubles Ubers,c|[Gen 8] Doubles UU,c|[Gen 8] VGC 2022,5c|[Gen 8] VGC 2021,5c|[Gen 8] VGC 2020,5c|[Gen 8 BDSP] Doubles OU,c|[Gen 8 BDSP] Battle Festival Doubles,1c|[Gen 8] Doubles Custom Game,c|,4|US/UM Singles|[Gen 7] Ubers,c|[Gen 7] UU,c|[Gen 7] RU,c|[Gen 7] NU,c|[Gen 7] PU,c|[Gen 7] LC,c|[Gen 7] Monotype,c|[Gen 7] 1v1,c|[Gen 7] Anything Goes,c|[Gen 7] ZU,c|[Gen 7] CAP,c|[Gen 7] Battle Spot Singles,5c|[Gen 7 Let's Go] OU,1c|[Gen 7] Custom Game,c|,4|US/UM Doubles|[Gen 7] Doubles UU,c|[Gen 7] VGC 2019,5c|[Gen 7] VGC 2018,5c|[Gen 7] VGC 2017,5c|[Gen 7] Battle Spot Doubles,5c|[Gen 7 Let's Go] Doubles OU,1c|[Gen 7] Doubles Custom Game,c|,4|OR/AS Singles|[Gen 6] Ubers,c|[Gen 6] UU,c|[Gen 6] RU,c|[Gen 6] PU,c|[Gen 6] LC,c|[Gen 6] Monotype,c|[Gen 6] 1v1,c|[Gen 6] Anything Goes,c|[Gen 6] ZU,c|[Gen 6] CAP,c|[Gen 6] Battle Spot Singles,5c|[Gen 6] Custom Game,c|,4|OR/AS Doubles/Triples|[Gen 6] VGC 2016,5c|[Gen 6] VGC 2015,5c|[Gen 6] VGC 2014,5c|[Gen 6] Battle Spot Doubles,5c|[Gen 6] Doubles Custom Game,c|[Gen 6] Battle Spot Triples,1c|[Gen 6] Triples Custom Game,c|,4|B2/W2 Singles|[Gen 5] Ubers,c|[Gen 5] UU,c|[Gen 5] RU,c|[Gen 5] NU,c|[Gen 5] PU,c|[Gen 5] Monotype,c|[Gen 5] LC,c|[Gen 5] 1v1,c|[Gen 5] CAP,c|[Gen 5] ZU,c|[Gen 5] BW1 OU,c|[Gen 5] GBU Singles,5c|[Gen 5] Custom Game,c|,4|B2/W2 Doubles|[Gen 5] VGC 2013,5c|[Gen 5] VGC 2012,5c|[Gen 5] VGC 2011,5c|[Gen 5] Doubles Custom Game,c|[Gen 5] Triples Custom Game,c|,4|DPP Singles|[Gen 4] UU,c|[Gen 4] NU,c|[Gen 4] LC,c|[Gen 4] Anything Goes,c|[Gen 4] 1v1,c|[Gen 4] CAP,c|[Gen 4] PU,c|[Gen 4] ZU,c|[Gen 4] Custom Game,c|,4|DPP Doubles|[Gen 4] VGC 2010,5c|[Gen 4] Doubles Custom Game,c|,4|Past Generations|[Gen 3] Ubers,c|[Gen 3] UU,c|[Gen 3] RU,c|[Gen 3] NU,c|[Gen 3] PU,c|[Gen 3] LC,c|[Gen 3] 1v1,c|[Gen 3] UUBL,c|[Gen 3] ZU,c|[Gen 3] ADV 200,c|[Gen 3] ADV 200 Doubles,c|[Gen 3] Orre Colosseum,4c|[Gen 3] Custom Game,c|[Gen 3] Doubles Custom Game,c|[Gen 2] Ubers,c|[Gen 2] UU,c|[Gen 2] NU,c|[Gen 2] PU,c|[Gen 2] 1v1,c|[Gen 2] ZU,c|[Gen 2] NC 2000,4c|[Gen 2] Stadium OU,c|[Gen 2] Custom Game,c|[Gen 1] Ubers,c|[Gen 1] UU,c|[Gen 1] NU,c|[Gen 1] PU,c|[Gen 1] ZU,c|[Gen 1] LC,c|[Gen 1] 1v1,c|[Gen 1] NC 1997,4c|[Gen 1] Japanese OU,c|[Gen 1] Stadium OU,c|[Gen 1] Tradebacks OU,c|[Gen 1] Custom Game,c
[2026-03-09 18:19:18,137][MaxBasePowerPlay 1][INFO] - [92m[1m<<<[0m |challstr|4|a22269410e8591b601fa91b21976cdb91731fcd3bdb63194e27717fd5263eee7475a176c104a3796050de1ba372026034a344c0dc362e57454f7dd33e3c5579881430d3edf36eb50065209a6fcbe37becad9b6c86eae2de0753c0766badb165d03e467a23dea1cb99240ad85e80719ec712939939a6d73192607975efc761435
[2026-03-09 18:19:18,138][MaxBasePowerPlay 1][INFO] - Bypassing authentication request
[2026-03-09 18:19:18,138][MaxBasePowerPlay 1][INFO] - [93m[1m>>>[0m |/trn MaxBasePowerPlay 1,0,
[2026-03-09 18:19:18,165][MaxBasePowerPlay 1][INFO] - [92m[1m<<<[0m |updatesearch|{"searching":[],"games":null}
[2026-03-09 18:19:18,165][MaxBasePowerPlay 1][INFO] - [92m[1m<<<[0m |updateuser| MaxBasePowerPlay 1|1|1|{"blockChallenges":false,"blockPMs":false,"ignoreTickets":false,"hideBattlesFromTrainerCard":false,"blockInvites":false,"doNotDisturb":false,"blockFriendRequests":false,"allowFriendNotifications":false,"displayBattlesToFriends":false,"hideLogins":false,"hiddenNextBattle":false,"inviteOnlyNextBattle":false,"language":null}
[2026-03-09 18:21:48,165][RandomPlayer 1][INFO] - Starting listening to showdown websocket
[2026-03-09 18:21:48,179][RandomPlayer 1][INFO] - [92m[1m<<<[0m |updateuser| Guest 38|0|266|{"blockChallenges":false,"blockPMs":false,"ignoreTickets":false,"hideBattlesFromTrainerCard":false,"blockInvites":false,"doNotDisturb":false,"blockFriendRequests":false,"allowFriendNotifications":false,"displayBattlesToFriends":false,"hideLogins":false,"hiddenNextBattle":false,"inviteOnlyNextBattle":false,"language":null}
|customgroups|[{"symbol":"~","name":"Administrator","type":"leadership"},{"symbol":"#","name":"Room Owner","type":"leadership"},{"symbol":"★","name":"Host","type":"leadership"},{"symbol":"@","name":"Moderator","type":"staff"},{"symbol":"%","name":"Driver","type":"staff"},{"symbol":"*","name":"Bot","type":"normal"},{"symbol":"☆","name":"Player","type":"normal"},{"symbol":"+","name":"Voice","type":"normal"},{"symbol":"^","name":"Prize Winner","type":"normal"},{"symbol":"whitelist","name":"Whitelist","type":"normal"},{"symbol":" ","name":null,"type":"normal"},{"symbol":"‽","name":"Locked","type":"punishment"},{"symbol":"!","name":"Muted","type":"punishment"}]
|formats|,LL|,1|S/V Singles|[Gen 9] Random Battle,4f|[Gen 9] Unrated Random Battle,b|[Gen 9] Free-For-All Random Battle,7|[Gen 9] Random Battle (Blitz),4f|[Gen 9] Multi Random Battle,5|[Gen 9] OU,e|[Gen 9] Ubers,e|[Gen 9] UU,e|[Gen 9] RU,e|[Gen 9] NU,e|[Gen 9] PU,e|[Gen 9] LC,e|[Gen 9] Monotype,e|[Gen 9] CAP,e|[Gen 9] BSS Reg I,5e|[Gen 9] BSS Reg J,5c|[Gen 9] Custom Game,c|,1|S/V Doubles|[Gen 9] Random Doubles Battle,4f|[Gen 9] Doubles OU,e|[Gen 9] Doubles Ubers,e|[Gen 9] Doubles UU,e|[Gen 9] Doubles LC,c|[Gen 9] VGC 2023 Reg C,5c|[Gen 9] VGC 2023 Reg D,5c|[Gen 9] VGC 2024 Reg G,5c|[Gen 9] VGC 2026 Reg I,5e|[Gen 9] VGC 2026 Reg F,5e|[Gen 9] VGC 2026 Reg F (Bo3),1e|[Gen 9] Doubles Custom Game,c|,1|Unofficial Metagames|[Gen 9] 1v1,e|[Gen 9] 2v2 Doubles,e|[Gen 9] Anything Goes,e|[Gen 9] ZU,e|[Gen 9] Free-For-All,6|[Gen 9] LC UU,c|[Gen 9] NFE,c|[Gen 9] Ubers UU,c|,1|Draft|[Gen 9] Draft,8c|[Gen 9] 6v6 Doubles Draft,8c|[Gen 9] 4v4 Doubles Draft,dc|[Gen 9] NatDex Draft,8c|[Gen 9] NatDex 6v6 Doubles Draft,8c|[Gen 9] NatDex LC Draft,8c|[Gen 8] Draft,c|[Gen 8] NatDex Draft,c|[Gen 8] NatDex 4v4 Doubles Draft,1c|[Gen 7] Draft,c|[Gen 6] Draft,c|[Gen 5] Draft,c|[Gen 4] Draft,c|[Gen 3] Draft,c|,2|Ladder Spotlight|[Gen 9] BSS Factory (Bo3),1f|[Gen 9] Linked,e|[Gen 9] 350 Cup,e|[Gen 9] Pokebilities AAA,e|[Gen 9] 4v4 Doubles UU,5e|[Gen 9] National Dex RU,e|[Gen 6] Megas Revisited Random Battle,4f|[Gen 9] ChatBats,f|[Gen 4] Ubers,e|[Gen 6] NU,e|[Gen 4] VGC 2009,5e|,2|Other Metagames|[Gen 9] Almost Any Ability,e|[Gen 9] Balanced Hackmons,e|[Gen 9] Godly Gift,e|[Gen 9] Mix and Mega,e|[Gen 9] Shared Power,e|[Gen 9] STABmons,e|[Gen 6] Pure Hackmons,e|,2|Challengeable OMs|[Gen 9] 1-2 Switch,c|[Gen 9] Alphabet Cup,c|[Gen 9] Bad 'n Boosted,c|[Gen 9] Battlefields,c|[Gen 9] Bio Mech Mons,c|[Gen 9] Camomons,c|[Gen 9] Category Swap,c|[Gen 9] Convergence,c|[Gen 9] Cross Evolution,c|[Gen 9] Fervent Impersonation,c|[Gen 9] Flipped,c|[Gen 9] Foresighters,c|[Gen 9] Formemons,c|[Gen 9] Fortemons,c|[Gen 9] Frantic Fusions,c|[Gen 9] Full Potential,c|[Gen 9] Inheritance,c|[Gen 9] Inverse,c|[Gen 9] Nature Swap,c|[Gen 9] Partners in Crime,c|[Gen 9] Passive Aggressive,c|[Gen 9] Pokebilities,c|[Gen 9] Pokemoves,c|[Gen 9] Pure Hackmons,c|[Gen 9] Relay Race,c|[Gen 9] Revelationmons,c|[Gen 9] Sharing is Caring,c|[Gen 9] Tera Donation,c|[Gen 9] Tera Override,c|[Gen 9] The Card Game,c|[Gen 9] The Loser's Game,c|[Gen 9] Tier Shift,c|[Gen 9] Trademarked,c|[Gen 9] Triples,c|[Gen 9] Type Split,c|[Gen 9] VoltTurn Mayhem,c|[Gen 7] Pure Hackmons,c|,2|Temporary Tour Metas|[Gen 9] Mix and Mega LC,c|[Gen 8] Mix and Mega,c|[Gen 7] Mix and Mega,c|[Gen 6] Mix and Mega,c|,2|National Dex|[Gen 9] National Dex,e|[Gen 8] National Dex,e|,2|National Dex Other Tiers|[Gen 9] National Dex 35 Pokes,c|[Gen 9] National Dex Ubers,e|[Gen 9] National Dex UU,e|[Gen 9] National Dex Ubers UU,c|[Gen 9] National Dex LC,c|[Gen 9] National Dex Monotype,e|[Gen 9] National Dex Doubles,e|[Gen 9] National Dex Doubles Ubers,c|[Gen 9] National Dex 1v1,c|[Gen 9] National Dex AG,c|[Gen 9] National Dex AAA,c|[Gen 9] National Dex BH,c|[Gen 9] National Dex Godly Gift,c|[Gen 9] National Dex STABmons,c|[Gen 8] National Dex UU,c|[Gen 8] National Dex RU,c|[Gen 8] National Dex Doubles,e|[Gen 8] National Dex Monotype,c|[Gen 8 DLC 1] National Dex AG,c|,2|Pet Mods|[Gen 6] Megas Revisited,c|[Gen 9] Legends Z-A OU,e|,3|Randomized Metas|[Gen 9] Random Roulette,4f|[Gen 9] Super Staff Bros Ultimate,4f|[Gen 9] Monotype Random Battle,4f|[Gen 9] Random Battle (Shared Power, B12P6),4f|[Gen 9] Random Battle Mayhem,4f|[Gen 9] Battle Factory,4f|[Gen 9] 1v1 Factory,4f|[Gen 9] BSS Factory,5d|[Gen 9] Draft Factory,4d|[Gen 9] Baby Random Battle,4f|[Gen 9] Hackmons Cup,4f|[Gen 9] Doubles Hackmons Cup,4d|[Gen 9] Broken Cup,4f|[Gen 9] Challenge Cup 1v1,4f|[Gen 9] Challenge Cup 2v2,4f|[Gen 9] Challenge Cup 6v6,4d|[Gen 9] Metronome Battle,4e|[Gen 8] Random Battle,4f|[Gen 8] Random Doubles Battle,4d|[Gen 8] Free-For-All Random Battle,5|[Gen 8] Multi Random Battle,5|[Gen 8] Battle Factory,4d|[Gen 8] BSS Factory,5d|[Gen 8] Hackmons Cup,4d|[Gen 8] CAP 1v1,4d|[Gen 8 BDSP] Random Battle,4d|[Gen 7] Random Battle,4f|[Gen 7] Battle Factory,4d|[Gen 7] BSS Factory,5d|[Gen 7] Hackmons Cup,9|[Gen 7 Let's Go] Random Battle,4d|[Gen 6] Random Battle,4f|[Gen 6] Battle Factory,9|[Gen 5] Random Battle,4f|[Gen 4] Random Battle,4f|[Gen 3] Random Battle,4f|[Gen 2] Random Battle,4f|[Gen 1] Random Battle,4f|[Gen 1] Challenge Cup,9|[Gen 1] Hackmons Cup,9|,4|Past Gens OU|[Gen 8] OU,e|[Gen 7] OU,e|[Gen 6] OU,e|[Gen 5] OU,e|[Gen 4] OU,e|[Gen 3] OU,e|[Gen 2] OU,e|[Gen 1] OU,e|,4|Past Gens Doubles OU|[Gen 8] Doubles OU,e|[Gen 7] Doubles OU,e|[Gen 6] Doubles OU,e|[Gen 5] Doubles OU,c|[Gen 4] Doubles OU,c|[Gen 3] Doubles OU,c|,4|Sw/Sh Singles|[Gen 8] Ubers,c|[Gen 8] UU,c|[Gen 8] RU,c|[Gen 8] NU,c|[Gen 8] PU,c|[Gen 8] LC,c|[Gen 8] Monotype,c|[Gen 8] 1v1,c|[Gen 8] Anything Goes,c|[Gen 8] ZU,c|[Gen 8] CAP,c|[Gen 8] Battle Stadium Singles,5c|[Gen 8 BDSP] OU,c|[Gen 8 BDSP] Ubers,c|[Gen 8] Custom Game,c|,4|Sw/Sh Doubles|[Gen 8] Doubles Ubers,c|[Gen 8] Doubles UU,c|[Gen 8] VGC 2022,5c|[Gen 8] VGC 2021,5c|[Gen 8] VGC 2020,5c|[Gen 8 BDSP] Doubles OU,c|[Gen 8 BDSP] Battle Festival Doubles,1c|[Gen 8] Doubles Custom Game,c|,4|US/UM Singles|[Gen 7] Ubers,c|[Gen 7] UU,c|[Gen 7] RU,c|[Gen 7] NU,c|[Gen 7] PU,c|[Gen 7] LC,c|[Gen 7] Monotype,c|[Gen 7] 1v1,c|[Gen 7] Anything Goes,c|[Gen 7] ZU,c|[Gen 7] CAP,c|[Gen 7] Battle Spot Singles,5c|[Gen 7 Let's Go] OU,1c|[Gen 7] Custom Game,c|,4|US/UM Doubles|[Gen 7] Doubles UU,c|[Gen 7] VGC 2019,5c|[Gen 7] VGC 2018,5c|[Gen 7] VGC 2017,5c|[Gen 7] Battle Spot Doubles,5c|[Gen 7 Let's Go] Doubles OU,1c|[Gen 7] Doubles Custom Game,c|,4|OR/AS Singles|[Gen 6] Ubers,c|[Gen 6] UU,c|[Gen 6] RU,c|[Gen 6] PU,c|[Gen 6] LC,c|[Gen 6] Monotype,c|[Gen 6] 1v1,c|[Gen 6] Anything Goes,c|[Gen 6] ZU,c|[Gen 6] CAP,c|[Gen 6] Battle Spot Singles,5c|[Gen 6] Custom Game,c|,4|OR/AS Doubles/Triples|[Gen 6] VGC 2016,5c|[Gen 6] VGC 2015,5c|[Gen 6] VGC 2014,5c|[Gen 6] Battle Spot Doubles,5c|[Gen 6] Doubles Custom Game,c|[Gen 6] Battle Spot Triples,1c|[Gen 6] Triples Custom Game,c|,4|B2/W2 Singles|[Gen 5] Ubers,c|[Gen 5] UU,c|[Gen 5] RU,c|[Gen 5] NU,c|[Gen 5] PU,c|[Gen 5] Monotype,c|[Gen 5] LC,c|[Gen 5] 1v1,c|[Gen 5] CAP,c|[Gen 5] ZU,c|[Gen 5] BW1 OU,c|[Gen 5] GBU Singles,5c|[Gen 5] Custom Game,c|,4|B2/W2 Doubles|[Gen 5] VGC 2013,5c|[Gen 5] VGC 2012,5c|[Gen 5] VGC 2011,5c|[Gen 5] Doubles Custom Game,c|[Gen 5] Triples Custom Game,c|,4|DPP Singles|[Gen 4] UU,c|[Gen 4] NU,c|[Gen 4] LC,c|[Gen 4] Anything Goes,c|[Gen 4] 1v1,c|[Gen 4] CAP,c|[Gen 4] PU,c|[Gen 4] ZU,c|[Gen 4] Custom Game,c|,4|DPP Doubles|[Gen 4] VGC 2010,5c|[Gen 4] Doubles Custom Game,c|,4|Past Generations|[Gen 3] Ubers,c|[Gen 3] UU,c|[Gen 3] RU,c|[Gen 3] NU,c|[Gen 3] PU,c|[Gen 3] LC,c|[Gen 3] 1v1,c|[Gen 3] UUBL,c|[Gen 3] ZU,c|[Gen 3] ADV 200,c|[Gen 3] ADV 200 Doubles,c|[Gen 3] Orre Colosseum,4c|[Gen 3] Custom Game,c|[Gen 3] Doubles Custom Game,c|[Gen 2] Ubers,c|[Gen 2] UU,c|[Gen 2] NU,c|[Gen 2] PU,c|[Gen 2] 1v1,c|[Gen 2] ZU,c|[Gen 2] NC 2000,4c|[Gen 2] Stadium OU,c|[Gen 2] Custom Game,c|[Gen 1] Ubers,c|[Gen 1] UU,c|[Gen 1] NU,c|[Gen 1] PU,c|[Gen 1] ZU,c|[Gen 1] LC,c|[Gen 1] 1v1,c|[Gen 1] NC 1997,4c|[Gen 1] Japanese OU,c|[Gen 1] Stadium OU,c|[Gen 1] Tradebacks OU,c|[Gen 1] Custom Game,c
[2026-03-09 18:21:48,180][RandomPlayer 1][INFO] - [92m[1m<<<[0m |challstr|4|0d905e3daae8c9bbac83e635072dd17ada1960d321e40f696bd4f6705620152235828ea46e0a614e93718e8f129350b3f21cd9f270edaa7bd75afb94a8928bc4cf8808d89f23a299fdb9f1f3d534ac038c660829179327da9c300060a683c63dba75af8655a95772118be1e5ddaa6875d8483067044c122a9e69f5537b5a58f2
[2026-03-09 18:21:48,180][RandomPlayer 1][INFO] - Bypassing authentication request
[2026-03-09 18:21:48,180][RandomPlayer 1][INFO] - [93m[1m>>>[0m |/trn RandomPlayer 1,0,
[2026-03-09 18:21:48,199][RandomPlayer 1][INFO] - [92m[1m<<<[0m |updatesearch|{"searching":[],"games":null}
[2026-03-09 18:21:48,199][RandomPlayer 1][INFO] - [92m[1m<<<[0m |updateuser| RandomPlayer 1|1|266|{"blockChallenges":false,"blockPMs":false,"ignoreTickets":false,"hideBattlesFromTrainerCard":false,"blockInvites":false,"doNotDisturb":false,"blockFriendRequests":false,"allowFriendNotifications":false,"displayBattlesToFriends":false,"hideLogins":false,"hiddenNextBattle":false,"inviteOnlyNextBattle":false,"language":null}
[2026-03-09 18:24:39,389][SimpleHeuristics 7][INFO] - Starting listening to showdown websocket
[2026-03-09 18:24:39,393][SimpleHeuristics 7][INFO] - [92m[1m<<<[0m |updateuser| Guest 41|0|2|{"blockChallenges":false,"blockPMs":false,"ignoreTickets":false,"hideBattlesFromTrainerCard":false,"blockInvites":false,"doNotDisturb":false,"blockFriendRequests":false,"allowFriendNotifications":false,"displayBattlesToFriends":false,"hideLogins":false,"hiddenNextBattle":false,"inviteOnlyNextBattle":false,"language":null}
|customgroups|[{"symbol":"~","name":"Administrator","type":"leadership"},{"symbol":"#","name":"Room Owner","type":"leadership"},{"symbol":"★","name":"Host","type":"leadership"},{"symbol":"@","name":"Moderator","type":"staff"},{"symbol":"%","name":"Driver","type":"staff"},{"symbol":"*","name":"Bot","type":"normal"},{"symbol":"☆","name":"Player","type":"normal"},{"symbol":"+","name":"Voice","type":"normal"},{"symbol":"^","name":"Prize Winner","type":"normal"},{"symbol":"whitelist","name":"Whitelist","type":"normal"},{"symbol":" ","name":null,"type":"normal"},{"symbol":"‽","name":"Locked","type":"punishment"},{"symbol":"!","name":"Muted","type":"punishment"}]
|formats|,LL|,1|S/V Singles|[Gen 9] Random Battle,4f|[Gen 9] Unrated Random Battle,b|[Gen 9] Free-For-All Random Battle,7|[Gen 9] Random Battle (Blitz),4f|[Gen 9] Multi Random Battle,5|[Gen 9] OU,e|[Gen 9] Ubers,e|[Gen 9] UU,e|[Gen 9] RU,e|[Gen 9] NU,e|[Gen 9] PU,e|[Gen 9] LC,e|[Gen 9] Monotype,e|[Gen 9] CAP,e|[Gen 9] BSS Reg I,5e|[Gen 9] BSS Reg J,5c|[Gen 9] Custom Game,c|,1|S/V Doubles|[Gen 9] Random Doubles Battle,4f|[Gen 9] Doubles OU,e|[Gen 9] Doubles Ubers,e|[Gen 9] Doubles UU,e|[Gen 9] Doubles LC,c|[Gen 9] VGC 2023 Reg C,5c|[Gen 9] VGC 2023 Reg D,5c|[Gen 9] VGC 2024 Reg G,5c|[Gen 9] VGC 2026 Reg I,5e|[Gen 9] VGC 2026 Reg F,5e|[Gen 9] VGC 2026 Reg F (Bo3),1e|[Gen 9] Doubles Custom Game,c|,1|Unofficial Metagames|[Gen 9] 1v1,e|[Gen 9] 2v2 Doubles,e|[Gen 9] Anything Goes,e|[Gen 9] ZU,e|[Gen 9] Free-For-All,6|[Gen 9] LC UU,c|[Gen 9] NFE,c|[Gen 9] Ubers UU,c|,1|Draft|[Gen 9] Draft,8c|[Gen 9] 6v6 Doubles Draft,8c|[Gen 9] 4v4 Doubles Draft,dc|[Gen 9] NatDex Draft,8c|[Gen 9] NatDex 6v6 Doubles Draft,8c|[Gen 9] NatDex LC Draft,8c|[Gen 8] Draft,c|[Gen 8] NatDex Draft,c|[Gen 8] NatDex 4v4 Doubles Draft,1c|[Gen 7] Draft,c|[Gen 6] Draft,c|[Gen 5] Draft,c|[Gen 4] Draft,c|[Gen 3] Draft,c|,2|Ladder Spotlight|[Gen 9] BSS Factory (Bo3),1f|[Gen 9] Linked,e|[Gen 9] 350 Cup,e|[Gen 9] Pokebilities AAA,e|[Gen 9] 4v4 Doubles UU,5e|[Gen 9] National Dex RU,e|[Gen 6] Megas Revisited Random Battle,4f|[Gen 9] ChatBats,f|[Gen 4] Ubers,e|[Gen 6] NU,e|[Gen 4] VGC 2009,5e|,2|Other Metagames|[Gen 9] Almost Any Ability,e|[Gen 9] Balanced Hackmons,e|[Gen 9] Godly Gift,e|[Gen 9] Mix and Mega,e|[Gen 9] Shared Power,e|[Gen 9] STABmons,e|[Gen 6] Pure Hackmons,e|,2|Challengeable OMs|[Gen 9] 1-2 Switch,c|[Gen 9] Alphabet Cup,c|[Gen 9] Bad 'n Boosted,c|[Gen 9] Battlefields,c|[Gen 9] Bio Mech Mons,c|[Gen 9] Camomons,c|[Gen 9] Category Swap,c|[Gen 9] Convergence,c|[Gen 9] Cross Evolution,c|[Gen 9] Fervent Impersonation,c|[Gen 9] Flipped,c|[Gen 9] Foresighters,c|[Gen 9] Formemons,c|[Gen 9] Fortemons,c|[Gen 9] Frantic Fusions,c|[Gen 9] Full Potential,c|[Gen 9] Inheritance,c|[Gen 9] Inverse,c|[Gen 9] Nature Swap,c|[Gen 9] Partners in Crime,c|[Gen 9] Passive Aggressive,c|[Gen 9] Pokebilities,c|[Gen 9] Pokemoves,c|[Gen 9] Pure Hackmons,c|[Gen 9] Relay Race,c|[Gen 9] Revelationmons,c|[Gen 9] Sharing is Caring,c|[Gen 9] Tera Donation,c|[Gen 9] Tera Override,c|[Gen 9] The Card Game,c|[Gen 9] The Loser's Game,c|[Gen 9] Tier Shift,c|[Gen 9] Trademarked,c|[Gen 9] Triples,c|[Gen 9] Type Split,c|[Gen 9] VoltTurn Mayhem,c|[Gen 7] Pure Hackmons,c|,2|Temporary Tour Metas|[Gen 9] Mix and Mega LC,c|[Gen 8] Mix and Mega,c|[Gen 7] Mix and Mega,c|[Gen 6] Mix and Mega,c|,2|National Dex|[Gen 9] National Dex,e|[Gen 8] National Dex,e|,2|National Dex Other Tiers|[Gen 9] National Dex 35 Pokes,c|[Gen 9] National Dex Ubers,e|[Gen 9] National Dex UU,e|[Gen 9] National Dex Ubers UU,c|[Gen 9] National Dex LC,c|[Gen 9] National Dex Monotype,e|[Gen 9] National Dex Doubles,e|[Gen 9] National Dex Doubles Ubers,c|[Gen 9] National Dex 1v1,c|[Gen 9] National Dex AG,c|[Gen 9] National Dex AAA,c|[Gen 9] National Dex BH,c|[Gen 9] National Dex Godly Gift,c|[Gen 9] National Dex STABmons,c|[Gen 8] National Dex UU,c|[Gen 8] National Dex RU,c|[Gen 8] National Dex Doubles,e|[Gen 8] National Dex Monotype,c|[Gen 8 DLC 1] National Dex AG,c|,2|Pet Mods|[Gen 6] Megas Revisited,c|[Gen 9] Legends Z-A OU,e|,3|Randomized Metas|[Gen 9] Random Roulette,4f|[Gen 9] Super Staff Bros Ultimate,4f|[Gen 9] Monotype Random Battle,4f|[Gen 9] Random Battle (Shared Power, B12P6),4f|[Gen 9] Random Battle Mayhem,4f|[Gen 9] Battle Factory,4f|[Gen 9] 1v1 Factory,4f|[Gen 9] BSS Factory,5d|[Gen 9] Draft Factory,4d|[Gen 9] Baby Random Battle,4f|[Gen 9] Hackmons Cup,4f|[Gen 9] Doubles Hackmons Cup,4d|[Gen 9] Broken Cup,4f|[Gen 9] Challenge Cup 1v1,4f|[Gen 9] Challenge Cup 2v2,4f|[Gen 9] Challenge Cup 6v6,4d|[Gen 9] Metronome Battle,4e|[Gen 8] Random Battle,4f|[Gen 8] Random Doubles Battle,4d|[Gen 8] Free-For-All Random Battle,5|[Gen 8] Multi Random Battle,5|[Gen 8] Battle Factory,4d|[Gen 8] BSS Factory,5d|[Gen 8] Hackmons Cup,4d|[Gen 8] CAP 1v1,4d|[Gen 8 BDSP] Random Battle,4d|[Gen 7] Random Battle,4f|[Gen 7] Battle Factory,4d|[Gen 7] BSS Factory,5d|[Gen 7] Hackmons Cup,9|[Gen 7 Let's Go] Random Battle,4d|[Gen 6] Random Battle,4f|[Gen 6] Battle Factory,9|[Gen 5] Random Battle,4f|[Gen 4] Random Battle,4f|[Gen 3] Random Battle,4f|[Gen 2] Random Battle,4f|[Gen 1] Random Battle,4f|[Gen 1] Challenge Cup,9|[Gen 1] Hackmons Cup,9|,4|Past Gens OU|[Gen 8] OU,e|[Gen 7] OU,e|[Gen 6] OU,e|[Gen 5] OU,e|[Gen 4] OU,e|[Gen 3] OU,e|[Gen 2] OU,e|[Gen 1] OU,e|,4|Past Gens Doubles OU|[Gen 8] Doubles OU,e|[Gen 7] Doubles OU,e|[Gen 6] Doubles OU,e|[Gen 5] Doubles OU,c|[Gen 4] Doubles OU,c|[Gen 3] Doubles OU,c|,4|Sw/Sh Singles|[Gen 8] Ubers,c|[Gen 8] UU,c|[Gen 8] RU,c|[Gen 8] NU,c|[Gen 8] PU,c|[Gen 8] LC,c|[Gen 8] Monotype,c|[Gen 8] 1v1,c|[Gen 8] Anything Goes,c|[Gen 8] ZU,c|[Gen 8] CAP,c|[Gen 8] Battle Stadium Singles,5c|[Gen 8 BDSP] OU,c|[Gen 8 BDSP] Ubers,c|[Gen 8] Custom Game,c|,4|Sw/Sh Doubles|[Gen 8] Doubles Ubers,c|[Gen 8] Doubles UU,c|[Gen 8] VGC 2022,5c|[Gen 8] VGC 2021,5c|[Gen 8] VGC 2020,5c|[Gen 8 BDSP] Doubles OU,c|[Gen 8 BDSP] Battle Festival Doubles,1c|[Gen 8] Doubles Custom Game,c|,4|US/UM Singles|[Gen 7] Ubers,c|[Gen 7] UU,c|[Gen 7] RU,c|[Gen 7] NU,c|[Gen 7] PU,c|[Gen 7] LC,c|[Gen 7] Monotype,c|[Gen 7] 1v1,c|[Gen 7] Anything Goes,c|[Gen 7] ZU,c|[Gen 7] CAP,c|[Gen 7] Battle Spot Singles,5c|[Gen 7 Let's Go] OU,1c|[Gen 7] Custom Game,c|,4|US/UM Doubles|[Gen 7] Doubles UU,c|[Gen 7] VGC 2019,5c|[Gen 7] VGC 2018,5c|[Gen 7] VGC 2017,5c|[Gen 7] Battle Spot Doubles,5c|[Gen 7 Let's Go] Doubles OU,1c|[Gen 7] Doubles Custom Game,c|,4|OR/AS Singles|[Gen 6] Ubers,c|[Gen 6] UU,c|[Gen 6] RU,c|[Gen 6] PU,c|[Gen 6] LC,c|[Gen 6] Monotype,c|[Gen 6] 1v1,c|[Gen 6] Anything Goes,c|[Gen 6] ZU,c|[Gen 6] CAP,c|[Gen 6] Battle Spot Singles,5c|[Gen 6] Custom Game,c|,4|OR/AS Doubles/Triples|[Gen 6] VGC 2016,5c|[Gen 6] VGC 2015,5c|[Gen 6] VGC 2014,5c|[Gen 6] Battle Spot Doubles,5c|[Gen 6] Doubles Custom Game,c|[Gen 6] Battle Spot Triples,1c|[Gen 6] Triples Custom Game,c|,4|B2/W2 Singles|[Gen 5] Ubers,c|[Gen 5] UU,c|[Gen 5] RU,c|[Gen 5] NU,c|[Gen 5] PU,c|[Gen 5] Monotype,c|[Gen 5] LC,c|[Gen 5] 1v1,c|[Gen 5] CAP,c|[Gen 5] ZU,c|[Gen 5] BW1 OU,c|[Gen 5] GBU Singles,5c|[Gen 5] Custom Game,c|,4|B2/W2 Doubles|[Gen 5] VGC 2013,5c|[Gen 5] VGC 2012,5c|[Gen 5] VGC 2011,5c|[Gen 5] Doubles Custom Game,c|[Gen 5] Triples Custom Game,c|,4|DPP Singles|[Gen 4] UU,c|[Gen 4] NU,c|[Gen 4] LC,c|[Gen 4] Anything Goes,c|[Gen 4] 1v1,c|[Gen 4] CAP,c|[Gen 4] PU,c|[Gen 4] ZU,c|[Gen 4] Custom Game,c|,4|DPP Doubles|[Gen 4] VGC 2010,5c|[Gen 4] Doubles Custom Game,c|,4|Past Generations|[Gen 3] Ubers,c|[Gen 3] UU,c|[Gen 3] RU,c|[Gen 3] NU,c|[Gen 3] PU,c|[Gen 3] LC,c|[Gen 3] 1v1,c|[Gen 3] UUBL,c|[Gen 3] ZU,c|[Gen 3] ADV 200,c|[Gen 3] ADV 200 Doubles,c|[Gen 3] Orre Colosseum,4c|[Gen 3] Custom Game,c|[Gen 3] Doubles Custom Game,c|[Gen 2] Ubers,c|[Gen 2] UU,c|[Gen 2] NU,c|[Gen 2] PU,c|[Gen 2] 1v1,c|[Gen 2] ZU,c|[Gen 2] NC 2000,4c|[Gen 2] Stadium OU,c|[Gen 2] Custom Game,c|[Gen 1] Ubers,c|[Gen 1] UU,c|[Gen 1] NU,c|[Gen 1] PU,c|[Gen 1] ZU,c|[Gen 1] LC,c|[Gen 1] 1v1,c|[Gen 1] NC 1997,4c|[Gen 1] Japanese OU,c|[Gen 1] Stadium OU,c|[Gen 1] Tradebacks OU,c|[Gen 1] Custom Game,c
[2026-03-09 18:24:39,393][SimpleHeuristics 7][INFO] - [92m[1m<<<[0m |challstr|4|3bd76b59e800ac5515cee813ec80af2aba1dd13f2cd559c7819e484a89e07061ed9c65327fd83a20a5aa42eb61f419f9c5b0041ecbef45a7670dec9abb9b6c4f517a8011b75ede8997a1aa27ebac05918be4df825bf9cffdf2a49e923c382b2bdbe4565c2a59fcd00210bf8f44abca5577295644ecc04d070e8ccb4bf73fd834
[2026-03-09 18:24:39,394][SimpleHeuristics 7][INFO] - Bypassing authentication request
[2026-03-09 18:24:39,394][SimpleHeuristics 7][INFO] - [93m[1m>>>[0m |/trn SimpleHeuristics 7,0,
[2026-03-09 18:24:39,416][SimpleHeuristics 7][INFO] - [92m[1m<<<[0m |updatesearch|{"searching":[],"games":null}
[2026-03-09 18:24:39,417][SimpleHeuristics 7][INFO] - [92m[1m<<<[0m |updateuser| SimpleHeuristics 7|1|2|{"blockChallenges":false,"blockPMs":false,"ignoreTickets":false,"hideBattlesFromTrainerCard":false,"blockInvites":false,"doNotDisturb":false,"blockFriendRequests":false,"allowFriendNotifications":false,"displayBattlesToFriends":false,"hideLogins":false,"hiddenNextBattle":false,"inviteOnlyNextBattle":false,"language":null}
[2026-03-09 18:27:33,233][MaxBasePowerPlay 2][INFO] - Starting listening to showdown websocket
[2026-03-09 18:27:33,236][MaxBasePowerPlay 2][INFO] - [92m[1m<<<[0m |updateuser| Guest 44|0|1|{"blockChallenges":false,"blockPMs":false,"ignoreTickets":false,"hideBattlesFromTrainerCard":false,"blockInvites":false,"doNotDisturb":false,"blockFriendRequests":false,"allowFriendNotifications":false,"displayBattlesToFriends":false,"hideLogins":false,"hiddenNextBattle":false,"inviteOnlyNextBattle":false,"language":null}
|customgroups|[{"symbol":"~","name":"Administrator","type":"leadership"},{"symbol":"#","name":"Room Owner","type":"leadership"},{"symbol":"★","name":"Host","type":"leadership"},{"symbol":"@","name":"Moderator","type":"staff"},{"symbol":"%","name":"Driver","type":"staff"},{"symbol":"*","name":"Bot","type":"normal"},{"symbol":"☆","name":"Player","type":"normal"},{"symbol":"+","name":"Voice","type":"normal"},{"symbol":"^","name":"Prize Winner","type":"normal"},{"symbol":"whitelist","name":"Whitelist","type":"normal"},{"symbol":" ","name":null,"type":"normal"},{"symbol":"‽","name":"Locked","type":"punishment"},{"symbol":"!","name":"Muted","type":"punishment"}]
|formats|,LL|,1|S/V Singles|[Gen 9] Random Battle,4f|[Gen 9] Unrated Random Battle,b|[Gen 9] Free-For-All Random Battle,7|[Gen 9] Random Battle (Blitz),4f|[Gen 9] Multi Random Battle,5|[Gen 9] OU,e|[Gen 9] Ubers,e|[Gen 9] UU,e|[Gen 9] RU,e|[Gen 9] NU,e|[Gen 9] PU,e|[Gen 9] LC,e|[Gen 9] Monotype,e|[Gen 9] CAP,e|[Gen 9] BSS Reg I,5e|[Gen 9] BSS Reg J,5c|[Gen 9] Custom Game,c|,1|S/V Doubles|[Gen 9] Random Doubles Battle,4f|[Gen 9] Doubles OU,e|[Gen 9] Doubles Ubers,e|[Gen 9] Doubles UU,e|[Gen 9] Doubles LC,c|[Gen 9] VGC 2023 Reg C,5c|[Gen 9] VGC 2023 Reg D,5c|[Gen 9] VGC 2024 Reg G,5c|[Gen 9] VGC 2026 Reg I,5e|[Gen 9] VGC 2026 Reg F,5e|[Gen 9] VGC 2026 Reg F (Bo3),1e|[Gen 9] Doubles Custom Game,c|,1|Unofficial Metagames|[Gen 9] 1v1,e|[Gen 9] 2v2 Doubles,e|[Gen 9] Anything Goes,e|[Gen 9] ZU,e|[Gen 9] Free-For-All,6|[Gen 9] LC UU,c|[Gen 9] NFE,c|[Gen 9] Ubers UU,c|,1|Draft|[Gen 9] Draft,8c|[Gen 9] 6v6 Doubles Draft,8c|[Gen 9] 4v4 Doubles Draft,dc|[Gen 9] NatDex Draft,8c|[Gen 9] NatDex 6v6 Doubles Draft,8c|[Gen 9] NatDex LC Draft,8c|[Gen 8] Draft,c|[Gen 8] NatDex Draft,c|[Gen 8] NatDex 4v4 Doubles Draft,1c|[Gen 7] Draft,c|[Gen 6] Draft,c|[Gen 5] Draft,c|[Gen 4] Draft,c|[Gen 3] Draft,c|,2|Ladder Spotlight|[Gen 9] BSS Factory (Bo3),1f|[Gen 9] Linked,e|[Gen 9] 350 Cup,e|[Gen 9] Pokebilities AAA,e|[Gen 9] 4v4 Doubles UU,5e|[Gen 9] National Dex RU,e|[Gen 6] Megas Revisited Random Battle,4f|[Gen 9] ChatBats,f|[Gen 4] Ubers,e|[Gen 6] NU,e|[Gen 4] VGC 2009,5e|,2|Other Metagames|[Gen 9] Almost Any Ability,e|[Gen 9] Balanced Hackmons,e|[Gen 9] Godly Gift,e|[Gen 9] Mix and Mega,e|[Gen 9] Shared Power,e|[Gen 9] STABmons,e|[Gen 6] Pure Hackmons,e|,2|Challengeable OMs|[Gen 9] 1-2 Switch,c|[Gen 9] Alphabet Cup,c|[Gen 9] Bad 'n Boosted,c|[Gen 9] Battlefields,c|[Gen 9] Bio Mech Mons,c|[Gen 9] Camomons,c|[Gen 9] Category Swap,c|[Gen 9] Convergence,c|[Gen 9] Cross Evolution,c|[Gen 9] Fervent Impersonation,c|[Gen 9] Flipped,c|[Gen 9] Foresighters,c|[Gen 9] Formemons,c|[Gen 9] Fortemons,c|[Gen 9] Frantic Fusions,c|[Gen 9] Full Potential,c|[Gen 9] Inheritance,c|[Gen 9] Inverse,c|[Gen 9] Nature Swap,c|[Gen 9] Partners in Crime,c|[Gen 9] Passive Aggressive,c|[Gen 9] Pokebilities,c|[Gen 9] Pokemoves,c|[Gen 9] Pure Hackmons,c|[Gen 9] Relay Race,c|[Gen 9] Revelationmons,c|[Gen 9] Sharing is Caring,c|[Gen 9] Tera Donation,c|[Gen 9] Tera Override,c|[Gen 9] The Card Game,c|[Gen 9] The Loser's Game,c|[Gen 9] Tier Shift,c|[Gen 9] Trademarked,c|[Gen 9] Triples,c|[Gen 9] Type Split,c|[Gen 9] VoltTurn Mayhem,c|[Gen 7] Pure Hackmons,c|,2|Temporary Tour Metas|[Gen 9] Mix and Mega LC,c|[Gen 8] Mix and Mega,c|[Gen 7] Mix and Mega,c|[Gen 6] Mix and Mega,c|,2|National Dex|[Gen 9] National Dex,e|[Gen 8] National Dex,e|,2|National Dex Other Tiers|[Gen 9] National Dex 35 Pokes,c|[Gen 9] National Dex Ubers,e|[Gen 9] National Dex UU,e|[Gen 9] National Dex Ubers UU,c|[Gen 9] National Dex LC,c|[Gen 9] National Dex Monotype,e|[Gen 9] National Dex Doubles,e|[Gen 9] National Dex Doubles Ubers,c|[Gen 9] National Dex 1v1,c|[Gen 9] National Dex AG,c|[Gen 9] National Dex AAA,c|[Gen 9] National Dex BH,c|[Gen 9] National Dex Godly Gift,c|[Gen 9] National Dex STABmons,c|[Gen 8] National Dex UU,c|[Gen 8] National Dex RU,c|[Gen 8] National Dex Doubles,e|[Gen 8] National Dex Monotype,c|[Gen 8 DLC 1] National Dex AG,c|,2|Pet Mods|[Gen 6] Megas Revisited,c|[Gen 9] Legends Z-A OU,e|,3|Randomized Metas|[Gen 9] Random Roulette,4f|[Gen 9] Super Staff Bros Ultimate,4f|[Gen 9] Monotype Random Battle,4f|[Gen 9] Random Battle (Shared Power, B12P6),4f|[Gen 9] Random Battle Mayhem,4f|[Gen 9] Battle Factory,4f|[Gen 9] 1v1 Factory,4f|[Gen 9] BSS Factory,5d|[Gen 9] Draft Factory,4d|[Gen 9] Baby Random Battle,4f|[Gen 9] Hackmons Cup,4f|[Gen 9] Doubles Hackmons Cup,4d|[Gen 9] Broken Cup,4f|[Gen 9] Challenge Cup 1v1,4f|[Gen 9] Challenge Cup 2v2,4f|[Gen 9] Challenge Cup 6v6,4d|[Gen 9] Metronome Battle,4e|[Gen 8] Random Battle,4f|[Gen 8] Random Doubles Battle,4d|[Gen 8] Free-For-All Random Battle,5|[Gen 8] Multi Random Battle,5|[Gen 8] Battle Factory,4d|[Gen 8] BSS Factory,5d|[Gen 8] Hackmons Cup,4d|[Gen 8] CAP 1v1,4d|[Gen 8 BDSP] Random Battle,4d|[Gen 7] Random Battle,4f|[Gen 7] Battle Factory,4d|[Gen 7] BSS Factory,5d|[Gen 7] Hackmons Cup,9|[Gen 7 Let's Go] Random Battle,4d|[Gen 6] Random Battle,4f|[Gen 6] Battle Factory,9|[Gen 5] Random Battle,4f|[Gen 4] Random Battle,4f|[Gen 3] Random Battle,4f|[Gen 2] Random Battle,4f|[Gen 1] Random Battle,4f|[Gen 1] Challenge Cup,9|[Gen 1] Hackmons Cup,9|,4|Past Gens OU|[Gen 8] OU,e|[Gen 7] OU,e|[Gen 6] OU,e|[Gen 5] OU,e|[Gen 4] OU,e|[Gen 3] OU,e|[Gen 2] OU,e|[Gen 1] OU,e|,4|Past Gens Doubles OU|[Gen 8] Doubles OU,e|[Gen 7] Doubles OU,e|[Gen 6] Doubles OU,e|[Gen 5] Doubles OU,c|[Gen 4] Doubles OU,c|[Gen 3] Doubles OU,c|,4|Sw/Sh Singles|[Gen 8] Ubers,c|[Gen 8] UU,c|[Gen 8] RU,c|[Gen 8] NU,c|[Gen 8] PU,c|[Gen 8] LC,c|[Gen 8] Monotype,c|[Gen 8] 1v1,c|[Gen 8] Anything Goes,c|[Gen 8] ZU,c|[Gen 8] CAP,c|[Gen 8] Battle Stadium Singles,5c|[Gen 8 BDSP] OU,c|[Gen 8 BDSP] Ubers,c|[Gen 8] Custom Game,c|,4|Sw/Sh Doubles|[Gen 8] Doubles Ubers,c|[Gen 8] Doubles UU,c|[Gen 8] VGC 2022,5c|[Gen 8] VGC 2021,5c|[Gen 8] VGC 2020,5c|[Gen 8 BDSP] Doubles OU,c|[Gen 8 BDSP] Battle Festival Doubles,1c|[Gen 8] Doubles Custom Game,c|,4|US/UM Singles|[Gen 7] Ubers,c|[Gen 7] UU,c|[Gen 7] RU,c|[Gen 7] NU,c|[Gen 7] PU,c|[Gen 7] LC,c|[Gen 7] Monotype,c|[Gen 7] 1v1,c|[Gen 7] Anything Goes,c|[Gen 7] ZU,c|[Gen 7] CAP,c|[Gen 7] Battle Spot Singles,5c|[Gen 7 Let's Go] OU,1c|[Gen 7] Custom Game,c|,4|US/UM Doubles|[Gen 7] Doubles UU,c|[Gen 7] VGC 2019,5c|[Gen 7] VGC 2018,5c|[Gen 7] VGC 2017,5c|[Gen 7] Battle Spot Doubles,5c|[Gen 7 Let's Go] Doubles OU,1c|[Gen 7] Doubles Custom Game,c|,4|OR/AS Singles|[Gen 6] Ubers,c|[Gen 6] UU,c|[Gen 6] RU,c|[Gen 6] PU,c|[Gen 6] LC,c|[Gen 6] Monotype,c|[Gen 6] 1v1,c|[Gen 6] Anything Goes,c|[Gen 6] ZU,c|[Gen 6] CAP,c|[Gen 6] Battle Spot Singles,5c|[Gen 6] Custom Game,c|,4|OR/AS Doubles/Triples|[Gen 6] VGC 2016,5c|[Gen 6] VGC 2015,5c|[Gen 6] VGC 2014,5c|[Gen 6] Battle Spot Doubles,5c|[Gen 6] Doubles Custom Game,c|[Gen 6] Battle Spot Triples,1c|[Gen 6] Triples Custom Game,c|,4|B2/W2 Singles|[Gen 5] Ubers,c|[Gen 5] UU,c|[Gen 5] RU,c|[Gen 5] NU,c|[Gen 5] PU,c|[Gen 5] Monotype,c|[Gen 5] LC,c|[Gen 5] 1v1,c|[Gen 5] CAP,c|[Gen 5] ZU,c|[Gen 5] BW1 OU,c|[Gen 5] GBU Singles,5c|[Gen 5] Custom Game,c|,4|B2/W2 Doubles|[Gen 5] VGC 2013,5c|[Gen 5] VGC 2012,5c|[Gen 5] VGC 2011,5c|[Gen 5] Doubles Custom Game,c|[Gen 5] Triples Custom Game,c|,4|DPP Singles|[Gen 4] UU,c|[Gen 4] NU,c|[Gen 4] LC,c|[Gen 4] Anything Goes,c|[Gen 4] 1v1,c|[Gen 4] CAP,c|[Gen 4] PU,c|[Gen 4] ZU,c|[Gen 4] Custom Game,c|,4|DPP Doubles|[Gen 4] VGC 2010,5c|[Gen 4] Doubles Custom Game,c|,4|Past Generations|[Gen 3] Ubers,c|[Gen 3] UU,c|[Gen 3] RU,c|[Gen 3] NU,c|[Gen 3] PU,c|[Gen 3] LC,c|[Gen 3] 1v1,c|[Gen 3] UUBL,c|[Gen 3] ZU,c|[Gen 3] ADV 200,c|[Gen 3] ADV 200 Doubles,c|[Gen 3] Orre Colosseum,4c|[Gen 3] Custom Game,c|[Gen 3] Doubles Custom Game,c|[Gen 2] Ubers,c|[Gen 2] UU,c|[Gen 2] NU,c|[Gen 2] PU,c|[Gen 2] 1v1,c|[Gen 2] ZU,c|[Gen 2] NC 2000,4c|[Gen 2] Stadium OU,c|[Gen 2] Custom Game,c|[Gen 1] Ubers,c|[Gen 1] UU,c|[Gen 1] NU,c|[Gen 1] PU,c|[Gen 1] ZU,c|[Gen 1] LC,c|[Gen 1] 1v1,c|[Gen 1] NC 1997,4c|[Gen 1] Japanese OU,c|[Gen 1] Stadium OU,c|[Gen 1] Tradebacks OU,c|[Gen 1] Custom Game,c
[2026-03-09 18:27:33,236][MaxBasePowerPlay 2][INFO] - [92m[1m<<<[0m |challstr|4|5d4fed1b2b8e4b1d1927dc0df6fc89afe2c0a3355652bab3e4dd6c6d2f73aad512bbc6e21a478f96784f988eeaef8e2fc0aae28c5e8da422637b7a654ca1f3f33d1de641aab5508747782823331bec1870868d455864fcd8d61e6668c3f1f3bc89a43c4dff602afc6e775698bebdd2109e3d5ce936c9cba73c3fcf61423c656c
[2026-03-09 18:27:33,236][MaxBasePowerPlay 2][INFO] - Bypassing authentication request
[2026-03-09 18:27:33,236][MaxBasePowerPlay 2][INFO] - [93m[1m>>>[0m |/trn MaxBasePowerPlay 2,0,
[2026-03-09 18:27:33,237][MaxBasePowerPlay 2][INFO] - [92m[1m<<<[0m |updatesearch|{"searching":[],"games":null}
[2026-03-09 18:27:33,237][MaxBasePowerPlay 2][INFO] - [92m[1m<<<[0m |updateuser| MaxBasePowerPlay 2|1|1|{"blockChallenges":false,"blockPMs":false,"ignoreTickets":false,"hideBattlesFromTrainerCard":false,"blockInvites":false,"doNotDisturb":false,"blockFriendRequests":false,"allowFriendNotifications":false,"displayBattlesToFriends":false,"hideLogins":false,"hiddenNextBattle":false,"inviteOnlyNextBattle":false,"language":null}
[2026-03-09 18:30:51,855][SimpleHeuristics 1][INFO] - Starting listening to showdown websocket
[2026-03-09 18:30:51,860][SimpleHeuristics 2][INFO] - Starting listening to showdown websocket
[2026-03-09 18:30:52,584][SimpleHeuristics 1][INFO] - [92m[1m<<<[0m |updateuser| Guest 1|0|101|{"blockChallenges":false,"blockPMs":false,"ignoreTickets":false,"hideBattlesFromTrainerCard":false,"blockInvites":false,"doNotDisturb":false,"blockFriendRequests":false,"allowFriendNotifications":false,"displayBattlesToFriends":false,"hideLogins":false,"hiddenNextBattle":false,"inviteOnlyNextBattle":false,"language":null}
|customgroups|[{"symbol":"~","name":"Administrator","type":"leadership"},{"symbol":"#","name":"Room Owner","type":"leadership"},{"symbol":"★","name":"Host","type":"leadership"},{"symbol":"@","name":"Moderator","type":"staff"},{"symbol":"%","name":"Driver","type":"staff"},{"symbol":"*","name":"Bot","type":"normal"},{"symbol":"☆","name":"Player","type":"normal"},{"symbol":"+","name":"Voice","type":"normal"},{"symbol":"^","name":"Prize Winner","type":"normal"},{"symbol":"whitelist","name":"Whitelist","type":"normal"},{"symbol":" ","name":null,"type":"normal"},{"symbol":"‽","name":"Locked","type":"punishment"},{"symbol":"!","name":"Muted","type":"punishment"}]
|formats|,LL|,1|S/V Singles|[Gen 9] Random Battle,4f|[Gen 9] Unrated Random Battle,b|[Gen 9] Free-For-All Random Battle,7|[Gen 9] Random Battle (Blitz),4f|[Gen 9] Multi Random Battle,5|[Gen 9] OU,e|[Gen 9] Ubers,e|[Gen 9] UU,e|[Gen 9] RU,e|[Gen 9] NU,e|[Gen 9] PU,e|[Gen 9] LC,e|[Gen 9] Monotype,e|[Gen 9] CAP,e|[Gen 9] BSS Reg I,5e|[Gen 9] BSS Reg J,5c|[Gen 9] Custom Game,c|,1|S/V Doubles|[Gen 9] Random Doubles Battle,4f|[Gen 9] Doubles OU,e|[Gen 9] Doubles Ubers,e|[Gen 9] Doubles UU,e|[Gen 9] Doubles LC,c|[Gen 9] VGC 2023 Reg C,5c|[Gen 9] VGC 2023 Reg D,5c|[Gen 9] VGC 2024 Reg G,5c|[Gen 9] VGC 2026 Reg I,5e|[Gen 9] VGC 2026 Reg F,5e|[Gen 9] VGC 2026 Reg F (Bo3),1e|[Gen 9] Doubles Custom Game,c|,1|Unofficial Metagames|[Gen 9] 1v1,e|[Gen 9] 2v2 Doubles,e|[Gen 9] Anything Goes,e|[Gen 9] ZU,e|[Gen 9] Free-For-All,6|[Gen 9] LC UU,c|[Gen 9] NFE,c|[Gen 9] Ubers UU,c|,1|Draft|[Gen 9] Draft,8c|[Gen 9] 6v6 Doubles Draft,8c|[Gen 9] 4v4 Doubles Draft,dc|[Gen 9] NatDex Draft,8c|[Gen 9] NatDex 6v6 Doubles Draft,8c|[Gen 9] NatDex LC Draft,8c|[Gen 8] Draft,c|[Gen 8] NatDex Draft,c|[Gen 8] NatDex 4v4 Doubles Draft,1c|[Gen 7] Draft,c|[Gen 6] Draft,c|[Gen 5] Draft,c|[Gen 4] Draft,c|[Gen 3] Draft,c|,2|Ladder Spotlight|[Gen 9] BSS Factory (Bo3),1f|[Gen 9] Linked,e|[Gen 9] 350 Cup,e|[Gen 9] Pokebilities AAA,e|[Gen 9] 4v4 Doubles UU,5e|[Gen 9] National Dex RU,e|[Gen 6] Megas Revisited Random Battle,4f|[Gen 9] ChatBats,f|[Gen 4] Ubers,e|[Gen 6] NU,e|[Gen 4] VGC 2009,5e|,2|Other Metagames|[Gen 9] Almost Any Ability,e|[Gen 9] Balanced Hackmons,e|[Gen 9] Godly Gift,e|[Gen 9] Mix and Mega,e|[Gen 9] Shared Power,e|[Gen 9] STABmons,e|[Gen 6] Pure Hackmons,e|,2|Challengeable OMs|[Gen 9] 1-2 Switch,c|[Gen 9] Alphabet Cup,c|[Gen 9] Bad 'n Boosted,c|[Gen 9] Battlefields,c|[Gen 9] Bio Mech Mons,c|[Gen 9] Camomons,c|[Gen 9] Category Swap,c|[Gen 9] Convergence,c|[Gen 9] Cross Evolution,c|[Gen 9] Fervent Impersonation,c|[Gen 9] Flipped,c|[Gen 9] Foresighters,c|[Gen 9] Formemons,c|[Gen 9] Fortemons,c|[Gen 9] Frantic Fusions,c|[Gen 9] Full Potential,c|[Gen 9] Inheritance,c|[Gen 9] Inverse,c|[Gen 9] Nature Swap,c|[Gen 9] Partners in Crime,c|[Gen 9] Passive Aggressive,c|[Gen 9] Pokebilities,c|[Gen 9] Pokemoves,c|[Gen 9] Pure Hackmons,c|[Gen 9] Relay Race,c|[Gen 9] Revelationmons,c|[Gen 9] Sharing is Caring,c|[Gen 9] Tera Donation,c|[Gen 9] Tera Override,c|[Gen 9] The Card Game,c|[Gen 9] The Loser's Game,c|[Gen 9] Tier Shift,c|[Gen 9] Trademarked,c|[Gen 9] Triples,c|[Gen 9] Type Split,c|[Gen 9] VoltTurn Mayhem,c|[Gen 7] Pure Hackmons,c|,2|Temporary Tour Metas|[Gen 9] Mix and Mega LC,c|[Gen 8] Mix and Mega,c|[Gen 7] Mix and Mega,c|[Gen 6] Mix and Mega,c|,2|National Dex|[Gen 9] National Dex,e|[Gen 8] National Dex,e|,2|National Dex Other Tiers|[Gen 9] National Dex 35 Pokes,c|[Gen 9] National Dex Ubers,e|[Gen 9] National Dex UU,e|[Gen 9] National Dex Ubers UU,c|[Gen 9] National Dex LC,c|[Gen 9] National Dex Monotype,e|[Gen 9] National Dex Doubles,e|[Gen 9] National Dex Doubles Ubers,c|[Gen 9] National Dex 1v1,c|[Gen 9] National Dex AG,c|[Gen 9] National Dex AAA,c|[Gen 9] National Dex BH,c|[Gen 9] National Dex Godly Gift,c|[Gen 9] National Dex STABmons,c|[Gen 8] National Dex UU,c|[Gen 8] National Dex RU,c|[Gen 8] National Dex Doubles,e|[Gen 8] National Dex Monotype,c|[Gen 8 DLC 1] National Dex AG,c|,2|Pet Mods|[Gen 6] Megas Revisited,c|[Gen 9] Legends Z-A OU,e|,3|Randomized Metas|[Gen 9] Random Roulette,4f|[Gen 9] Super Staff Bros Ultimate,4f|[Gen 9] Monotype Random Battle,4f|[Gen 9] Random Battle (Shared Power, B12P6),4f|[Gen 9] Random Battle Mayhem,4f|[Gen 9] Battle Factory,4f|[Gen 9] 1v1 Factory,4f|[Gen 9] BSS Factory,5d|[Gen 9] Draft Factory,4d|[Gen 9] Baby Random Battle,4f|[Gen 9] Hackmons Cup,4f|[Gen 9] Doubles Hackmons Cup,4d|[Gen 9] Broken Cup,4f|[Gen 9] Challenge Cup 1v1,4f|[Gen 9] Challenge Cup 2v2,4f|[Gen 9] Challenge Cup 6v6,4d|[Gen 9] Metronome Battle,4e|[Gen 8] Random Battle,4f|[Gen 8] Random Doubles Battle,4d|[Gen 8] Free-For-All Random Battle,5|[Gen 8] Multi Random Battle,5|[Gen 8] Battle Factory,4d|[Gen 8] BSS Factory,5d|[Gen 8] Hackmons Cup,4d|[Gen 8] CAP 1v1,4d|[Gen 8 BDSP] Random Battle,4d|[Gen 7] Random Battle,4f|[Gen 7] Battle Factory,4d|[Gen 7] BSS Factory,5d|[Gen 7] Hackmons Cup,9|[Gen 7 Let's Go] Random Battle,4d|[Gen 6] Random Battle,4f|[Gen 6] Battle Factory,9|[Gen 5] Random Battle,4f|[Gen 4] Random Battle,4f|[Gen 3] Random Battle,4f|[Gen 2] Random Battle,4f|[Gen 1] Random Battle,4f|[Gen 1] Challenge Cup,9|[Gen 1] Hackmons Cup,9|,4|Past Gens OU|[Gen 8] OU,e|[Gen 7] OU,e|[Gen 6] OU,e|[Gen 5] OU,e|[Gen 4] OU,e|[Gen 3] OU,e|[Gen 2] OU,e|[Gen 1] OU,e|,4|Past Gens Doubles OU|[Gen 8] Doubles OU,e|[Gen 7] Doubles OU,e|[Gen 6] Doubles OU,e|[Gen 5] Doubles OU,c|[Gen 4] Doubles OU,c|[Gen 3] Doubles OU,c|,4|Sw/Sh Singles|[Gen 8] Ubers,c|[Gen 8] UU,c|[Gen 8] RU,c|[Gen 8] NU,c|[Gen 8] PU,c|[Gen 8] LC,c|[Gen 8] Monotype,c|[Gen 8] 1v1,c|[Gen 8] Anything Goes,c|[Gen 8] ZU,c|[Gen 8] CAP,c|[Gen 8] Battle Stadium Singles,5c|[Gen 8 BDSP] OU,c|[Gen 8 BDSP] Ubers,c|[Gen 8] Custom Game,c|,4|Sw/Sh Doubles|[Gen 8] Doubles Ubers,c|[Gen 8] Doubles UU,c|[Gen 8] VGC 2022,5c|[Gen 8] VGC 2021,5c|[Gen 8] VGC 2020,5c|[Gen 8 BDSP] Doubles OU,c|[Gen 8 BDSP] Battle Festival Doubles,1c|[Gen 8] Doubles Custom Game,c|,4|US/UM Singles|[Gen 7] Ubers,c|[Gen 7] UU,c|[Gen 7] RU,c|[Gen 7] NU,c|[Gen 7] PU,c|[Gen 7] LC,c|[Gen 7] Monotype,c|[Gen 7] 1v1,c|[Gen 7] Anything Goes,c|[Gen 7] ZU,c|[Gen 7] CAP,c|[Gen 7] Battle Spot Singles,5c|[Gen 7 Let's Go] OU,1c|[Gen 7] Custom Game,c|,4|US/UM Doubles|[Gen 7] Doubles UU,c|[Gen 7] VGC 2019,5c|[Gen 7] VGC 2018,5c|[Gen 7] VGC 2017,5c|[Gen 7] Battle Spot Doubles,5c|[Gen 7 Let's Go] Doubles OU,1c|[Gen 7] Doubles Custom Game,c|,4|OR/AS Singles|[Gen 6] Ubers,c|[Gen 6] UU,c|[Gen 6] RU,c|[Gen 6] PU,c|[Gen 6] LC,c|[Gen 6] Monotype,c|[Gen 6] 1v1,c|[Gen 6] Anything Goes,c|[Gen 6] ZU,c|[Gen 6] CAP,c|[Gen 6] Battle Spot Singles,5c|[Gen 6] Custom Game,c|,4|OR/AS Doubles/Triples|[Gen 6] VGC 2016,5c|[Gen 6] VGC 2015,5c|[Gen 6] VGC 2014,5c|[Gen 6] Battle Spot Doubles,5c|[Gen 6] Doubles Custom Game,c|[Gen 6] Battle Spot Triples,1c|[Gen 6] Triples Custom Game,c|,4|B2/W2 Singles|[Gen 5] Ubers,c|[Gen 5] UU,c|[Gen 5] RU,c|[Gen 5] NU,c|[Gen 5] PU,c|[Gen 5] Monotype,c|[Gen 5] LC,c|[Gen 5] 1v1,c|[Gen 5] CAP,c|[Gen 5] ZU,c|[Gen 5] BW1 OU,c|[Gen 5] GBU Singles,5c|[Gen 5] Custom Game,c|,4|B2/W2 Doubles|[Gen 5] VGC 2013,5c|[Gen 5] VGC 2012,5c|[Gen 5] VGC 2011,5c|[Gen 5] Doubles Custom Game,c|[Gen 5] Triples Custom Game,c|,4|DPP Singles|[Gen 4] UU,c|[Gen 4] NU,c|[Gen 4] LC,c|[Gen 4] Anything Goes,c|[Gen 4] 1v1,c|[Gen 4] CAP,c|[Gen 4] PU,c|[Gen 4] ZU,c|[Gen 4] Custom Game,c|,4|DPP Doubles|[Gen 4] VGC 2010,5c|[Gen 4] Doubles Custom Game,c|,4|Past Generations|[Gen 3] Ubers,c|[Gen 3] UU,c|[Gen 3] RU,c|[Gen 3] NU,c|[Gen 3] PU,c|[Gen 3] LC,c|[Gen 3] 1v1,c|[Gen 3] UUBL,c|[Gen 3] ZU,c|[Gen 3] ADV 200,c|[Gen 3] ADV 200 Doubles,c|[Gen 3] Orre Colosseum,4c|[Gen 3] Custom Game,c|[Gen 3] Doubles Custom Game,c|[Gen 2] Ubers,c|[Gen 2] UU,c|[Gen 2] NU,c|[Gen 2] PU,c|[Gen 2] 1v1,c|[Gen 2] ZU,c|[Gen 2] NC 2000,4c|[Gen 2] Stadium OU,c|[Gen 2] Custom Game,c|[Gen 1] Ubers,c|[Gen 1] UU,c|[Gen 1] NU,c|[Gen 1] PU,c|[Gen 1] ZU,c|[Gen 1] LC,c|[Gen 1] 1v1,c|[Gen 1] NC 1997,4c|[Gen 1] Japanese OU,c|[Gen 1] Stadium OU,c|[Gen 1] Tradebacks OU,c|[Gen 1] Custom Game,c
[2026-03-09 18:30:52,586][SimpleHeuristics 1][INFO] - [92m[1m<<<[0m |challstr|4|effb81647d0f260788145f9c1a20d5d5cd5c6fbdcf4736a2e6b8022842e521f362570e3bce31376bc2c850fe8867551bb118b11cac643e5b99af6344d5fc8efcda517cff1ae43c80af0d9ac82b07e5732ab1974939b0b167c88a396ce26c927b64ccc6da2af4499fa9e112a9147ac497d8179b3471cc1234c815cfb4c3b1ba71
[2026-03-09 18:30:52,586][SimpleHeuristics 1][INFO] - Bypassing authentication request
[2026-03-09 18:30:52,586][SimpleHeuristics 1][INFO] - [93m[1m>>>[0m |/trn SimpleHeuristics 1,0,
[2026-03-09 18:30:52,587][SimpleHeuristics 2][INFO] - [92m[1m<<<[0m |updateuser| Guest 4|0|266|{"blockChallenges":false,"blockPMs":false,"ignoreTickets":false,"hideBattlesFromTrainerCard":false,"blockInvites":false,"doNotDisturb":false,"blockFriendRequests":false,"allowFriendNotifications":false,"displayBattlesToFriends":false,"hideLogins":false,"hiddenNextBattle":false,"inviteOnlyNextBattle":false,"language":null}
|customgroups|[{"symbol":"~","name":"Administrator","type":"leadership"},{"symbol":"#","name":"Room Owner","type":"leadership"},{"symbol":"★","name":"Host","type":"leadership"},{"symbol":"@","name":"Moderator","type":"staff"},{"symbol":"%","name":"Driver","type":"staff"},{"symbol":"*","name":"Bot","type":"normal"},{"symbol":"☆","name":"Player","type":"normal"},{"symbol":"+","name":"Voice","type":"normal"},{"symbol":"^","name":"Prize Winner","type":"normal"},{"symbol":"whitelist","name":"Whitelist","type":"normal"},{"symbol":" ","name":null,"type":"normal"},{"symbol":"‽","name":"Locked","type":"punishment"},{"symbol":"!","name":"Muted","type":"punishment"}]
|formats|,LL|,1|S/V Singles|[Gen 9] Random Battle,4f|[Gen 9] Unrated Random Battle,b|[Gen 9] Free-For-All Random Battle,7|[Gen 9] Random Battle (Blitz),4f|[Gen 9] Multi Random Battle,5|[Gen 9] OU,e|[Gen 9] Ubers,e|[Gen 9] UU,e|[Gen 9] RU,e|[Gen 9] NU,e|[Gen 9] PU,e|[Gen 9] LC,e|[Gen 9] Monotype,e|[Gen 9] CAP,e|[Gen 9] BSS Reg I,5e|[Gen 9] BSS Reg J,5c|[Gen 9] Custom Game,c|,1|S/V Doubles|[Gen 9] Random Doubles Battle,4f|[Gen 9] Doubles OU,e|[Gen 9] Doubles Ubers,e|[Gen 9] Doubles UU,e|[Gen 9] Doubles LC,c|[Gen 9] VGC 2023 Reg C,5c|[Gen 9] VGC 2023 Reg D,5c|[Gen 9] VGC 2024 Reg G,5c|[Gen 9] VGC 2026 Reg I,5e|[Gen 9] VGC 2026 Reg F,5e|[Gen 9] VGC 2026 Reg F (Bo3),1e|[Gen 9] Doubles Custom Game,c|,1|Unofficial Metagames|[Gen 9] 1v1,e|[Gen 9] 2v2 Doubles,e|[Gen 9] Anything Goes,e|[Gen 9] ZU,e|[Gen 9] Free-For-All,6|[Gen 9] LC UU,c|[Gen 9] NFE,c|[Gen 9] Ubers UU,c|,1|Draft|[Gen 9] Draft,8c|[Gen 9] 6v6 Doubles Draft,8c|[Gen 9] 4v4 Doubles Draft,dc|[Gen 9] NatDex Draft,8c|[Gen 9] NatDex 6v6 Doubles Draft,8c|[Gen 9] NatDex LC Draft,8c|[Gen 8] Draft,c|[Gen 8] NatDex Draft,c|[Gen 8] NatDex 4v4 Doubles Draft,1c|[Gen 7] Draft,c|[Gen 6] Draft,c|[Gen 5] Draft,c|[Gen 4] Draft,c|[Gen 3] Draft,c|,2|Ladder Spotlight|[Gen 9] BSS Factory (Bo3),1f|[Gen 9] Linked,e|[Gen 9] 350 Cup,e|[Gen 9] Pokebilities AAA,e|[Gen 9] 4v4 Doubles UU,5e|[Gen 9] National Dex RU,e|[Gen 6] Megas Revisited Random Battle,4f|[Gen 9] ChatBats,f|[Gen 4] Ubers,e|[Gen 6] NU,e|[Gen 4] VGC 2009,5e|,2|Other Metagames|[Gen 9] Almost Any Ability,e|[Gen 9] Balanced Hackmons,e|[Gen 9] Godly Gift,e|[Gen 9] Mix and Mega,e|[Gen 9] Shared Power,e|[Gen 9] STABmons,e|[Gen 6] Pure Hackmons,e|,2|Challengeable OMs|[Gen 9] 1-2 Switch,c|[Gen 9] Alphabet Cup,c|[Gen 9] Bad 'n Boosted,c|[Gen 9] Battlefields,c|[Gen 9] Bio Mech Mons,c|[Gen 9] Camomons,c|[Gen 9] Category Swap,c|[Gen 9] Convergence,c|[Gen 9] Cross Evolution,c|[Gen 9] Fervent Impersonation,c|[Gen 9] Flipped,c|[Gen 9] Foresighters,c|[Gen 9] Formemons,c|[Gen 9] Fortemons,c|[Gen 9] Frantic Fusions,c|[Gen 9] Full Potential,c|[Gen 9] Inheritance,c|[Gen 9] Inverse,c|[Gen 9] Nature Swap,c|[Gen 9] Partners in Crime,c|[Gen 9] Passive Aggressive,c|[Gen 9] Pokebilities,c|[Gen 9] Pokemoves,c|[Gen 9] Pure Hackmons,c|[Gen 9] Relay Race,c|[Gen 9] Revelationmons,c|[Gen 9] Sharing is Caring,c|[Gen 9] Tera Donation,c|[Gen 9] Tera Override,c|[Gen 9] The Card Game,c|[Gen 9] The Loser's Game,c|[Gen 9] Tier Shift,c|[Gen 9] Trademarked,c|[Gen 9] Triples,c|[Gen 9] Type Split,c|[Gen 9] VoltTurn Mayhem,c|[Gen 7] Pure Hackmons,c|,2|Temporary Tour Metas|[Gen 9] Mix and Mega LC,c|[Gen 8] Mix and Mega,c|[Gen 7] Mix and Mega,c|[Gen 6] Mix and Mega,c|,2|National Dex|[Gen 9] National Dex,e|[Gen 8] National Dex,e|,2|National Dex Other Tiers|[Gen 9] National Dex 35 Pokes,c|[Gen 9] National Dex Ubers,e|[Gen 9] National Dex UU,e|[Gen 9] National Dex Ubers UU,c|[Gen 9] National Dex LC,c|[Gen 9] National Dex Monotype,e|[Gen 9] National Dex Doubles,e|[Gen 9] National Dex Doubles Ubers,c|[Gen 9] National Dex 1v1,c|[Gen 9] National Dex AG,c|[Gen 9] National Dex AAA,c|[Gen 9] National Dex BH,c|[Gen 9] National Dex Godly Gift,c|[Gen 9] National Dex STABmons,c|[Gen 8] National Dex UU,c|[Gen 8] National Dex RU,c|[Gen 8] National Dex Doubles,e|[Gen 8] National Dex Monotype,c|[Gen 8 DLC 1] National Dex AG,c|,2|Pet Mods|[Gen 6] Megas Revisited,c|[Gen 9] Legends Z-A OU,e|,3|Randomized Metas|[Gen 9] Random Roulette,4f|[Gen 9] Super Staff Bros Ultimate,4f|[Gen 9] Monotype Random Battle,4f|[Gen 9] Random Battle (Shared Power, B12P6),4f|[Gen 9] Random Battle Mayhem,4f|[Gen 9] Battle Factory,4f|[Gen 9] 1v1 Factory,4f|[Gen 9] BSS Factory,5d|[Gen 9] Draft Factory,4d|[Gen 9] Baby Random Battle,4f|[Gen 9] Hackmons Cup,4f|[Gen 9] Doubles Hackmons Cup,4d|[Gen 9] Broken Cup,4f|[Gen 9] Challenge Cup 1v1,4f|[Gen 9] Challenge Cup 2v2,4f|[Gen 9] Challenge Cup 6v6,4d|[Gen 9] Metronome Battle,4e|[Gen 8] Random Battle,4f|[Gen 8] Random Doubles Battle,4d|[Gen 8] Free-For-All Random Battle,5|[Gen 8] Multi Random Battle,5|[Gen 8] Battle Factory,4d|[Gen 8] BSS Factory,5d|[Gen 8] Hackmons Cup,4d|[Gen 8] CAP 1v1,4d|[Gen 8 BDSP] Random Battle,4d|[Gen 7] Random Battle,4f|[Gen 7] Battle Factory,4d|[Gen 7] BSS Factory,5d|[Gen 7] Hackmons Cup,9|[Gen 7 Let's Go] Random Battle,4d|[Gen 6] Random Battle,4f|[Gen 6] Battle Factory,9|[Gen 5] Random Battle,4f|[Gen 4] Random Battle,4f|[Gen 3] Random Battle,4f|[Gen 2] Random Battle,4f|[Gen 1] Random Battle,4f|[Gen 1] Challenge Cup,9|[Gen 1] Hackmons Cup,9|,4|Past Gens OU|[Gen 8] OU,e|[Gen 7] OU,e|[Gen 6] OU,e|[Gen 5] OU,e|[Gen 4] OU,e|[Gen 3] OU,e|[Gen 2] OU,e|[Gen 1] OU,e|,4|Past Gens Doubles OU|[Gen 8] Doubles OU,e|[Gen 7] Doubles OU,e|[Gen 6] Doubles OU,e|[Gen 5] Doubles OU,c|[Gen 4] Doubles OU,c|[Gen 3] Doubles OU,c|,4|Sw/Sh Singles|[Gen 8] Ubers,c|[Gen 8] UU,c|[Gen 8] RU,c|[Gen 8] NU,c|[Gen 8] PU,c|[Gen 8] LC,c|[Gen 8] Monotype,c|[Gen 8] 1v1,c|[Gen 8] Anything Goes,c|[Gen 8] ZU,c|[Gen 8] CAP,c|[Gen 8] Battle Stadium Singles,5c|[Gen 8 BDSP] OU,c|[Gen 8 BDSP] Ubers,c|[Gen 8] Custom Game,c|,4|Sw/Sh Doubles|[Gen 8] Doubles Ubers,c|[Gen 8] Doubles UU,c|[Gen 8] VGC 2022,5c|[Gen 8] VGC 2021,5c|[Gen 8] VGC 2020,5c|[Gen 8 BDSP] Doubles OU,c|[Gen 8 BDSP] Battle Festival Doubles,1c|[Gen 8] Doubles Custom Game,c|,4|US/UM Singles|[Gen 7] Ubers,c|[Gen 7] UU,c|[Gen 7] RU,c|[Gen 7] NU,c|[Gen 7] PU,c|[Gen 7] LC,c|[Gen 7] Monotype,c|[Gen 7] 1v1,c|[Gen 7] Anything Goes,c|[Gen 7] ZU,c|[Gen 7] CAP,c|[Gen 7] Battle Spot Singles,5c|[Gen 7 Let's Go] OU,1c|[Gen 7] Custom Game,c|,4|US/UM Doubles|[Gen 7] Doubles UU,c|[Gen 7] VGC 2019,5c|[Gen 7] VGC 2018,5c|[Gen 7] VGC 2017,5c|[Gen 7] Battle Spot Doubles,5c|[Gen 7 Let's Go] Doubles OU,1c|[Gen 7] Doubles Custom Game,c|,4|OR/AS Singles|[Gen 6] Ubers,c|[Gen 6] UU,c|[Gen 6] RU,c|[Gen 6] PU,c|[Gen 6] LC,c|[Gen 6] Monotype,c|[Gen 6] 1v1,c|[Gen 6] Anything Goes,c|[Gen 6] ZU,c|[Gen 6] CAP,c|[Gen 6] Battle Spot Singles,5c|[Gen 6] Custom Game,c|,4|OR/AS Doubles/Triples|[Gen 6] VGC 2016,5c|[Gen 6] VGC 2015,5c|[Gen 6] VGC 2014,5c|[Gen 6] Battle Spot Doubles,5c|[Gen 6] Doubles Custom Game,c|[Gen 6] Battle Spot Triples,1c|[Gen 6] Triples Custom Game,c|,4|B2/W2 Singles|[Gen 5] Ubers,c|[Gen 5] UU,c|[Gen 5] RU,c|[Gen 5] NU,c|[Gen 5] PU,c|[Gen 5] Monotype,c|[Gen 5] LC,c|[Gen 5] 1v1,c|[Gen 5] CAP,c|[Gen 5] ZU,c|[Gen 5] BW1 OU,c|[Gen 5] GBU Singles,5c|[Gen 5] Custom Game,c|,4|B2/W2 Doubles|[Gen 5] VGC 2013,5c|[Gen 5] VGC 2012,5c|[Gen 5] VGC 2011,5c|[Gen 5] Doubles Custom Game,c|[Gen 5] Triples Custom Game,c|,4|DPP Singles|[Gen 4] UU,c|[Gen 4] NU,c|[Gen 4] LC,c|[Gen 4] Anything Goes,c|[Gen 4] 1v1,c|[Gen 4] CAP,c|[Gen 4] PU,c|[Gen 4] ZU,c|[Gen 4] Custom Game,c|,4|DPP Doubles|[Gen 4] VGC 2010,5c|[Gen 4] Doubles Custom Game,c|,4|Past Generations|[Gen 3] Ubers,c|[Gen 3] UU,c|[Gen 3] RU,c|[Gen 3] NU,c|[Gen 3] PU,c|[Gen 3] LC,c|[Gen 3] 1v1,c|[Gen 3] UUBL,c|[Gen 3] ZU,c|[Gen 3] ADV 200,c|[Gen 3] ADV 200 Doubles,c|[Gen 3] Orre Colosseum,4c|[Gen 3] Custom Game,c|[Gen 3] Doubles Custom Game,c|[Gen 2] Ubers,c|[Gen 2] UU,c|[Gen 2] NU,c|[Gen 2] PU,c|[Gen 2] 1v1,c|[Gen 2] ZU,c|[Gen 2] NC 2000,4c|[Gen 2] Stadium OU,c|[Gen 2] Custom Game,c|[Gen 1] Ubers,c|[Gen 1] UU,c|[Gen 1] NU,c|[Gen 1] PU,c|[Gen 1] ZU,c|[Gen 1] LC,c|[Gen 1] 1v1,c|[Gen 1] NC 1997,4c|[Gen 1] Japanese OU,c|[Gen 1] Stadium OU,c|[Gen 1] Tradebacks OU,c|[Gen 1] Custom Game,c
[2026-03-09 18:30:52,587][SimpleHeuristics 2][INFO] - [92m[1m<<<[0m |challstr|4|2e95ee3ec5921b978368d2841f1f72f4a4a40d5be51018e3a227021ec4d02f81bf0054be840314ba761340a142aef45437992bcf04ad046fa6c771c90eae6428708b9dc312cdbeee78d28796e378260c3e3562c6ca9fd515431d94809d41ceac257d88c67478329b621ac7c2b0adb521b4e61d862628a1687025b0c3f2ca1566
[2026-03-09 18:30:52,587][SimpleHeuristics 2][INFO] - Bypassing authentication request
[2026-03-09 18:30:52,587][SimpleHeuristics 2][INFO] - [93m[1m>>>[0m |/trn SimpleHeuristics 2,0,
[2026-03-09 18:30:52,709][SimpleHeuristics 1][INFO] - [92m[1m<<<[0m |updatesearch|{"searching":[],"games":null}
[2026-03-09 18:30:52,709][SimpleHeuristics 1][INFO] - [92m[1m<<<[0m |updateuser| SimpleHeuristics 1|1|101|{"blockChallenges":false,"blockPMs":false,"ignoreTickets":false,"hideBattlesFromTrainerCard":false,"blockInvites":false,"doNotDisturb":false,"blockFriendRequests":false,"allowFriendNotifications":false,"displayBattlesToFriends":false,"hideLogins":false,"hiddenNextBattle":false,"inviteOnlyNextBattle":false,"language":null}
[2026-03-09 18:30:52,710][SimpleHeuristics 2][INFO] - [92m[1m<<<[0m |updatesearch|{"searching":[],"games":null}
[2026-03-09 18:30:52,710][SimpleHeuristics 2][INFO] - [92m[1m<<<[0m |updateuser| SimpleHeuristics 2|1|266|{"blockChallenges":false,"blockPMs":false,"ignoreTickets":false,"hideBattlesFromTrainerCard":false,"blockInvites":false,"doNotDisturb":false,"blockFriendRequests":false,"allowFriendNotifications":false,"displayBattlesToFriends":false,"hideLogins":false,"hiddenNextBattle":false,"inviteOnlyNextBattle":false,"language":null}
[2026-03-09 18:33:13,709][SimpleHeuristics 3][INFO] - Starting listening to showdown websocket
[2026-03-09 18:33:13,712][SimpleHeuristics 3][INFO] - [92m[1m<<<[0m |updateuser| Guest 7|0|266|{"blockChallenges":false,"blockPMs":false,"ignoreTickets":false,"hideBattlesFromTrainerCard":false,"blockInvites":false,"doNotDisturb":false,"blockFriendRequests":false,"allowFriendNotifications":false,"displayBattlesToFriends":false,"hideLogins":false,"hiddenNextBattle":false,"inviteOnlyNextBattle":false,"language":null}
|customgroups|[{"symbol":"~","name":"Administrator","type":"leadership"},{"symbol":"#","name":"Room Owner","type":"leadership"},{"symbol":"★","name":"Host","type":"leadership"},{"symbol":"@","name":"Moderator","type":"staff"},{"symbol":"%","name":"Driver","type":"staff"},{"symbol":"*","name":"Bot","type":"normal"},{"symbol":"☆","name":"Player","type":"normal"},{"symbol":"+","name":"Voice","type":"normal"},{"symbol":"^","name":"Prize Winner","type":"normal"},{"symbol":"whitelist","name":"Whitelist","type":"normal"},{"symbol":" ","name":null,"type":"normal"},{"symbol":"‽","name":"Locked","type":"punishment"},{"symbol":"!","name":"Muted","type":"punishment"}]
|formats|,LL|,1|S/V Singles|[Gen 9] Random Battle,4f|[Gen 9] Unrated Random Battle,b|[Gen 9] Free-For-All Random Battle,7|[Gen 9] Random Battle (Blitz),4f|[Gen 9] Multi Random Battle,5|[Gen 9] OU,e|[Gen 9] Ubers,e|[Gen 9] UU,e|[Gen 9] RU,e|[Gen 9] NU,e|[Gen 9] PU,e|[Gen 9] LC,e|[Gen 9] Monotype,e|[Gen 9] CAP,e|[Gen 9] BSS Reg I,5e|[Gen 9] BSS Reg J,5c|[Gen 9] Custom Game,c|,1|S/V Doubles|[Gen 9] Random Doubles Battle,4f|[Gen 9] Doubles OU,e|[Gen 9] Doubles Ubers,e|[Gen 9] Doubles UU,e|[Gen 9] Doubles LC,c|[Gen 9] VGC 2023 Reg C,5c|[Gen 9] VGC 2023 Reg D,5c|[Gen 9] VGC 2024 Reg G,5c|[Gen 9] VGC 2026 Reg I,5e|[Gen 9] VGC 2026 Reg F,5e|[Gen 9] VGC 2026 Reg F (Bo3),1e|[Gen 9] Doubles Custom Game,c|,1|Unofficial Metagames|[Gen 9] 1v1,e|[Gen 9] 2v2 Doubles,e|[Gen 9] Anything Goes,e|[Gen 9] ZU,e|[Gen 9] Free-For-All,6|[Gen 9] LC UU,c|[Gen 9] NFE,c|[Gen 9] Ubers UU,c|,1|Draft|[Gen 9] Draft,8c|[Gen 9] 6v6 Doubles Draft,8c|[Gen 9] 4v4 Doubles Draft,dc|[Gen 9] NatDex Draft,8c|[Gen 9] NatDex 6v6 Doubles Draft,8c|[Gen 9] NatDex LC Draft,8c|[Gen 8] Draft,c|[Gen 8] NatDex Draft,c|[Gen 8] NatDex 4v4 Doubles Draft,1c|[Gen 7] Draft,c|[Gen 6] Draft,c|[Gen 5] Draft,c|[Gen 4] Draft,c|[Gen 3] Draft,c|,2|Ladder Spotlight|[Gen 9] BSS Factory (Bo3),1f|[Gen 9] Linked,e|[Gen 9] 350 Cup,e|[Gen 9] Pokebilities AAA,e|[Gen 9] 4v4 Doubles UU,5e|[Gen 9] National Dex RU,e|[Gen 6] Megas Revisited Random Battle,4f|[Gen 9] ChatBats,f|[Gen 4] Ubers,e|[Gen 6] NU,e|[Gen 4] VGC 2009,5e|,2|Other Metagames|[Gen 9] Almost Any Ability,e|[Gen 9] Balanced Hackmons,e|[Gen 9] Godly Gift,e|[Gen 9] Mix and Mega,e|[Gen 9] Shared Power,e|[Gen 9] STABmons,e|[Gen 6] Pure Hackmons,e|,2|Challengeable OMs|[Gen 9] 1-2 Switch,c|[Gen 9] Alphabet Cup,c|[Gen 9] Bad 'n Boosted,c|[Gen 9] Battlefields,c|[Gen 9] Bio Mech Mons,c|[Gen 9] Camomons,c|[Gen 9] Category Swap,c|[Gen 9] Convergence,c|[Gen 9] Cross Evolution,c|[Gen 9] Fervent Impersonation,c|[Gen 9] Flipped,c|[Gen 9] Foresighters,c|[Gen 9] Formemons,c|[Gen 9] Fortemons,c|[Gen 9] Frantic Fusions,c|[Gen 9] Full Potential,c|[Gen 9] Inheritance,c|[Gen 9] Inverse,c|[Gen 9] Nature Swap,c|[Gen 9] Partners in Crime,c|[Gen 9] Passive Aggressive,c|[Gen 9] Pokebilities,c|[Gen 9] Pokemoves,c|[Gen 9] Pure Hackmons,c|[Gen 9] Relay Race,c|[Gen 9] Revelationmons,c|[Gen 9] Sharing is Caring,c|[Gen 9] Tera Donation,c|[Gen 9] Tera Override,c|[Gen 9] The Card Game,c|[Gen 9] The Loser's Game,c|[Gen 9] Tier Shift,c|[Gen 9] Trademarked,c|[Gen 9] Triples,c|[Gen 9] Type Split,c|[Gen 9] VoltTurn Mayhem,c|[Gen 7] Pure Hackmons,c|,2|Temporary Tour Metas|[Gen 9] Mix and Mega LC,c|[Gen 8] Mix and Mega,c|[Gen 7] Mix and Mega,c|[Gen 6] Mix and Mega,c|,2|National Dex|[Gen 9] National Dex,e|[Gen 8] National Dex,e|,2|National Dex Other Tiers|[Gen 9] National Dex 35 Pokes,c|[Gen 9] National Dex Ubers,e|[Gen 9] National Dex UU,e|[Gen 9] National Dex Ubers UU,c|[Gen 9] National Dex LC,c|[Gen 9] National Dex Monotype,e|[Gen 9] National Dex Doubles,e|[Gen 9] National Dex Doubles Ubers,c|[Gen 9] National Dex 1v1,c|[Gen 9] National Dex AG,c|[Gen 9] National Dex AAA,c|[Gen 9] National Dex BH,c|[Gen 9] National Dex Godly Gift,c|[Gen 9] National Dex STABmons,c|[Gen 8] National Dex UU,c|[Gen 8] National Dex RU,c|[Gen 8] National Dex Doubles,e|[Gen 8] National Dex Monotype,c|[Gen 8 DLC 1] National Dex AG,c|,2|Pet Mods|[Gen 6] Megas Revisited,c|[Gen 9] Legends Z-A OU,e|,3|Randomized Metas|[Gen 9] Random Roulette,4f|[Gen 9] Super Staff Bros Ultimate,4f|[Gen 9] Monotype Random Battle,4f|[Gen 9] Random Battle (Shared Power, B12P6),4f|[Gen 9] Random Battle Mayhem,4f|[Gen 9] Battle Factory,4f|[Gen 9] 1v1 Factory,4f|[Gen 9] BSS Factory,5d|[Gen 9] Draft Factory,4d|[Gen 9] Baby Random Battle,4f|[Gen 9] Hackmons Cup,4f|[Gen 9] Doubles Hackmons Cup,4d|[Gen 9] Broken Cup,4f|[Gen 9] Challenge Cup 1v1,4f|[Gen 9] Challenge Cup 2v2,4f|[Gen 9] Challenge Cup 6v6,4d|[Gen 9] Metronome Battle,4e|[Gen 8] Random Battle,4f|[Gen 8] Random Doubles Battle,4d|[Gen 8] Free-For-All Random Battle,5|[Gen 8] Multi Random Battle,5|[Gen 8] Battle Factory,4d|[Gen 8] BSS Factory,5d|[Gen 8] Hackmons Cup,4d|[Gen 8] CAP 1v1,4d|[Gen 8 BDSP] Random Battle,4d|[Gen 7] Random Battle,4f|[Gen 7] Battle Factory,4d|[Gen 7] BSS Factory,5d|[Gen 7] Hackmons Cup,9|[Gen 7 Let's Go] Random Battle,4d|[Gen 6] Random Battle,4f|[Gen 6] Battle Factory,9|[Gen 5] Random Battle,4f|[Gen 4] Random Battle,4f|[Gen 3] Random Battle,4f|[Gen 2] Random Battle,4f|[Gen 1] Random Battle,4f|[Gen 1] Challenge Cup,9|[Gen 1] Hackmons Cup,9|,4|Past Gens OU|[Gen 8] OU,e|[Gen 7] OU,e|[Gen 6] OU,e|[Gen 5] OU,e|[Gen 4] OU,e|[Gen 3] OU,e|[Gen 2] OU,e|[Gen 1] OU,e|,4|Past Gens Doubles OU|[Gen 8] Doubles OU,e|[Gen 7] Doubles OU,e|[Gen 6] Doubles OU,e|[Gen 5] Doubles OU,c|[Gen 4] Doubles OU,c|[Gen 3] Doubles OU,c|,4|Sw/Sh Singles|[Gen 8] Ubers,c|[Gen 8] UU,c|[Gen 8] RU,c|[Gen 8] NU,c|[Gen 8] PU,c|[Gen 8] LC,c|[Gen 8] Monotype,c|[Gen 8] 1v1,c|[Gen 8] Anything Goes,c|[Gen 8] ZU,c|[Gen 8] CAP,c|[Gen 8] Battle Stadium Singles,5c|[Gen 8 BDSP] OU,c|[Gen 8 BDSP] Ubers,c|[Gen 8] Custom Game,c|,4|Sw/Sh Doubles|[Gen 8] Doubles Ubers,c|[Gen 8] Doubles UU,c|[Gen 8] VGC 2022,5c|[Gen 8] VGC 2021,5c|[Gen 8] VGC 2020,5c|[Gen 8 BDSP] Doubles OU,c|[Gen 8 BDSP] Battle Festival Doubles,1c|[Gen 8] Doubles Custom Game,c|,4|US/UM Singles|[Gen 7] Ubers,c|[Gen 7] UU,c|[Gen 7] RU,c|[Gen 7] NU,c|[Gen 7] PU,c|[Gen 7] LC,c|[Gen 7] Monotype,c|[Gen 7] 1v1,c|[Gen 7] Anything Goes,c|[Gen 7] ZU,c|[Gen 7] CAP,c|[Gen 7] Battle Spot Singles,5c|[Gen 7 Let's Go] OU,1c|[Gen 7] Custom Game,c|,4|US/UM Doubles|[Gen 7] Doubles UU,c|[Gen 7] VGC 2019,5c|[Gen 7] VGC 2018,5c|[Gen 7] VGC 2017,5c|[Gen 7] Battle Spot Doubles,5c|[Gen 7 Let's Go] Doubles OU,1c|[Gen 7] Doubles Custom Game,c|,4|OR/AS Singles|[Gen 6] Ubers,c|[Gen 6] UU,c|[Gen 6] RU,c|[Gen 6] PU,c|[Gen 6] LC,c|[Gen 6] Monotype,c|[Gen 6] 1v1,c|[Gen 6] Anything Goes,c|[Gen 6] ZU,c|[Gen 6] CAP,c|[Gen 6] Battle Spot Singles,5c|[Gen 6] Custom Game,c|,4|OR/AS Doubles/Triples|[Gen 6] VGC 2016,5c|[Gen 6] VGC 2015,5c|[Gen 6] VGC 2014,5c|[Gen 6] Battle Spot Doubles,5c|[Gen 6] Doubles Custom Game,c|[Gen 6] Battle Spot Triples,1c|[Gen 6] Triples Custom Game,c|,4|B2/W2 Singles|[Gen 5] Ubers,c|[Gen 5] UU,c|[Gen 5] RU,c|[Gen 5] NU,c|[Gen 5] PU,c|[Gen 5] Monotype,c|[Gen 5] LC,c|[Gen 5] 1v1,c|[Gen 5] CAP,c|[Gen 5] ZU,c|[Gen 5] BW1 OU,c|[Gen 5] GBU Singles,5c|[Gen 5] Custom Game,c|,4|B2/W2 Doubles|[Gen 5] VGC 2013,5c|[Gen 5] VGC 2012,5c|[Gen 5] VGC 2011,5c|[Gen 5] Doubles Custom Game,c|[Gen 5] Triples Custom Game,c|,4|DPP Singles|[Gen 4] UU,c|[Gen 4] NU,c|[Gen 4] LC,c|[Gen 4] Anything Goes,c|[Gen 4] 1v1,c|[Gen 4] CAP,c|[Gen 4] PU,c|[Gen 4] ZU,c|[Gen 4] Custom Game,c|,4|DPP Doubles|[Gen 4] VGC 2010,5c|[Gen 4] Doubles Custom Game,c|,4|Past Generations|[Gen 3] Ubers,c|[Gen 3] UU,c|[Gen 3] RU,c|[Gen 3] NU,c|[Gen 3] PU,c|[Gen 3] LC,c|[Gen 3] 1v1,c|[Gen 3] UUBL,c|[Gen 3] ZU,c|[Gen 3] ADV 200,c|[Gen 3] ADV 200 Doubles,c|[Gen 3] Orre Colosseum,4c|[Gen 3] Custom Game,c|[Gen 3] Doubles Custom Game,c|[Gen 2] Ubers,c|[Gen 2] UU,c|[Gen 2] NU,c|[Gen 2] PU,c|[Gen 2] 1v1,c|[Gen 2] ZU,c|[Gen 2] NC 2000,4c|[Gen 2] Stadium OU,c|[Gen 2] Custom Game,c|[Gen 1] Ubers,c|[Gen 1] UU,c|[Gen 1] NU,c|[Gen 1] PU,c|[Gen 1] ZU,c|[Gen 1] LC,c|[Gen 1] 1v1,c|[Gen 1] NC 1997,4c|[Gen 1] Japanese OU,c|[Gen 1] Stadium OU,c|[Gen 1] Tradebacks OU,c|[Gen 1] Custom Game,c
[2026-03-09 18:33:13,712][SimpleHeuristics 3][INFO] - [92m[1m<<<[0m |challstr|4|53d1fcdf1bb8d4a6e9373a16345b8ce840322034c8e053ba3018882ced7d2c99ef7a878fe360bbb909cc1e67557f3dd29f5c5ba18a328be18516ea3f4ff4e96ef92ab6a6a8cf152fd21d6d8f67955c77721e811037ee0c0b4a1f650b4bc6d70d6e5198a111839910d38197cf6a39683d6ac5a057e6f55024dd0cc7b672430928
[2026-03-09 18:33:13,713][SimpleHeuristics 3][INFO] - Bypassing authentication request
[2026-03-09 18:33:13,713][SimpleHeuristics 3][INFO] - [93m[1m>>>[0m |/trn SimpleHeuristics 3,0,
[2026-03-09 18:33:13,714][SimpleHeuristics 3][INFO] - [92m[1m<<<[0m |updatesearch|{"searching":[],"games":null}
[2026-03-09 18:33:13,714][SimpleHeuristics 3][INFO] - [92m[1m<<<[0m |updateuser| SimpleHeuristics 3|1|266|{"blockChallenges":false,"blockPMs":false,"ignoreTickets":false,"hideBattlesFromTrainerCard":false,"blockInvites":false,"doNotDisturb":false,"blockFriendRequests":false,"allowFriendNotifications":false,"displayBattlesToFriends":false,"hideLogins":false,"hiddenNextBattle":false,"inviteOnlyNextBattle":false,"language":null}
[2026-03-09 18:35:40,449][MaxBasePowerPlay 1][INFO] - Starting listening to showdown websocket
[2026-03-09 18:35:40,453][MaxBasePowerPlay 1][INFO] - [92m[1m<<<[0m |updateuser| Guest 10|0|170|{"blockChallenges":false,"blockPMs":false,"ignoreTickets":false,"hideBattlesFromTrainerCard":false,"blockInvites":false,"doNotDisturb":false,"blockFriendRequests":false,"allowFriendNotifications":false,"displayBattlesToFriends":false,"hideLogins":false,"hiddenNextBattle":false,"inviteOnlyNextBattle":false,"language":null}
|customgroups|[{"symbol":"~","name":"Administrator","type":"leadership"},{"symbol":"#","name":"Room Owner","type":"leadership"},{"symbol":"★","name":"Host","type":"leadership"},{"symbol":"@","name":"Moderator","type":"staff"},{"symbol":"%","name":"Driver","type":"staff"},{"symbol":"*","name":"Bot","type":"normal"},{"symbol":"☆","name":"Player","type":"normal"},{"symbol":"+","name":"Voice","type":"normal"},{"symbol":"^","name":"Prize Winner","type":"normal"},{"symbol":"whitelist","name":"Whitelist","type":"normal"},{"symbol":" ","name":null,"type":"normal"},{"symbol":"‽","name":"Locked","type":"punishment"},{"symbol":"!","name":"Muted","type":"punishment"}]
|formats|,LL|,1|S/V Singles|[Gen 9] Random Battle,4f|[Gen 9] Unrated Random Battle,b|[Gen 9] Free-For-All Random Battle,7|[Gen 9] Random Battle (Blitz),4f|[Gen 9] Multi Random Battle,5|[Gen 9] OU,e|[Gen 9] Ubers,e|[Gen 9] UU,e|[Gen 9] RU,e|[Gen 9] NU,e|[Gen 9] PU,e|[Gen 9] LC,e|[Gen 9] Monotype,e|[Gen 9] CAP,e|[Gen 9] BSS Reg I,5e|[Gen 9] BSS Reg J,5c|[Gen 9] Custom Game,c|,1|S/V Doubles|[Gen 9] Random Doubles Battle,4f|[Gen 9] Doubles OU,e|[Gen 9] Doubles Ubers,e|[Gen 9] Doubles UU,e|[Gen 9] Doubles LC,c|[Gen 9] VGC 2023 Reg C,5c|[Gen 9] VGC 2023 Reg D,5c|[Gen 9] VGC 2024 Reg G,5c|[Gen 9] VGC 2026 Reg I,5e|[Gen 9] VGC 2026 Reg F,5e|[Gen 9] VGC 2026 Reg F (Bo3),1e|[Gen 9] Doubles Custom Game,c|,1|Unofficial Metagames|[Gen 9] 1v1,e|[Gen 9] 2v2 Doubles,e|[Gen 9] Anything Goes,e|[Gen 9] ZU,e|[Gen 9] Free-For-All,6|[Gen 9] LC UU,c|[Gen 9] NFE,c|[Gen 9] Ubers UU,c|,1|Draft|[Gen 9] Draft,8c|[Gen 9] 6v6 Doubles Draft,8c|[Gen 9] 4v4 Doubles Draft,dc|[Gen 9] NatDex Draft,8c|[Gen 9] NatDex 6v6 Doubles Draft,8c|[Gen 9] NatDex LC Draft,8c|[Gen 8] Draft,c|[Gen 8] NatDex Draft,c|[Gen 8] NatDex 4v4 Doubles Draft,1c|[Gen 7] Draft,c|[Gen 6] Draft,c|[Gen 5] Draft,c|[Gen 4] Draft,c|[Gen 3] Draft,c|,2|Ladder Spotlight|[Gen 9] BSS Factory (Bo3),1f|[Gen 9] Linked,e|[Gen 9] 350 Cup,e|[Gen 9] Pokebilities AAA,e|[Gen 9] 4v4 Doubles UU,5e|[Gen 9] National Dex RU,e|[Gen 6] Megas Revisited Random Battle,4f|[Gen 9] ChatBats,f|[Gen 4] Ubers,e|[Gen 6] NU,e|[Gen 4] VGC 2009,5e|,2|Other Metagames|[Gen 9] Almost Any Ability,e|[Gen 9] Balanced Hackmons,e|[Gen 9] Godly Gift,e|[Gen 9] Mix and Mega,e|[Gen 9] Shared Power,e|[Gen 9] STABmons,e|[Gen 6] Pure Hackmons,e|,2|Challengeable OMs|[Gen 9] 1-2 Switch,c|[Gen 9] Alphabet Cup,c|[Gen 9] Bad 'n Boosted,c|[Gen 9] Battlefields,c|[Gen 9] Bio Mech Mons,c|[Gen 9] Camomons,c|[Gen 9] Category Swap,c|[Gen 9] Convergence,c|[Gen 9] Cross Evolution,c|[Gen 9] Fervent Impersonation,c|[Gen 9] Flipped,c|[Gen 9] Foresighters,c|[Gen 9] Formemons,c|[Gen 9] Fortemons,c|[Gen 9] Frantic Fusions,c|[Gen 9] Full Potential,c|[Gen 9] Inheritance,c|[Gen 9] Inverse,c|[Gen 9] Nature Swap,c|[Gen 9] Partners in Crime,c|[Gen 9] Passive Aggressive,c|[Gen 9] Pokebilities,c|[Gen 9] Pokemoves,c|[Gen 9] Pure Hackmons,c|[Gen 9] Relay Race,c|[Gen 9] Revelationmons,c|[Gen 9] Sharing is Caring,c|[Gen 9] Tera Donation,c|[Gen 9] Tera Override,c|[Gen 9] The Card Game,c|[Gen 9] The Loser's Game,c|[Gen 9] Tier Shift,c|[Gen 9] Trademarked,c|[Gen 9] Triples,c|[Gen 9] Type Split,c|[Gen 9] VoltTurn Mayhem,c|[Gen 7] Pure Hackmons,c|,2|Temporary Tour Metas|[Gen 9] Mix and Mega LC,c|[Gen 8] Mix and Mega,c|[Gen 7] Mix and Mega,c|[Gen 6] Mix and Mega,c|,2|National Dex|[Gen 9] National Dex,e|[Gen 8] National Dex,e|,2|National Dex Other Tiers|[Gen 9] National Dex 35 Pokes,c|[Gen 9] National Dex Ubers,e|[Gen 9] National Dex UU,e|[Gen 9] National Dex Ubers UU,c|[Gen 9] National Dex LC,c|[Gen 9] National Dex Monotype,e|[Gen 9] National Dex Doubles,e|[Gen 9] National Dex Doubles Ubers,c|[Gen 9] National Dex 1v1,c|[Gen 9] National Dex AG,c|[Gen 9] National Dex AAA,c|[Gen 9] National Dex BH,c|[Gen 9] National Dex Godly Gift,c|[Gen 9] National Dex STABmons,c|[Gen 8] National Dex UU,c|[Gen 8] National Dex RU,c|[Gen 8] National Dex Doubles,e|[Gen 8] National Dex Monotype,c|[Gen 8 DLC 1] National Dex AG,c|,2|Pet Mods|[Gen 6] Megas Revisited,c|[Gen 9] Legends Z-A OU,e|,3|Randomized Metas|[Gen 9] Random Roulette,4f|[Gen 9] Super Staff Bros Ultimate,4f|[Gen 9] Monotype Random Battle,4f|[Gen 9] Random Battle (Shared Power, B12P6),4f|[Gen 9] Random Battle Mayhem,4f|[Gen 9] Battle Factory,4f|[Gen 9] 1v1 Factory,4f|[Gen 9] BSS Factory,5d|[Gen 9] Draft Factory,4d|[Gen 9] Baby Random Battle,4f|[Gen 9] Hackmons Cup,4f|[Gen 9] Doubles Hackmons Cup,4d|[Gen 9] Broken Cup,4f|[Gen 9] Challenge Cup 1v1,4f|[Gen 9] Challenge Cup 2v2,4f|[Gen 9] Challenge Cup 6v6,4d|[Gen 9] Metronome Battle,4e|[Gen 8] Random Battle,4f|[Gen 8] Random Doubles Battle,4d|[Gen 8] Free-For-All Random Battle,5|[Gen 8] Multi Random Battle,5|[Gen 8] Battle Factory,4d|[Gen 8] BSS Factory,5d|[Gen 8] Hackmons Cup,4d|[Gen 8] CAP 1v1,4d|[Gen 8 BDSP] Random Battle,4d|[Gen 7] Random Battle,4f|[Gen 7] Battle Factory,4d|[Gen 7] BSS Factory,5d|[Gen 7] Hackmons Cup,9|[Gen 7 Let's Go] Random Battle,4d|[Gen 6] Random Battle,4f|[Gen 6] Battle Factory,9|[Gen 5] Random Battle,4f|[Gen 4] Random Battle,4f|[Gen 3] Random Battle,4f|[Gen 2] Random Battle,4f|[Gen 1] Random Battle,4f|[Gen 1] Challenge Cup,9|[Gen 1] Hackmons Cup,9|,4|Past Gens OU|[Gen 8] OU,e|[Gen 7] OU,e|[Gen 6] OU,e|[Gen 5] OU,e|[Gen 4] OU,e|[Gen 3] OU,e|[Gen 2] OU,e|[Gen 1] OU,e|,4|Past Gens Doubles OU|[Gen 8] Doubles OU,e|[Gen 7] Doubles OU,e|[Gen 6] Doubles OU,e|[Gen 5] Doubles OU,c|[Gen 4] Doubles OU,c|[Gen 3] Doubles OU,c|,4|Sw/Sh Singles|[Gen 8] Ubers,c|[Gen 8] UU,c|[Gen 8] RU,c|[Gen 8] NU,c|[Gen 8] PU,c|[Gen 8] LC,c|[Gen 8] Monotype,c|[Gen 8] 1v1,c|[Gen 8] Anything Goes,c|[Gen 8] ZU,c|[Gen 8] CAP,c|[Gen 8] Battle Stadium Singles,5c|[Gen 8 BDSP] OU,c|[Gen 8 BDSP] Ubers,c|[Gen 8] Custom Game,c|,4|Sw/Sh Doubles|[Gen 8] Doubles Ubers,c|[Gen 8] Doubles UU,c|[Gen 8] VGC 2022,5c|[Gen 8] VGC 2021,5c|[Gen 8] VGC 2020,5c|[Gen 8 BDSP] Doubles OU,c|[Gen 8 BDSP] Battle Festival Doubles,1c|[Gen 8] Doubles Custom Game,c|,4|US/UM Singles|[Gen 7] Ubers,c|[Gen 7] UU,c|[Gen 7] RU,c|[Gen 7] NU,c|[Gen 7] PU,c|[Gen 7] LC,c|[Gen 7] Monotype,c|[Gen 7] 1v1,c|[Gen 7] Anything Goes,c|[Gen 7] ZU,c|[Gen 7] CAP,c|[Gen 7] Battle Spot Singles,5c|[Gen 7 Let's Go] OU,1c|[Gen 7] Custom Game,c|,4|US/UM Doubles|[Gen 7] Doubles UU,c|[Gen 7] VGC 2019,5c|[Gen 7] VGC 2018,5c|[Gen 7] VGC 2017,5c|[Gen 7] Battle Spot Doubles,5c|[Gen 7 Let's Go] Doubles OU,1c|[Gen 7] Doubles Custom Game,c|,4|OR/AS Singles|[Gen 6] Ubers,c|[Gen 6] UU,c|[Gen 6] RU,c|[Gen 6] PU,c|[Gen 6] LC,c|[Gen 6] Monotype,c|[Gen 6] 1v1,c|[Gen 6] Anything Goes,c|[Gen 6] ZU,c|[Gen 6] CAP,c|[Gen 6] Battle Spot Singles,5c|[Gen 6] Custom Game,c|,4|OR/AS Doubles/Triples|[Gen 6] VGC 2016,5c|[Gen 6] VGC 2015,5c|[Gen 6] VGC 2014,5c|[Gen 6] Battle Spot Doubles,5c|[Gen 6] Doubles Custom Game,c|[Gen 6] Battle Spot Triples,1c|[Gen 6] Triples Custom Game,c|,4|B2/W2 Singles|[Gen 5] Ubers,c|[Gen 5] UU,c|[Gen 5] RU,c|[Gen 5] NU,c|[Gen 5] PU,c|[Gen 5] Monotype,c|[Gen 5] LC,c|[Gen 5] 1v1,c|[Gen 5] CAP,c|[Gen 5] ZU,c|[Gen 5] BW1 OU,c|[Gen 5] GBU Singles,5c|[Gen 5] Custom Game,c|,4|B2/W2 Doubles|[Gen 5] VGC 2013,5c|[Gen 5] VGC 2012,5c|[Gen 5] VGC 2011,5c|[Gen 5] Doubles Custom Game,c|[Gen 5] Triples Custom Game,c|,4|DPP Singles|[Gen 4] UU,c|[Gen 4] NU,c|[Gen 4] LC,c|[Gen 4] Anything Goes,c|[Gen 4] 1v1,c|[Gen 4] CAP,c|[Gen 4] PU,c|[Gen 4] ZU,c|[Gen 4] Custom Game,c|,4|DPP Doubles|[Gen 4] VGC 2010,5c|[Gen 4] Doubles Custom Game,c|,4|Past Generations|[Gen 3] Ubers,c|[Gen 3] UU,c|[Gen 3] RU,c|[Gen 3] NU,c|[Gen 3] PU,c|[Gen 3] LC,c|[Gen 3] 1v1,c|[Gen 3] UUBL,c|[Gen 3] ZU,c|[Gen 3] ADV 200,c|[Gen 3] ADV 200 Doubles,c|[Gen 3] Orre Colosseum,4c|[Gen 3] Custom Game,c|[Gen 3] Doubles Custom Game,c|[Gen 2] Ubers,c|[Gen 2] UU,c|[Gen 2] NU,c|[Gen 2] PU,c|[Gen 2] 1v1,c|[Gen 2] ZU,c|[Gen 2] NC 2000,4c|[Gen 2] Stadium OU,c|[Gen 2] Custom Game,c|[Gen 1] Ubers,c|[Gen 1] UU,c|[Gen 1] NU,c|[Gen 1] PU,c|[Gen 1] ZU,c|[Gen 1] LC,c|[Gen 1] 1v1,c|[Gen 1] NC 1997,4c|[Gen 1] Japanese OU,c|[Gen 1] Stadium OU,c|[Gen 1] Tradebacks OU,c|[Gen 1] Custom Game,c
[2026-03-09 18:35:40,454][MaxBasePowerPlay 1][INFO] - [92m[1m<<<[0m |challstr|4|fe66bd924b52995eeaff2b30abae0af96147760afae4e64404768cc5c6ee9f95ad57372407d1691600be0474e02d7b73ce195675d5b8207e7ce64864b051a13d88c825aab0af745db43260204a0cbd93e34e5e722701bf4c08aea5bdd3edabfd12cdb59629286720199df75bda07030f72d8b3ab6bdfdbb1f0491da909fd89a2
[2026-03-09 18:35:40,454][MaxBasePowerPlay 1][INFO] - Bypassing authentication request
[2026-03-09 18:35:40,454][MaxBasePowerPlay 1][INFO] - [93m[1m>>>[0m |/trn MaxBasePowerPlay 1,0,
[2026-03-09 18:35:40,458][MaxBasePowerPlay 1][INFO] - [92m[1m<<<[0m |updatesearch|{"searching":[],"games":null}
[2026-03-09 18:35:40,458][MaxBasePowerPlay 1][INFO] - [92m[1m<<<[0m |updateuser| MaxBasePowerPlay 1|1|170|{"blockChallenges":false,"blockPMs":false,"ignoreTickets":false,"hideBattlesFromTrainerCard":false,"blockInvites":false,"doNotDisturb":false,"blockFriendRequests":false,"allowFriendNotifications":false,"displayBattlesToFriends":false,"hideLogins":false,"hiddenNextBattle":false,"inviteOnlyNextBattle":false,"language":null}
[2026-03-09 18:38:07,436][RandomPlayer 1][INFO] - Starting listening to showdown websocket
[2026-03-09 18:38:07,439][RandomPlayer 1][INFO] - [92m[1m<<<[0m |updateuser| Guest 13|0|101|{"blockChallenges":false,"blockPMs":false,"ignoreTickets":false,"hideBattlesFromTrainerCard":false,"blockInvites":false,"doNotDisturb":false,"blockFriendRequests":false,"allowFriendNotifications":false,"displayBattlesToFriends":false,"hideLogins":false,"hiddenNextBattle":false,"inviteOnlyNextBattle":false,"language":null}
|customgroups|[{"symbol":"~","name":"Administrator","type":"leadership"},{"symbol":"#","name":"Room Owner","type":"leadership"},{"symbol":"★","name":"Host","type":"leadership"},{"symbol":"@","name":"Moderator","type":"staff"},{"symbol":"%","name":"Driver","type":"staff"},{"symbol":"*","name":"Bot","type":"normal"},{"symbol":"☆","name":"Player","type":"normal"},{"symbol":"+","name":"Voice","type":"normal"},{"symbol":"^","name":"Prize Winner","type":"normal"},{"symbol":"whitelist","name":"Whitelist","type":"normal"},{"symbol":" ","name":null,"type":"normal"},{"symbol":"‽","name":"Locked","type":"punishment"},{"symbol":"!","name":"Muted","type":"punishment"}]
|formats|,LL|,1|S/V Singles|[Gen 9] Random Battle,4f|[Gen 9] Unrated Random Battle,b|[Gen 9] Free-For-All Random Battle,7|[Gen 9] Random Battle (Blitz),4f|[Gen 9] Multi Random Battle,5|[Gen 9] OU,e|[Gen 9] Ubers,e|[Gen 9] UU,e|[Gen 9] RU,e|[Gen 9] NU,e|[Gen 9] PU,e|[Gen 9] LC,e|[Gen 9] Monotype,e|[Gen 9] CAP,e|[Gen 9] BSS Reg I,5e|[Gen 9] BSS Reg J,5c|[Gen 9] Custom Game,c|,1|S/V Doubles|[Gen 9] Random Doubles Battle,4f|[Gen 9] Doubles OU,e|[Gen 9] Doubles Ubers,e|[Gen 9] Doubles UU,e|[Gen 9] Doubles LC,c|[Gen 9] VGC 2023 Reg C,5c|[Gen 9] VGC 2023 Reg D,5c|[Gen 9] VGC 2024 Reg G,5c|[Gen 9] VGC 2026 Reg I,5e|[Gen 9] VGC 2026 Reg F,5e|[Gen 9] VGC 2026 Reg F (Bo3),1e|[Gen 9] Doubles Custom Game,c|,1|Unofficial Metagames|[Gen 9] 1v1,e|[Gen 9] 2v2 Doubles,e|[Gen 9] Anything Goes,e|[Gen 9] ZU,e|[Gen 9] Free-For-All,6|[Gen 9] LC UU,c|[Gen 9] NFE,c|[Gen 9] Ubers UU,c|,1|Draft|[Gen 9] Draft,8c|[Gen 9] 6v6 Doubles Draft,8c|[Gen 9] 4v4 Doubles Draft,dc|[Gen 9] NatDex Draft,8c|[Gen 9] NatDex 6v6 Doubles Draft,8c|[Gen 9] NatDex LC Draft,8c|[Gen 8] Draft,c|[Gen 8] NatDex Draft,c|[Gen 8] NatDex 4v4 Doubles Draft,1c|[Gen 7] Draft,c|[Gen 6] Draft,c|[Gen 5] Draft,c|[Gen 4] Draft,c|[Gen 3] Draft,c|,2|Ladder Spotlight|[Gen 9] BSS Factory (Bo3),1f|[Gen 9] Linked,e|[Gen 9] 350 Cup,e|[Gen 9] Pokebilities AAA,e|[Gen 9] 4v4 Doubles UU,5e|[Gen 9] National Dex RU,e|[Gen 6] Megas Revisited Random Battle,4f|[Gen 9] ChatBats,f|[Gen 4] Ubers,e|[Gen 6] NU,e|[Gen 4] VGC 2009,5e|,2|Other Metagames|[Gen 9] Almost Any Ability,e|[Gen 9] Balanced Hackmons,e|[Gen 9] Godly Gift,e|[Gen 9] Mix and Mega,e|[Gen 9] Shared Power,e|[Gen 9] STABmons,e|[Gen 6] Pure Hackmons,e|,2|Challengeable OMs|[Gen 9] 1-2 Switch,c|[Gen 9] Alphabet Cup,c|[Gen 9] Bad 'n Boosted,c|[Gen 9] Battlefields,c|[Gen 9] Bio Mech Mons,c|[Gen 9] Camomons,c|[Gen 9] Category Swap,c|[Gen 9] Convergence,c|[Gen 9] Cross Evolution,c|[Gen 9] Fervent Impersonation,c|[Gen 9] Flipped,c|[Gen 9] Foresighters,c|[Gen 9] Formemons,c|[Gen 9] Fortemons,c|[Gen 9] Frantic Fusions,c|[Gen 9] Full Potential,c|[Gen 9] Inheritance,c|[Gen 9] Inverse,c|[Gen 9] Nature Swap,c|[Gen 9] Partners in Crime,c|[Gen 9] Passive Aggressive,c|[Gen 9] Pokebilities,c|[Gen 9] Pokemoves,c|[Gen 9] Pure Hackmons,c|[Gen 9] Relay Race,c|[Gen 9] Revelationmons,c|[Gen 9] Sharing is Caring,c|[Gen 9] Tera Donation,c|[Gen 9] Tera Override,c|[Gen 9] The Card Game,c|[Gen 9] The Loser's Game,c|[Gen 9] Tier Shift,c|[Gen 9] Trademarked,c|[Gen 9] Triples,c|[Gen 9] Type Split,c|[Gen 9] VoltTurn Mayhem,c|[Gen 7] Pure Hackmons,c|,2|Temporary Tour Metas|[Gen 9] Mix and Mega LC,c|[Gen 8] Mix and Mega,c|[Gen 7] Mix and Mega,c|[Gen 6] Mix and Mega,c|,2|National Dex|[Gen 9] National Dex,e|[Gen 8] National Dex,e|,2|National Dex Other Tiers|[Gen 9] National Dex 35 Pokes,c|[Gen 9] National Dex Ubers,e|[Gen 9] National Dex UU,e|[Gen 9] National Dex Ubers UU,c|[Gen 9] National Dex LC,c|[Gen 9] National Dex Monotype,e|[Gen 9] National Dex Doubles,e|[Gen 9] National Dex Doubles Ubers,c|[Gen 9] National Dex 1v1,c|[Gen 9] National Dex AG,c|[Gen 9] National Dex AAA,c|[Gen 9] National Dex BH,c|[Gen 9] National Dex Godly Gift,c|[Gen 9] National Dex STABmons,c|[Gen 8] National Dex UU,c|[Gen 8] National Dex RU,c|[Gen 8] National Dex Doubles,e|[Gen 8] National Dex Monotype,c|[Gen 8 DLC 1] National Dex AG,c|,2|Pet Mods|[Gen 6] Megas Revisited,c|[Gen 9] Legends Z-A OU,e|,3|Randomized Metas|[Gen 9] Random Roulette,4f|[Gen 9] Super Staff Bros Ultimate,4f|[Gen 9] Monotype Random Battle,4f|[Gen 9] Random Battle (Shared Power, B12P6),4f|[Gen 9] Random Battle Mayhem,4f|[Gen 9] Battle Factory,4f|[Gen 9] 1v1 Factory,4f|[Gen 9] BSS Factory,5d|[Gen 9] Draft Factory,4d|[Gen 9] Baby Random Battle,4f|[Gen 9] Hackmons Cup,4f|[Gen 9] Doubles Hackmons Cup,4d|[Gen 9] Broken Cup,4f|[Gen 9] Challenge Cup 1v1,4f|[Gen 9] Challenge Cup 2v2,4f|[Gen 9] Challenge Cup 6v6,4d|[Gen 9] Metronome Battle,4e|[Gen 8] Random Battle,4f|[Gen 8] Random Doubles Battle,4d|[Gen 8] Free-For-All Random Battle,5|[Gen 8] Multi Random Battle,5|[Gen 8] Battle Factory,4d|[Gen 8] BSS Factory,5d|[Gen 8] Hackmons Cup,4d|[Gen 8] CAP 1v1,4d|[Gen 8 BDSP] Random Battle,4d|[Gen 7] Random Battle,4f|[Gen 7] Battle Factory,4d|[Gen 7] BSS Factory,5d|[Gen 7] Hackmons Cup,9|[Gen 7 Let's Go] Random Battle,4d|[Gen 6] Random Battle,4f|[Gen 6] Battle Factory,9|[Gen 5] Random Battle,4f|[Gen 4] Random Battle,4f|[Gen 3] Random Battle,4f|[Gen 2] Random Battle,4f|[Gen 1] Random Battle,4f|[Gen 1] Challenge Cup,9|[Gen 1] Hackmons Cup,9|,4|Past Gens OU|[Gen 8] OU,e|[Gen 7] OU,e|[Gen 6] OU,e|[Gen 5] OU,e|[Gen 4] OU,e|[Gen 3] OU,e|[Gen 2] OU,e|[Gen 1] OU,e|,4|Past Gens Doubles OU|[Gen 8] Doubles OU,e|[Gen 7] Doubles OU,e|[Gen 6] Doubles OU,e|[Gen 5] Doubles OU,c|[Gen 4] Doubles OU,c|[Gen 3] Doubles OU,c|,4|Sw/Sh Singles|[Gen 8] Ubers,c|[Gen 8] UU,c|[Gen 8] RU,c|[Gen 8] NU,c|[Gen 8] PU,c|[Gen 8] LC,c|[Gen 8] Monotype,c|[Gen 8] 1v1,c|[Gen 8] Anything Goes,c|[Gen 8] ZU,c|[Gen 8] CAP,c|[Gen 8] Battle Stadium Singles,5c|[Gen 8 BDSP] OU,c|[Gen 8 BDSP] Ubers,c|[Gen 8] Custom Game,c|,4|Sw/Sh Doubles|[Gen 8] Doubles Ubers,c|[Gen 8] Doubles UU,c|[Gen 8] VGC 2022,5c|[Gen 8] VGC 2021,5c|[Gen 8] VGC 2020,5c|[Gen 8 BDSP] Doubles OU,c|[Gen 8 BDSP] Battle Festival Doubles,1c|[Gen 8] Doubles Custom Game,c|,4|US/UM Singles|[Gen 7] Ubers,c|[Gen 7] UU,c|[Gen 7] RU,c|[Gen 7] NU,c|[Gen 7] PU,c|[Gen 7] LC,c|[Gen 7] Monotype,c|[Gen 7] 1v1,c|[Gen 7] Anything Goes,c|[Gen 7] ZU,c|[Gen 7] CAP,c|[Gen 7] Battle Spot Singles,5c|[Gen 7 Let's Go] OU,1c|[Gen 7] Custom Game,c|,4|US/UM Doubles|[Gen 7] Doubles UU,c|[Gen 7] VGC 2019,5c|[Gen 7] VGC 2018,5c|[Gen 7] VGC 2017,5c|[Gen 7] Battle Spot Doubles,5c|[Gen 7 Let's Go] Doubles OU,1c|[Gen 7] Doubles Custom Game,c|,4|OR/AS Singles|[Gen 6] Ubers,c|[Gen 6] UU,c|[Gen 6] RU,c|[Gen 6] PU,c|[Gen 6] LC,c|[Gen 6] Monotype,c|[Gen 6] 1v1,c|[Gen 6] Anything Goes,c|[Gen 6] ZU,c|[Gen 6] CAP,c|[Gen 6] Battle Spot Singles,5c|[Gen 6] Custom Game,c|,4|OR/AS Doubles/Triples|[Gen 6] VGC 2016,5c|[Gen 6] VGC 2015,5c|[Gen 6] VGC 2014,5c|[Gen 6] Battle Spot Doubles,5c|[Gen 6] Doubles Custom Game,c|[Gen 6] Battle Spot Triples,1c|[Gen 6] Triples Custom Game,c|,4|B2/W2 Singles|[Gen 5] Ubers,c|[Gen 5] UU,c|[Gen 5] RU,c|[Gen 5] NU,c|[Gen 5] PU,c|[Gen 5] Monotype,c|[Gen 5] LC,c|[Gen 5] 1v1,c|[Gen 5] CAP,c|[Gen 5] ZU,c|[Gen 5] BW1 OU,c|[Gen 5] GBU Singles,5c|[Gen 5] Custom Game,c|,4|B2/W2 Doubles|[Gen 5] VGC 2013,5c|[Gen 5] VGC 2012,5c|[Gen 5] VGC 2011,5c|[Gen 5] Doubles Custom Game,c|[Gen 5] Triples Custom Game,c|,4|DPP Singles|[Gen 4] UU,c|[Gen 4] NU,c|[Gen 4] LC,c|[Gen 4] Anything Goes,c|[Gen 4] 1v1,c|[Gen 4] CAP,c|[Gen 4] PU,c|[Gen 4] ZU,c|[Gen 4] Custom Game,c|,4|DPP Doubles|[Gen 4] VGC 2010,5c|[Gen 4] Doubles Custom Game,c|,4|Past Generations|[Gen 3] Ubers,c|[Gen 3] UU,c|[Gen 3] RU,c|[Gen 3] NU,c|[Gen 3] PU,c|[Gen 3] LC,c|[Gen 3] 1v1,c|[Gen 3] UUBL,c|[Gen 3] ZU,c|[Gen 3] ADV 200,c|[Gen 3] ADV 200 Doubles,c|[Gen 3] Orre Colosseum,4c|[Gen 3] Custom Game,c|[Gen 3] Doubles Custom Game,c|[Gen 2] Ubers,c|[Gen 2] UU,c|[Gen 2] NU,c|[Gen 2] PU,c|[Gen 2] 1v1,c|[Gen 2] ZU,c|[Gen 2] NC 2000,4c|[Gen 2] Stadium OU,c|[Gen 2] Custom Game,c|[Gen 1] Ubers,c|[Gen 1] UU,c|[Gen 1] NU,c|[Gen 1] PU,c|[Gen 1] ZU,c|[Gen 1] LC,c|[Gen 1] 1v1,c|[Gen 1] NC 1997,4c|[Gen 1] Japanese OU,c|[Gen 1] Stadium OU,c|[Gen 1] Tradebacks OU,c|[Gen 1] Custom Game,c
[2026-03-09 18:38:07,440][RandomPlayer 1][INFO] - [92m[1m<<<[0m |challstr|4|d7935b96f523da0d2549f19b0d68920aa8c650f16475894d4c8287c9d8ed6a82494c50c470ccaae6fdb22578b6fa790220223fbe6b2b9669d6de754ac7b915e0342bf9ef8b66dc299ebaaf2f897b597db31a4484d4504a4a4d05adb783c9662f5cf4348f81200bd8f110a11aaebaf17fd3a379e3dea4953a5d79f0ad85d6e8d5
[2026-03-09 18:38:07,440][RandomPlayer 1][INFO] - Bypassing authentication request
[2026-03-09 18:38:07,440][RandomPlayer 1][INFO] - [93m[1m>>>[0m |/trn RandomPlayer 1,0,
[2026-03-09 18:38:07,441][RandomPlayer 1][INFO] - [92m[1m<<<[0m |updatesearch|{"searching":[],"games":null}
[2026-03-09 18:38:07,441][RandomPlayer 1][INFO] - [92m[1m<<<[0m |updateuser| RandomPlayer 1|1|101|{"blockChallenges":false,"blockPMs":false,"ignoreTickets":false,"hideBattlesFromTrainerCard":false,"blockInvites":false,"doNotDisturb":false,"blockFriendRequests":false,"allowFriendNotifications":false,"displayBattlesToFriends":false,"hideLogins":false,"hiddenNextBattle":false,"inviteOnlyNextBattle":false,"language":null}
[2026-03-09 18:40:54,706][SimpleHeuristics 7][INFO] - Starting listening to showdown websocket
[2026-03-09 18:40:54,713][SimpleHeuristics 7][INFO] - [92m[1m<<<[0m |updateuser| Guest 16|0|170|{"blockChallenges":false,"blockPMs":false,"ignoreTickets":false,"hideBattlesFromTrainerCard":false,"blockInvites":false,"doNotDisturb":false,"blockFriendRequests":false,"allowFriendNotifications":false,"displayBattlesToFriends":false,"hideLogins":false,"hiddenNextBattle":false,"inviteOnlyNextBattle":false,"language":null}
|customgroups|[{"symbol":"~","name":"Administrator","type":"leadership"},{"symbol":"#","name":"Room Owner","type":"leadership"},{"symbol":"★","name":"Host","type":"leadership"},{"symbol":"@","name":"Moderator","type":"staff"},{"symbol":"%","name":"Driver","type":"staff"},{"symbol":"*","name":"Bot","type":"normal"},{"symbol":"☆","name":"Player","type":"normal"},{"symbol":"+","name":"Voice","type":"normal"},{"symbol":"^","name":"Prize Winner","type":"normal"},{"symbol":"whitelist","name":"Whitelist","type":"normal"},{"symbol":" ","name":null,"type":"normal"},{"symbol":"‽","name":"Locked","type":"punishment"},{"symbol":"!","name":"Muted","type":"punishment"}]
|formats|,LL|,1|S/V Singles|[Gen 9] Random Battle,4f|[Gen 9] Unrated Random Battle,b|[Gen 9] Free-For-All Random Battle,7|[Gen 9] Random Battle (Blitz),4f|[Gen 9] Multi Random Battle,5|[Gen 9] OU,e|[Gen 9] Ubers,e|[Gen 9] UU,e|[Gen 9] RU,e|[Gen 9] NU,e|[Gen 9] PU,e|[Gen 9] LC,e|[Gen 9] Monotype,e|[Gen 9] CAP,e|[Gen 9] BSS Reg I,5e|[Gen 9] BSS Reg J,5c|[Gen 9] Custom Game,c|,1|S/V Doubles|[Gen 9] Random Doubles Battle,4f|[Gen 9] Doubles OU,e|[Gen 9] Doubles Ubers,e|[Gen 9] Doubles UU,e|[Gen 9] Doubles LC,c|[Gen 9] VGC 2023 Reg C,5c|[Gen 9] VGC 2023 Reg D,5c|[Gen 9] VGC 2024 Reg G,5c|[Gen 9] VGC 2026 Reg I,5e|[Gen 9] VGC 2026 Reg F,5e|[Gen 9] VGC 2026 Reg F (Bo3),1e|[Gen 9] Doubles Custom Game,c|,1|Unofficial Metagames|[Gen 9] 1v1,e|[Gen 9] 2v2 Doubles,e|[Gen 9] Anything Goes,e|[Gen 9] ZU,e|[Gen 9] Free-For-All,6|[Gen 9] LC UU,c|[Gen 9] NFE,c|[Gen 9] Ubers UU,c|,1|Draft|[Gen 9] Draft,8c|[Gen 9] 6v6 Doubles Draft,8c|[Gen 9] 4v4 Doubles Draft,dc|[Gen 9] NatDex Draft,8c|[Gen 9] NatDex 6v6 Doubles Draft,8c|[Gen 9] NatDex LC Draft,8c|[Gen 8] Draft,c|[Gen 8] NatDex Draft,c|[Gen 8] NatDex 4v4 Doubles Draft,1c|[Gen 7] Draft,c|[Gen 6] Draft,c|[Gen 5] Draft,c|[Gen 4] Draft,c|[Gen 3] Draft,c|,2|Ladder Spotlight|[Gen 9] BSS Factory (Bo3),1f|[Gen 9] Linked,e|[Gen 9] 350 Cup,e|[Gen 9] Pokebilities AAA,e|[Gen 9] 4v4 Doubles UU,5e|[Gen 9] National Dex RU,e|[Gen 6] Megas Revisited Random Battle,4f|[Gen 9] ChatBats,f|[Gen 4] Ubers,e|[Gen 6] NU,e|[Gen 4] VGC 2009,5e|,2|Other Metagames|[Gen 9] Almost Any Ability,e|[Gen 9] Balanced Hackmons,e|[Gen 9] Godly Gift,e|[Gen 9] Mix and Mega,e|[Gen 9] Shared Power,e|[Gen 9] STABmons,e|[Gen 6] Pure Hackmons,e|,2|Challengeable OMs|[Gen 9] 1-2 Switch,c|[Gen 9] Alphabet Cup,c|[Gen 9] Bad 'n Boosted,c|[Gen 9] Battlefields,c|[Gen 9] Bio Mech Mons,c|[Gen 9] Camomons,c|[Gen 9] Category Swap,c|[Gen 9] Convergence,c|[Gen 9] Cross Evolution,c|[Gen 9] Fervent Impersonation,c|[Gen 9] Flipped,c|[Gen 9] Foresighters,c|[Gen 9] Formemons,c|[Gen 9] Fortemons,c|[Gen 9] Frantic Fusions,c|[Gen 9] Full Potential,c|[Gen 9] Inheritance,c|[Gen 9] Inverse,c|[Gen 9] Nature Swap,c|[Gen 9] Partners in Crime,c|[Gen 9] Passive Aggressive,c|[Gen 9] Pokebilities,c|[Gen 9] Pokemoves,c|[Gen 9] Pure Hackmons,c|[Gen 9] Relay Race,c|[Gen 9] Revelationmons,c|[Gen 9] Sharing is Caring,c|[Gen 9] Tera Donation,c|[Gen 9] Tera Override,c|[Gen 9] The Card Game,c|[Gen 9] The Loser's Game,c|[Gen 9] Tier Shift,c|[Gen 9] Trademarked,c|[Gen 9] Triples,c|[Gen 9] Type Split,c|[Gen 9] VoltTurn Mayhem,c|[Gen 7] Pure Hackmons,c|,2|Temporary Tour Metas|[Gen 9] Mix and Mega LC,c|[Gen 8] Mix and Mega,c|[Gen 7] Mix and Mega,c|[Gen 6] Mix and Mega,c|,2|National Dex|[Gen 9] National Dex,e|[Gen 8] National Dex,e|,2|National Dex Other Tiers|[Gen 9] National Dex 35 Pokes,c|[Gen 9] National Dex Ubers,e|[Gen 9] National Dex UU,e|[Gen 9] National Dex Ubers UU,c|[Gen 9] National Dex LC,c|[Gen 9] National Dex Monotype,e|[Gen 9] National Dex Doubles,e|[Gen 9] National Dex Doubles Ubers,c|[Gen 9] National Dex 1v1,c|[Gen 9] National Dex AG,c|[Gen 9] National Dex AAA,c|[Gen 9] National Dex BH,c|[Gen 9] National Dex Godly Gift,c|[Gen 9] National Dex STABmons,c|[Gen 8] National Dex UU,c|[Gen 8] National Dex RU,c|[Gen 8] National Dex Doubles,e|[Gen 8] National Dex Monotype,c|[Gen 8 DLC 1] National Dex AG,c|,2|Pet Mods|[Gen 6] Megas Revisited,c|[Gen 9] Legends Z-A OU,e|,3|Randomized Metas|[Gen 9] Random Roulette,4f|[Gen 9] Super Staff Bros Ultimate,4f|[Gen 9] Monotype Random Battle,4f|[Gen 9] Random Battle (Shared Power, B12P6),4f|[Gen 9] Random Battle Mayhem,4f|[Gen 9] Battle Factory,4f|[Gen 9] 1v1 Factory,4f|[Gen 9] BSS Factory,5d|[Gen 9] Draft Factory,4d|[Gen 9] Baby Random Battle,4f|[Gen 9] Hackmons Cup,4f|[Gen 9] Doubles Hackmons Cup,4d|[Gen 9] Broken Cup,4f|[Gen 9] Challenge Cup 1v1,4f|[Gen 9] Challenge Cup 2v2,4f|[Gen 9] Challenge Cup 6v6,4d|[Gen 9] Metronome Battle,4e|[Gen 8] Random Battle,4f|[Gen 8] Random Doubles Battle,4d|[Gen 8] Free-For-All Random Battle,5|[Gen 8] Multi Random Battle,5|[Gen 8] Battle Factory,4d|[Gen 8] BSS Factory,5d|[Gen 8] Hackmons Cup,4d|[Gen 8] CAP 1v1,4d|[Gen 8 BDSP] Random Battle,4d|[Gen 7] Random Battle,4f|[Gen 7] Battle Factory,4d|[Gen 7] BSS Factory,5d|[Gen 7] Hackmons Cup,9|[Gen 7 Let's Go] Random Battle,4d|[Gen 6] Random Battle,4f|[Gen 6] Battle Factory,9|[Gen 5] Random Battle,4f|[Gen 4] Random Battle,4f|[Gen 3] Random Battle,4f|[Gen 2] Random Battle,4f|[Gen 1] Random Battle,4f|[Gen 1] Challenge Cup,9|[Gen 1] Hackmons Cup,9|,4|Past Gens OU|[Gen 8] OU,e|[Gen 7] OU,e|[Gen 6] OU,e|[Gen 5] OU,e|[Gen 4] OU,e|[Gen 3] OU,e|[Gen 2] OU,e|[Gen 1] OU,e|,4|Past Gens Doubles OU|[Gen 8] Doubles OU,e|[Gen 7] Doubles OU,e|[Gen 6] Doubles OU,e|[Gen 5] Doubles OU,c|[Gen 4] Doubles OU,c|[Gen 3] Doubles OU,c|,4|Sw/Sh Singles|[Gen 8] Ubers,c|[Gen 8] UU,c|[Gen 8] RU,c|[Gen 8] NU,c|[Gen 8] PU,c|[Gen 8] LC,c|[Gen 8] Monotype,c|[Gen 8] 1v1,c|[Gen 8] Anything Goes,c|[Gen 8] ZU,c|[Gen 8] CAP,c|[Gen 8] Battle Stadium Singles,5c|[Gen 8 BDSP] OU,c|[Gen 8 BDSP] Ubers,c|[Gen 8] Custom Game,c|,4|Sw/Sh Doubles|[Gen 8] Doubles Ubers,c|[Gen 8] Doubles UU,c|[Gen 8] VGC 2022,5c|[Gen 8] VGC 2021,5c|[Gen 8] VGC 2020,5c|[Gen 8 BDSP] Doubles OU,c|[Gen 8 BDSP] Battle Festival Doubles,1c|[Gen 8] Doubles Custom Game,c|,4|US/UM Singles|[Gen 7] Ubers,c|[Gen 7] UU,c|[Gen 7] RU,c|[Gen 7] NU,c|[Gen 7] PU,c|[Gen 7] LC,c|[Gen 7] Monotype,c|[Gen 7] 1v1,c|[Gen 7] Anything Goes,c|[Gen 7] ZU,c|[Gen 7] CAP,c|[Gen 7] Battle Spot Singles,5c|[Gen 7 Let's Go] OU,1c|[Gen 7] Custom Game,c|,4|US/UM Doubles|[Gen 7] Doubles UU,c|[Gen 7] VGC 2019,5c|[Gen 7] VGC 2018,5c|[Gen 7] VGC 2017,5c|[Gen 7] Battle Spot Doubles,5c|[Gen 7 Let's Go] Doubles OU,1c|[Gen 7] Doubles Custom Game,c|,4|OR/AS Singles|[Gen 6] Ubers,c|[Gen 6] UU,c|[Gen 6] RU,c|[Gen 6] PU,c|[Gen 6] LC,c|[Gen 6] Monotype,c|[Gen 6] 1v1,c|[Gen 6] Anything Goes,c|[Gen 6] ZU,c|[Gen 6] CAP,c|[Gen 6] Battle Spot Singles,5c|[Gen 6] Custom Game,c|,4|OR/AS Doubles/Triples|[Gen 6] VGC 2016,5c|[Gen 6] VGC 2015,5c|[Gen 6] VGC 2014,5c|[Gen 6] Battle Spot Doubles,5c|[Gen 6] Doubles Custom Game,c|[Gen 6] Battle Spot Triples,1c|[Gen 6] Triples Custom Game,c|,4|B2/W2 Singles|[Gen 5] Ubers,c|[Gen 5] UU,c|[Gen 5] RU,c|[Gen 5] NU,c|[Gen 5] PU,c|[Gen 5] Monotype,c|[Gen 5] LC,c|[Gen 5] 1v1,c|[Gen 5] CAP,c|[Gen 5] ZU,c|[Gen 5] BW1 OU,c|[Gen 5] GBU Singles,5c|[Gen 5] Custom Game,c|,4|B2/W2 Doubles|[Gen 5] VGC 2013,5c|[Gen 5] VGC 2012,5c|[Gen 5] VGC 2011,5c|[Gen 5] Doubles Custom Game,c|[Gen 5] Triples Custom Game,c|,4|DPP Singles|[Gen 4] UU,c|[Gen 4] NU,c|[Gen 4] LC,c|[Gen 4] Anything Goes,c|[Gen 4] 1v1,c|[Gen 4] CAP,c|[Gen 4] PU,c|[Gen 4] ZU,c|[Gen 4] Custom Game,c|,4|DPP Doubles|[Gen 4] VGC 2010,5c|[Gen 4] Doubles Custom Game,c|,4|Past Generations|[Gen 3] Ubers,c|[Gen 3] UU,c|[Gen 3] RU,c|[Gen 3] NU,c|[Gen 3] PU,c|[Gen 3] LC,c|[Gen 3] 1v1,c|[Gen 3] UUBL,c|[Gen 3] ZU,c|[Gen 3] ADV 200,c|[Gen 3] ADV 200 Doubles,c|[Gen 3] Orre Colosseum,4c|[Gen 3] Custom Game,c|[Gen 3] Doubles Custom Game,c|[Gen 2] Ubers,c|[Gen 2] UU,c|[Gen 2] NU,c|[Gen 2] PU,c|[Gen 2] 1v1,c|[Gen 2] ZU,c|[Gen 2] NC 2000,4c|[Gen 2] Stadium OU,c|[Gen 2] Custom Game,c|[Gen 1] Ubers,c|[Gen 1] UU,c|[Gen 1] NU,c|[Gen 1] PU,c|[Gen 1] ZU,c|[Gen 1] LC,c|[Gen 1] 1v1,c|[Gen 1] NC 1997,4c|[Gen 1] Japanese OU,c|[Gen 1] Stadium OU,c|[Gen 1] Tradebacks OU,c|[Gen 1] Custom Game,c
[2026-03-09 18:40:54,713][SimpleHeuristics 7][INFO] - [92m[1m<<<[0m |challstr|4|958f53ffdd5f858f072eda8bf1ba70f77153eeaac1fa5cdcd4ba3286fa810cd2a5b3b9a88655ed8599633b9ffaf612cc7182ce4a4dded401e24f9ac85d51a757f7c480cae93312275d992602fbc7fa0042d884bcbcddc7ba0a81f11fd5b21dc9cb2c63e4a7227e5f293cf494af3ed53a4d10aec5d7a57134e8b83b05a055d75a
[2026-03-09 18:40:54,713][SimpleHeuristics 7][INFO] - Bypassing authentication request
[2026-03-09 18:40:54,714][SimpleHeuristics 7][INFO] - [93m[1m>>>[0m |/trn SimpleHeuristics 7,0,
[2026-03-09 18:40:54,714][SimpleHeuristics 7][INFO] - [92m[1m<<<[0m |updatesearch|{"searching":[],"games":null}
[2026-03-09 18:40:54,714][SimpleHeuristics 7][INFO] - [92m[1m<<<[0m |updateuser| SimpleHeuristics 7|1|170|{"blockChallenges":false,"blockPMs":false,"ignoreTickets":false,"hideBattlesFromTrainerCard":false,"blockInvites":false,"doNotDisturb":false,"blockFriendRequests":false,"allowFriendNotifications":false,"displayBattlesToFriends":false,"hideLogins":false,"hiddenNextBattle":false,"inviteOnlyNextBattle":false,"language":null}
[2026-03-09 18:43:36,691][MaxBasePowerPlay 2][INFO] - Starting listening to showdown websocket
[2026-03-09 18:43:36,706][MaxBasePowerPlay 2][INFO] - [92m[1m<<<[0m |updateuser| Guest 19|0|2|{"blockChallenges":false,"blockPMs":false,"ignoreTickets":false,"hideBattlesFromTrainerCard":false,"blockInvites":false,"doNotDisturb":false,"blockFriendRequests":false,"allowFriendNotifications":false,"displayBattlesToFriends":false,"hideLogins":false,"hiddenNextBattle":false,"inviteOnlyNextBattle":false,"language":null}
|customgroups|[{"symbol":"~","name":"Administrator","type":"leadership"},{"symbol":"#","name":"Room Owner","type":"leadership"},{"symbol":"★","name":"Host","type":"leadership"},{"symbol":"@","name":"Moderator","type":"staff"},{"symbol":"%","name":"Driver","type":"staff"},{"symbol":"*","name":"Bot","type":"normal"},{"symbol":"☆","name":"Player","type":"normal"},{"symbol":"+","name":"Voice","type":"normal"},{"symbol":"^","name":"Prize Winner","type":"normal"},{"symbol":"whitelist","name":"Whitelist","type":"normal"},{"symbol":" ","name":null,"type":"normal"},{"symbol":"‽","name":"Locked","type":"punishment"},{"symbol":"!","name":"Muted","type":"punishment"}]
|formats|,LL|,1|S/V Singles|[Gen 9] Random Battle,4f|[Gen 9] Unrated Random Battle,b|[Gen 9] Free-For-All Random Battle,7|[Gen 9] Random Battle (Blitz),4f|[Gen 9] Multi Random Battle,5|[Gen 9] OU,e|[Gen 9] Ubers,e|[Gen 9] UU,e|[Gen 9] RU,e|[Gen 9] NU,e|[Gen 9] PU,e|[Gen 9] LC,e|[Gen 9] Monotype,e|[Gen 9] CAP,e|[Gen 9] BSS Reg I,5e|[Gen 9] BSS Reg J,5c|[Gen 9] Custom Game,c|,1|S/V Doubles|[Gen 9] Random Doubles Battle,4f|[Gen 9] Doubles OU,e|[Gen 9] Doubles Ubers,e|[Gen 9] Doubles UU,e|[Gen 9] Doubles LC,c|[Gen 9] VGC 2023 Reg C,5c|[Gen 9] VGC 2023 Reg D,5c|[Gen 9] VGC 2024 Reg G,5c|[Gen 9] VGC 2026 Reg I,5e|[Gen 9] VGC 2026 Reg F,5e|[Gen 9] VGC 2026 Reg F (Bo3),1e|[Gen 9] Doubles Custom Game,c|,1|Unofficial Metagames|[Gen 9] 1v1,e|[Gen 9] 2v2 Doubles,e|[Gen 9] Anything Goes,e|[Gen 9] ZU,e|[Gen 9] Free-For-All,6|[Gen 9] LC UU,c|[Gen 9] NFE,c|[Gen 9] Ubers UU,c|,1|Draft|[Gen 9] Draft,8c|[Gen 9] 6v6 Doubles Draft,8c|[Gen 9] 4v4 Doubles Draft,dc|[Gen 9] NatDex Draft,8c|[Gen 9] NatDex 6v6 Doubles Draft,8c|[Gen 9] NatDex LC Draft,8c|[Gen 8] Draft,c|[Gen 8] NatDex Draft,c|[Gen 8] NatDex 4v4 Doubles Draft,1c|[Gen 7] Draft,c|[Gen 6] Draft,c|[Gen 5] Draft,c|[Gen 4] Draft,c|[Gen 3] Draft,c|,2|Ladder Spotlight|[Gen 9] BSS Factory (Bo3),1f|[Gen 9] Linked,e|[Gen 9] 350 Cup,e|[Gen 9] Pokebilities AAA,e|[Gen 9] 4v4 Doubles UU,5e|[Gen 9] National Dex RU,e|[Gen 6] Megas Revisited Random Battle,4f|[Gen 9] ChatBats,f|[Gen 4] Ubers,e|[Gen 6] NU,e|[Gen 4] VGC 2009,5e|,2|Other Metagames|[Gen 9] Almost Any Ability,e|[Gen 9] Balanced Hackmons,e|[Gen 9] Godly Gift,e|[Gen 9] Mix and Mega,e|[Gen 9] Shared Power,e|[Gen 9] STABmons,e|[Gen 6] Pure Hackmons,e|,2|Challengeable OMs|[Gen 9] 1-2 Switch,c|[Gen 9] Alphabet Cup,c|[Gen 9] Bad 'n Boosted,c|[Gen 9] Battlefields,c|[Gen 9] Bio Mech Mons,c|[Gen 9] Camomons,c|[Gen 9] Category Swap,c|[Gen 9] Convergence,c|[Gen 9] Cross Evolution,c|[Gen 9] Fervent Impersonation,c|[Gen 9] Flipped,c|[Gen 9] Foresighters,c|[Gen 9] Formemons,c|[Gen 9] Fortemons,c|[Gen 9] Frantic Fusions,c|[Gen 9] Full Potential,c|[Gen 9] Inheritance,c|[Gen 9] Inverse,c|[Gen 9] Nature Swap,c|[Gen 9] Partners in Crime,c|[Gen 9] Passive Aggressive,c|[Gen 9] Pokebilities,c|[Gen 9] Pokemoves,c|[Gen 9] Pure Hackmons,c|[Gen 9] Relay Race,c|[Gen 9] Revelationmons,c|[Gen 9] Sharing is Caring,c|[Gen 9] Tera Donation,c|[Gen 9] Tera Override,c|[Gen 9] The Card Game,c|[Gen 9] The Loser's Game,c|[Gen 9] Tier Shift,c|[Gen 9] Trademarked,c|[Gen 9] Triples,c|[Gen 9] Type Split,c|[Gen 9] VoltTurn Mayhem,c|[Gen 7] Pure Hackmons,c|,2|Temporary Tour Metas|[Gen 9] Mix and Mega LC,c|[Gen 8] Mix and Mega,c|[Gen 7] Mix and Mega,c|[Gen 6] Mix and Mega,c|,2|National Dex|[Gen 9] National Dex,e|[Gen 8] National Dex,e|,2|National Dex Other Tiers|[Gen 9] National Dex 35 Pokes,c|[Gen 9] National Dex Ubers,e|[Gen 9] National Dex UU,e|[Gen 9] National Dex Ubers UU,c|[Gen 9] National Dex LC,c|[Gen 9] National Dex Monotype,e|[Gen 9] National Dex Doubles,e|[Gen 9] National Dex Doubles Ubers,c|[Gen 9] National Dex 1v1,c|[Gen 9] National Dex AG,c|[Gen 9] National Dex AAA,c|[Gen 9] National Dex BH,c|[Gen 9] National Dex Godly Gift,c|[Gen 9] National Dex STABmons,c|[Gen 8] National Dex UU,c|[Gen 8] National Dex RU,c|[Gen 8] National Dex Doubles,e|[Gen 8] National Dex Monotype,c|[Gen 8 DLC 1] National Dex AG,c|,2|Pet Mods|[Gen 6] Megas Revisited,c|[Gen 9] Legends Z-A OU,e|,3|Randomized Metas|[Gen 9] Random Roulette,4f|[Gen 9] Super Staff Bros Ultimate,4f|[Gen 9] Monotype Random Battle,4f|[Gen 9] Random Battle (Shared Power, B12P6),4f|[Gen 9] Random Battle Mayhem,4f|[Gen 9] Battle Factory,4f|[Gen 9] 1v1 Factory,4f|[Gen 9] BSS Factory,5d|[Gen 9] Draft Factory,4d|[Gen 9] Baby Random Battle,4f|[Gen 9] Hackmons Cup,4f|[Gen 9] Doubles Hackmons Cup,4d|[Gen 9] Broken Cup,4f|[Gen 9] Challenge Cup 1v1,4f|[Gen 9] Challenge Cup 2v2,4f|[Gen 9] Challenge Cup 6v6,4d|[Gen 9] Metronome Battle,4e|[Gen 8] Random Battle,4f|[Gen 8] Random Doubles Battle,4d|[Gen 8] Free-For-All Random Battle,5|[Gen 8] Multi Random Battle,5|[Gen 8] Battle Factory,4d|[Gen 8] BSS Factory,5d|[Gen 8] Hackmons Cup,4d|[Gen 8] CAP 1v1,4d|[Gen 8 BDSP] Random Battle,4d|[Gen 7] Random Battle,4f|[Gen 7] Battle Factory,4d|[Gen 7] BSS Factory,5d|[Gen 7] Hackmons Cup,9|[Gen 7 Let's Go] Random Battle,4d|[Gen 6] Random Battle,4f|[Gen 6] Battle Factory,9|[Gen 5] Random Battle,4f|[Gen 4] Random Battle,4f|[Gen 3] Random Battle,4f|[Gen 2] Random Battle,4f|[Gen 1] Random Battle,4f|[Gen 1] Challenge Cup,9|[Gen 1] Hackmons Cup,9|,4|Past Gens OU|[Gen 8] OU,e|[Gen 7] OU,e|[Gen 6] OU,e|[Gen 5] OU,e|[Gen 4] OU,e|[Gen 3] OU,e|[Gen 2] OU,e|[Gen 1] OU,e|,4|Past Gens Doubles OU|[Gen 8] Doubles OU,e|[Gen 7] Doubles OU,e|[Gen 6] Doubles OU,e|[Gen 5] Doubles OU,c|[Gen 4] Doubles OU,c|[Gen 3] Doubles OU,c|,4|Sw/Sh Singles|[Gen 8] Ubers,c|[Gen 8] UU,c|[Gen 8] RU,c|[Gen 8] NU,c|[Gen 8] PU,c|[Gen 8] LC,c|[Gen 8] Monotype,c|[Gen 8] 1v1,c|[Gen 8] Anything Goes,c|[Gen 8] ZU,c|[Gen 8] CAP,c|[Gen 8] Battle Stadium Singles,5c|[Gen 8 BDSP] OU,c|[Gen 8 BDSP] Ubers,c|[Gen 8] Custom Game,c|,4|Sw/Sh Doubles|[Gen 8] Doubles Ubers,c|[Gen 8] Doubles UU,c|[Gen 8] VGC 2022,5c|[Gen 8] VGC 2021,5c|[Gen 8] VGC 2020,5c|[Gen 8 BDSP] Doubles OU,c|[Gen 8 BDSP] Battle Festival Doubles,1c|[Gen 8] Doubles Custom Game,c|,4|US/UM Singles|[Gen 7] Ubers,c|[Gen 7] UU,c|[Gen 7] RU,c|[Gen 7] NU,c|[Gen 7] PU,c|[Gen 7] LC,c|[Gen 7] Monotype,c|[Gen 7] 1v1,c|[Gen 7] Anything Goes,c|[Gen 7] ZU,c|[Gen 7] CAP,c|[Gen 7] Battle Spot Singles,5c|[Gen 7 Let's Go] OU,1c|[Gen 7] Custom Game,c|,4|US/UM Doubles|[Gen 7] Doubles UU,c|[Gen 7] VGC 2019,5c|[Gen 7] VGC 2018,5c|[Gen 7] VGC 2017,5c|[Gen 7] Battle Spot Doubles,5c|[Gen 7 Let's Go] Doubles OU,1c|[Gen 7] Doubles Custom Game,c|,4|OR/AS Singles|[Gen 6] Ubers,c|[Gen 6] UU,c|[Gen 6] RU,c|[Gen 6] PU,c|[Gen 6] LC,c|[Gen 6] Monotype,c|[Gen 6] 1v1,c|[Gen 6] Anything Goes,c|[Gen 6] ZU,c|[Gen 6] CAP,c|[Gen 6] Battle Spot Singles,5c|[Gen 6] Custom Game,c|,4|OR/AS Doubles/Triples|[Gen 6] VGC 2016,5c|[Gen 6] VGC 2015,5c|[Gen 6] VGC 2014,5c|[Gen 6] Battle Spot Doubles,5c|[Gen 6] Doubles Custom Game,c|[Gen 6] Battle Spot Triples,1c|[Gen 6] Triples Custom Game,c|,4|B2/W2 Singles|[Gen 5] Ubers,c|[Gen 5] UU,c|[Gen 5] RU,c|[Gen 5] NU,c|[Gen 5] PU,c|[Gen 5] Monotype,c|[Gen 5] LC,c|[Gen 5] 1v1,c|[Gen 5] CAP,c|[Gen 5] ZU,c|[Gen 5] BW1 OU,c|[Gen 5] GBU Singles,5c|[Gen 5] Custom Game,c|,4|B2/W2 Doubles|[Gen 5] VGC 2013,5c|[Gen 5] VGC 2012,5c|[Gen 5] VGC 2011,5c|[Gen 5] Doubles Custom Game,c|[Gen 5] Triples Custom Game,c|,4|DPP Singles|[Gen 4] UU,c|[Gen 4] NU,c|[Gen 4] LC,c|[Gen 4] Anything Goes,c|[Gen 4] 1v1,c|[Gen 4] CAP,c|[Gen 4] PU,c|[Gen 4] ZU,c|[Gen 4] Custom Game,c|,4|DPP Doubles|[Gen 4] VGC 2010,5c|[Gen 4] Doubles Custom Game,c|,4|Past Generations|[Gen 3] Ubers,c|[Gen 3] UU,c|[Gen 3] RU,c|[Gen 3] NU,c|[Gen 3] PU,c|[Gen 3] LC,c|[Gen 3] 1v1,c|[Gen 3] UUBL,c|[Gen 3] ZU,c|[Gen 3] ADV 200,c|[Gen 3] ADV 200 Doubles,c|[Gen 3] Orre Colosseum,4c|[Gen 3] Custom Game,c|[Gen 3] Doubles Custom Game,c|[Gen 2] Ubers,c|[Gen 2] UU,c|[Gen 2] NU,c|[Gen 2] PU,c|[Gen 2] 1v1,c|[Gen 2] ZU,c|[Gen 2] NC 2000,4c|[Gen 2] Stadium OU,c|[Gen 2] Custom Game,c|[Gen 1] Ubers,c|[Gen 1] UU,c|[Gen 1] NU,c|[Gen 1] PU,c|[Gen 1] ZU,c|[Gen 1] LC,c|[Gen 1] 1v1,c|[Gen 1] NC 1997,4c|[Gen 1] Japanese OU,c|[Gen 1] Stadium OU,c|[Gen 1] Tradebacks OU,c|[Gen 1] Custom Game,c
[2026-03-09 18:43:36,707][MaxBasePowerPlay 2][INFO] - [92m[1m<<<[0m |challstr|4|9adb98eb4fca1ab23e89c77180e566231d3383d7cefad92b9fd351880b923753e6a738c5982284ae543222862fe84dce83fbac06269283a1a5bb0fa729ef3d63ca844cd8ee07bab89cf607ec8effcf40ecffbd50c653f92dd8d7a5b6b4ad6c066d85c18bc1a295158ba524ff99d59e25fd9a4e7f64d76e98e308041684b47ab8
[2026-03-09 18:43:36,707][MaxBasePowerPlay 2][INFO] - Bypassing authentication request
[2026-03-09 18:43:36,707][MaxBasePowerPlay 2][INFO] - [93m[1m>>>[0m |/trn MaxBasePowerPlay 2,0,
[2026-03-09 18:43:36,707][MaxBasePowerPlay 2][INFO] - [92m[1m<<<[0m |updatesearch|{"searching":[],"games":null}
[2026-03-09 18:43:36,707][MaxBasePowerPlay 2][INFO] - [92m[1m<<<[0m |updateuser| MaxBasePowerPlay 2|1|2|{"blockChallenges":false,"blockPMs":false,"ignoreTickets":false,"hideBattlesFromTrainerCard":false,"blockInvites":false,"doNotDisturb":false,"blockFriendRequests":false,"allowFriendNotifications":false,"displayBattlesToFriends":false,"hideLogins":false,"hiddenNextBattle":false,"inviteOnlyNextBattle":false,"language":null}
[2026-03-09 19:13:35,014][SimpleHeuristics 1][INFO] - Starting listening to showdown websocket
[2026-03-09 19:13:35,019][SimpleHeuristics 2][INFO] - Starting listening to showdown websocket
[2026-03-09 19:13:35,024][SimpleHeuristics 1][INFO] - [92m[1m<<<[0m |updateuser| Guest 22|0|101|{"blockChallenges":false,"blockPMs":false,"ignoreTickets":false,"hideBattlesFromTrainerCard":false,"blockInvites":false,"doNotDisturb":false,"blockFriendRequests":false,"allowFriendNotifications":false,"displayBattlesToFriends":false,"hideLogins":false,"hiddenNextBattle":false,"inviteOnlyNextBattle":false,"language":null}
|customgroups|[{"symbol":"~","name":"Administrator","type":"leadership"},{"symbol":"#","name":"Room Owner","type":"leadership"},{"symbol":"★","name":"Host","type":"leadership"},{"symbol":"@","name":"Moderator","type":"staff"},{"symbol":"%","name":"Driver","type":"staff"},{"symbol":"*","name":"Bot","type":"normal"},{"symbol":"☆","name":"Player","type":"normal"},{"symbol":"+","name":"Voice","type":"normal"},{"symbol":"^","name":"Prize Winner","type":"normal"},{"symbol":"whitelist","name":"Whitelist","type":"normal"},{"symbol":" ","name":null,"type":"normal"},{"symbol":"‽","name":"Locked","type":"punishment"},{"symbol":"!","name":"Muted","type":"punishment"}]
|formats|,LL|,1|S/V Singles|[Gen 9] Random Battle,4f|[Gen 9] Unrated Random Battle,b|[Gen 9] Free-For-All Random Battle,7|[Gen 9] Random Battle (Blitz),4f|[Gen 9] Multi Random Battle,5|[Gen 9] OU,e|[Gen 9] Ubers,e|[Gen 9] UU,e|[Gen 9] RU,e|[Gen 9] NU,e|[Gen 9] PU,e|[Gen 9] LC,e|[Gen 9] Monotype,e|[Gen 9] CAP,e|[Gen 9] BSS Reg I,5e|[Gen 9] BSS Reg J,5c|[Gen 9] Custom Game,c|,1|S/V Doubles|[Gen 9] Random Doubles Battle,4f|[Gen 9] Doubles OU,e|[Gen 9] Doubles Ubers,e|[Gen 9] Doubles UU,e|[Gen 9] Doubles LC,c|[Gen 9] VGC 2023 Reg C,5c|[Gen 9] VGC 2023 Reg D,5c|[Gen 9] VGC 2024 Reg G,5c|[Gen 9] VGC 2026 Reg I,5e|[Gen 9] VGC 2026 Reg F,5e|[Gen 9] VGC 2026 Reg F (Bo3),1e|[Gen 9] Doubles Custom Game,c|,1|Unofficial Metagames|[Gen 9] 1v1,e|[Gen 9] 2v2 Doubles,e|[Gen 9] Anything Goes,e|[Gen 9] ZU,e|[Gen 9] Free-For-All,6|[Gen 9] LC UU,c|[Gen 9] NFE,c|[Gen 9] Ubers UU,c|,1|Draft|[Gen 9] Draft,8c|[Gen 9] 6v6 Doubles Draft,8c|[Gen 9] 4v4 Doubles Draft,dc|[Gen 9] NatDex Draft,8c|[Gen 9] NatDex 6v6 Doubles Draft,8c|[Gen 9] NatDex LC Draft,8c|[Gen 8] Draft,c|[Gen 8] NatDex Draft,c|[Gen 8] NatDex 4v4 Doubles Draft,1c|[Gen 7] Draft,c|[Gen 6] Draft,c|[Gen 5] Draft,c|[Gen 4] Draft,c|[Gen 3] Draft,c|,2|Ladder Spotlight|[Gen 9] BSS Factory (Bo3),1f|[Gen 9] Linked,e|[Gen 9] 350 Cup,e|[Gen 9] Pokebilities AAA,e|[Gen 9] 4v4 Doubles UU,5e|[Gen 9] National Dex RU,e|[Gen 6] Megas Revisited Random Battle,4f|[Gen 9] ChatBats,f|[Gen 4] Ubers,e|[Gen 6] NU,e|[Gen 4] VGC 2009,5e|,2|Other Metagames|[Gen 9] Almost Any Ability,e|[Gen 9] Balanced Hackmons,e|[Gen 9] Godly Gift,e|[Gen 9] Mix and Mega,e|[Gen 9] Shared Power,e|[Gen 9] STABmons,e|[Gen 6] Pure Hackmons,e|,2|Challengeable OMs|[Gen 9] 1-2 Switch,c|[Gen 9] Alphabet Cup,c|[Gen 9] Bad 'n Boosted,c|[Gen 9] Battlefields,c|[Gen 9] Bio Mech Mons,c|[Gen 9] Camomons,c|[Gen 9] Category Swap,c|[Gen 9] Convergence,c|[Gen 9] Cross Evolution,c|[Gen 9] Fervent Impersonation,c|[Gen 9] Flipped,c|[Gen 9] Foresighters,c|[Gen 9] Formemons,c|[Gen 9] Fortemons,c|[Gen 9] Frantic Fusions,c|[Gen 9] Full Potential,c|[Gen 9] Inheritance,c|[Gen 9] Inverse,c|[Gen 9] Nature Swap,c|[Gen 9] Partners in Crime,c|[Gen 9] Passive Aggressive,c|[Gen 9] Pokebilities,c|[Gen 9] Pokemoves,c|[Gen 9] Pure Hackmons,c|[Gen 9] Relay Race,c|[Gen 9] Revelationmons,c|[Gen 9] Sharing is Caring,c|[Gen 9] Tera Donation,c|[Gen 9] Tera Override,c|[Gen 9] The Card Game,c|[Gen 9] The Loser's Game,c|[Gen 9] Tier Shift,c|[Gen 9] Trademarked,c|[Gen 9] Triples,c|[Gen 9] Type Split,c|[Gen 9] VoltTurn Mayhem,c|[Gen 7] Pure Hackmons,c|,2|Temporary Tour Metas|[Gen 9] Mix and Mega LC,c|[Gen 8] Mix and Mega,c|[Gen 7] Mix and Mega,c|[Gen 6] Mix and Mega,c|,2|National Dex|[Gen 9] National Dex,e|[Gen 8] National Dex,e|,2|National Dex Other Tiers|[Gen 9] National Dex 35 Pokes,c|[Gen 9] National Dex Ubers,e|[Gen 9] National Dex UU,e|[Gen 9] National Dex Ubers UU,c|[Gen 9] National Dex LC,c|[Gen 9] National Dex Monotype,e|[Gen 9] National Dex Doubles,e|[Gen 9] National Dex Doubles Ubers,c|[Gen 9] National Dex 1v1,c|[Gen 9] National Dex AG,c|[Gen 9] National Dex AAA,c|[Gen 9] National Dex BH,c|[Gen 9] National Dex Godly Gift,c|[Gen 9] National Dex STABmons,c|[Gen 8] National Dex UU,c|[Gen 8] National Dex RU,c|[Gen 8] National Dex Doubles,e|[Gen 8] National Dex Monotype,c|[Gen 8 DLC 1] National Dex AG,c|,2|Pet Mods|[Gen 6] Megas Revisited,c|[Gen 9] Legends Z-A OU,e|,3|Randomized Metas|[Gen 9] Random Roulette,4f|[Gen 9] Super Staff Bros Ultimate,4f|[Gen 9] Monotype Random Battle,4f|[Gen 9] Random Battle (Shared Power, B12P6),4f|[Gen 9] Random Battle Mayhem,4f|[Gen 9] Battle Factory,4f|[Gen 9] 1v1 Factory,4f|[Gen 9] BSS Factory,5d|[Gen 9] Draft Factory,4d|[Gen 9] Baby Random Battle,4f|[Gen 9] Hackmons Cup,4f|[Gen 9] Doubles Hackmons Cup,4d|[Gen 9] Broken Cup,4f|[Gen 9] Challenge Cup 1v1,4f|[Gen 9] Challenge Cup 2v2,4f|[Gen 9] Challenge Cup 6v6,4d|[Gen 9] Metronome Battle,4e|[Gen 8] Random Battle,4f|[Gen 8] Random Doubles Battle,4d|[Gen 8] Free-For-All Random Battle,5|[Gen 8] Multi Random Battle,5|[Gen 8] Battle Factory,4d|[Gen 8] BSS Factory,5d|[Gen 8] Hackmons Cup,4d|[Gen 8] CAP 1v1,4d|[Gen 8 BDSP] Random Battle,4d|[Gen 7] Random Battle,4f|[Gen 7] Battle Factory,4d|[Gen 7] BSS Factory,5d|[Gen 7] Hackmons Cup,9|[Gen 7 Let's Go] Random Battle,4d|[Gen 6] Random Battle,4f|[Gen 6] Battle Factory,9|[Gen 5] Random Battle,4f|[Gen 4] Random Battle,4f|[Gen 3] Random Battle,4f|[Gen 2] Random Battle,4f|[Gen 1] Random Battle,4f|[Gen 1] Challenge Cup,9|[Gen 1] Hackmons Cup,9|,4|Past Gens OU|[Gen 8] OU,e|[Gen 7] OU,e|[Gen 6] OU,e|[Gen 5] OU,e|[Gen 4] OU,e|[Gen 3] OU,e|[Gen 2] OU,e|[Gen 1] OU,e|,4|Past Gens Doubles OU|[Gen 8] Doubles OU,e|[Gen 7] Doubles OU,e|[Gen 6] Doubles OU,e|[Gen 5] Doubles OU,c|[Gen 4] Doubles OU,c|[Gen 3] Doubles OU,c|,4|Sw/Sh Singles|[Gen 8] Ubers,c|[Gen 8] UU,c|[Gen 8] RU,c|[Gen 8] NU,c|[Gen 8] PU,c|[Gen 8] LC,c|[Gen 8] Monotype,c|[Gen 8] 1v1,c|[Gen 8] Anything Goes,c|[Gen 8] ZU,c|[Gen 8] CAP,c|[Gen 8] Battle Stadium Singles,5c|[Gen 8 BDSP] OU,c|[Gen 8 BDSP] Ubers,c|[Gen 8] Custom Game,c|,4|Sw/Sh Doubles|[Gen 8] Doubles Ubers,c|[Gen 8] Doubles UU,c|[Gen 8] VGC 2022,5c|[Gen 8] VGC 2021,5c|[Gen 8] VGC 2020,5c|[Gen 8 BDSP] Doubles OU,c|[Gen 8 BDSP] Battle Festival Doubles,1c|[Gen 8] Doubles Custom Game,c|,4|US/UM Singles|[Gen 7] Ubers,c|[Gen 7] UU,c|[Gen 7] RU,c|[Gen 7] NU,c|[Gen 7] PU,c|[Gen 7] LC,c|[Gen 7] Monotype,c|[Gen 7] 1v1,c|[Gen 7] Anything Goes,c|[Gen 7] ZU,c|[Gen 7] CAP,c|[Gen 7] Battle Spot Singles,5c|[Gen 7 Let's Go] OU,1c|[Gen 7] Custom Game,c|,4|US/UM Doubles|[Gen 7] Doubles UU,c|[Gen 7] VGC 2019,5c|[Gen 7] VGC 2018,5c|[Gen 7] VGC 2017,5c|[Gen 7] Battle Spot Doubles,5c|[Gen 7 Let's Go] Doubles OU,1c|[Gen 7] Doubles Custom Game,c|,4|OR/AS Singles|[Gen 6] Ubers,c|[Gen 6] UU,c|[Gen 6] RU,c|[Gen 6] PU,c|[Gen 6] LC,c|[Gen 6] Monotype,c|[Gen 6] 1v1,c|[Gen 6] Anything Goes,c|[Gen 6] ZU,c|[Gen 6] CAP,c|[Gen 6] Battle Spot Singles,5c|[Gen 6] Custom Game,c|,4|OR/AS Doubles/Triples|[Gen 6] VGC 2016,5c|[Gen 6] VGC 2015,5c|[Gen 6] VGC 2014,5c|[Gen 6] Battle Spot Doubles,5c|[Gen 6] Doubles Custom Game,c|[Gen 6] Battle Spot Triples,1c|[Gen 6] Triples Custom Game,c|,4|B2/W2 Singles|[Gen 5] Ubers,c|[Gen 5] UU,c|[Gen 5] RU,c|[Gen 5] NU,c|[Gen 5] PU,c|[Gen 5] Monotype,c|[Gen 5] LC,c|[Gen 5] 1v1,c|[Gen 5] CAP,c|[Gen 5] ZU,c|[Gen 5] BW1 OU,c|[Gen 5] GBU Singles,5c|[Gen 5] Custom Game,c|,4|B2/W2 Doubles|[Gen 5] VGC 2013,5c|[Gen 5] VGC 2012,5c|[Gen 5] VGC 2011,5c|[Gen 5] Doubles Custom Game,c|[Gen 5] Triples Custom Game,c|,4|DPP Singles|[Gen 4] UU,c|[Gen 4] NU,c|[Gen 4] LC,c|[Gen 4] Anything Goes,c|[Gen 4] 1v1,c|[Gen 4] CAP,c|[Gen 4] PU,c|[Gen 4] ZU,c|[Gen 4] Custom Game,c|,4|DPP Doubles|[Gen 4] VGC 2010,5c|[Gen 4] Doubles Custom Game,c|,4|Past Generations|[Gen 3] Ubers,c|[Gen 3] UU,c|[Gen 3] RU,c|[Gen 3] NU,c|[Gen 3] PU,c|[Gen 3] LC,c|[Gen 3] 1v1,c|[Gen 3] UUBL,c|[Gen 3] ZU,c|[Gen 3] ADV 200,c|[Gen 3] ADV 200 Doubles,c|[Gen 3] Orre Colosseum,4c|[Gen 3] Custom Game,c|[Gen 3] Doubles Custom Game,c|[Gen 2] Ubers,c|[Gen 2] UU,c|[Gen 2] NU,c|[Gen 2] PU,c|[Gen 2] 1v1,c|[Gen 2] ZU,c|[Gen 2] NC 2000,4c|[Gen 2] Stadium OU,c|[Gen 2] Custom Game,c|[Gen 1] Ubers,c|[Gen 1] UU,c|[Gen 1] NU,c|[Gen 1] PU,c|[Gen 1] ZU,c|[Gen 1] LC,c|[Gen 1] 1v1,c|[Gen 1] NC 1997,4c|[Gen 1] Japanese OU,c|[Gen 1] Stadium OU,c|[Gen 1] Tradebacks OU,c|[Gen 1] Custom Game,c
[2026-03-09 19:13:35,024][SimpleHeuristics 1][INFO] - [92m[1m<<<[0m |challstr|4|d5f4e10d708015fab2382307d98b01367e2e1dfb56381f18b2170f1fa9eb8d6f61b452965eaa7148554a7f8a170b77b4e370701134c5389534c21f80e3ea59084706040636c9d34feb4c2f57a44cf06113a440eb2b6972ed0e3ba78b026d489e799876ab7653d7cc286c8912be114ea4c6e843b5f85b8153c97ea3df1edfc9a7
[2026-03-09 19:13:35,025][SimpleHeuristics 1][INFO] - Bypassing authentication request
[2026-03-09 19:13:35,025][SimpleHeuristics 1][INFO] - [93m[1m>>>[0m |/trn SimpleHeuristics 1,0,
[2026-03-09 19:13:35,049][SimpleHeuristics 2][INFO] - [92m[1m<<<[0m |updateuser| Guest 25|0|170|{"blockChallenges":false,"blockPMs":false,"ignoreTickets":false,"hideBattlesFromTrainerCard":false,"blockInvites":false,"doNotDisturb":false,"blockFriendRequests":false,"allowFriendNotifications":false,"displayBattlesToFriends":false,"hideLogins":false,"hiddenNextBattle":false,"inviteOnlyNextBattle":false,"language":null}
|customgroups|[{"symbol":"~","name":"Administrator","type":"leadership"},{"symbol":"#","name":"Room Owner","type":"leadership"},{"symbol":"★","name":"Host","type":"leadership"},{"symbol":"@","name":"Moderator","type":"staff"},{"symbol":"%","name":"Driver","type":"staff"},{"symbol":"*","name":"Bot","type":"normal"},{"symbol":"☆","name":"Player","type":"normal"},{"symbol":"+","name":"Voice","type":"normal"},{"symbol":"^","name":"Prize Winner","type":"normal"},{"symbol":"whitelist","name":"Whitelist","type":"normal"},{"symbol":" ","name":null,"type":"normal"},{"symbol":"‽","name":"Locked","type":"punishment"},{"symbol":"!","name":"Muted","type":"punishment"}]
|formats|,LL|,1|S/V Singles|[Gen 9] Random Battle,4f|[Gen 9] Unrated Random Battle,b|[Gen 9] Free-For-All Random Battle,7|[Gen 9] Random Battle (Blitz),4f|[Gen 9] Multi Random Battle,5|[Gen 9] OU,e|[Gen 9] Ubers,e|[Gen 9] UU,e|[Gen 9] RU,e|[Gen 9] NU,e|[Gen 9] PU,e|[Gen 9] LC,e|[Gen 9] Monotype,e|[Gen 9] CAP,e|[Gen 9] BSS Reg I,5e|[Gen 9] BSS Reg J,5c|[Gen 9] Custom Game,c|,1|S/V Doubles|[Gen 9] Random Doubles Battle,4f|[Gen 9] Doubles OU,e|[Gen 9] Doubles Ubers,e|[Gen 9] Doubles UU,e|[Gen 9] Doubles LC,c|[Gen 9] VGC 2023 Reg C,5c|[Gen 9] VGC 2023 Reg D,5c|[Gen 9] VGC 2024 Reg G,5c|[Gen 9] VGC 2026 Reg I,5e|[Gen 9] VGC 2026 Reg F,5e|[Gen 9] VGC 2026 Reg F (Bo3),1e|[Gen 9] Doubles Custom Game,c|,1|Unofficial Metagames|[Gen 9] 1v1,e|[Gen 9] 2v2 Doubles,e|[Gen 9] Anything Goes,e|[Gen 9] ZU,e|[Gen 9] Free-For-All,6|[Gen 9] LC UU,c|[Gen 9] NFE,c|[Gen 9] Ubers UU,c|,1|Draft|[Gen 9] Draft,8c|[Gen 9] 6v6 Doubles Draft,8c|[Gen 9] 4v4 Doubles Draft,dc|[Gen 9] NatDex Draft,8c|[Gen 9] NatDex 6v6 Doubles Draft,8c|[Gen 9] NatDex LC Draft,8c|[Gen 8] Draft,c|[Gen 8] NatDex Draft,c|[Gen 8] NatDex 4v4 Doubles Draft,1c|[Gen 7] Draft,c|[Gen 6] Draft,c|[Gen 5] Draft,c|[Gen 4] Draft,c|[Gen 3] Draft,c|,2|Ladder Spotlight|[Gen 9] BSS Factory (Bo3),1f|[Gen 9] Linked,e|[Gen 9] 350 Cup,e|[Gen 9] Pokebilities AAA,e|[Gen 9] 4v4 Doubles UU,5e|[Gen 9] National Dex RU,e|[Gen 6] Megas Revisited Random Battle,4f|[Gen 9] ChatBats,f|[Gen 4] Ubers,e|[Gen 6] NU,e|[Gen 4] VGC 2009,5e|,2|Other Metagames|[Gen 9] Almost Any Ability,e|[Gen 9] Balanced Hackmons,e|[Gen 9] Godly Gift,e|[Gen 9] Mix and Mega,e|[Gen 9] Shared Power,e|[Gen 9] STABmons,e|[Gen 6] Pure Hackmons,e|,2|Challengeable OMs|[Gen 9] 1-2 Switch,c|[Gen 9] Alphabet Cup,c|[Gen 9] Bad 'n Boosted,c|[Gen 9] Battlefields,c|[Gen 9] Bio Mech Mons,c|[Gen 9] Camomons,c|[Gen 9] Category Swap,c|[Gen 9] Convergence,c|[Gen 9] Cross Evolution,c|[Gen 9] Fervent Impersonation,c|[Gen 9] Flipped,c|[Gen 9] Foresighters,c|[Gen 9] Formemons,c|[Gen 9] Fortemons,c|[Gen 9] Frantic Fusions,c|[Gen 9] Full Potential,c|[Gen 9] Inheritance,c|[Gen 9] Inverse,c|[Gen 9] Nature Swap,c|[Gen 9] Partners in Crime,c|[Gen 9] Passive Aggressive,c|[Gen 9] Pokebilities,c|[Gen 9] Pokemoves,c|[Gen 9] Pure Hackmons,c|[Gen 9] Relay Race,c|[Gen 9] Revelationmons,c|[Gen 9] Sharing is Caring,c|[Gen 9] Tera Donation,c|[Gen 9] Tera Override,c|[Gen 9] The Card Game,c|[Gen 9] The Loser's Game,c|[Gen 9] Tier Shift,c|[Gen 9] Trademarked,c|[Gen 9] Triples,c|[Gen 9] Type Split,c|[Gen 9] VoltTurn Mayhem,c|[Gen 7] Pure Hackmons,c|,2|Temporary Tour Metas|[Gen 9] Mix and Mega LC,c|[Gen 8] Mix and Mega,c|[Gen 7] Mix and Mega,c|[Gen 6] Mix and Mega,c|,2|National Dex|[Gen 9] National Dex,e|[Gen 8] National Dex,e|,2|National Dex Other Tiers|[Gen 9] National Dex 35 Pokes,c|[Gen 9] National Dex Ubers,e|[Gen 9] National Dex UU,e|[Gen 9] National Dex Ubers UU,c|[Gen 9] National Dex LC,c|[Gen 9] National Dex Monotype,e|[Gen 9] National Dex Doubles,e|[Gen 9] National Dex Doubles Ubers,c|[Gen 9] National Dex 1v1,c|[Gen 9] National Dex AG,c|[Gen 9] National Dex AAA,c|[Gen 9] National Dex BH,c|[Gen 9] National Dex Godly Gift,c|[Gen 9] National Dex STABmons,c|[Gen 8] National Dex UU,c|[Gen 8] National Dex RU,c|[Gen 8] National Dex Doubles,e|[Gen 8] National Dex Monotype,c|[Gen 8 DLC 1] National Dex AG,c|,2|Pet Mods|[Gen 6] Megas Revisited,c|[Gen 9] Legends Z-A OU,e|,3|Randomized Metas|[Gen 9] Random Roulette,4f|[Gen 9] Super Staff Bros Ultimate,4f|[Gen 9] Monotype Random Battle,4f|[Gen 9] Random Battle (Shared Power, B12P6),4f|[Gen 9] Random Battle Mayhem,4f|[Gen 9] Battle Factory,4f|[Gen 9] 1v1 Factory,4f|[Gen 9] BSS Factory,5d|[Gen 9] Draft Factory,4d|[Gen 9] Baby Random Battle,4f|[Gen 9] Hackmons Cup,4f|[Gen 9] Doubles Hackmons Cup,4d|[Gen 9] Broken Cup,4f|[Gen 9] Challenge Cup 1v1,4f|[Gen 9] Challenge Cup 2v2,4f|[Gen 9] Challenge Cup 6v6,4d|[Gen 9] Metronome Battle,4e|[Gen 8] Random Battle,4f|[Gen 8] Random Doubles Battle,4d|[Gen 8] Free-For-All Random Battle,5|[Gen 8] Multi Random Battle,5|[Gen 8] Battle Factory,4d|[Gen 8] BSS Factory,5d|[Gen 8] Hackmons Cup,4d|[Gen 8] CAP 1v1,4d|[Gen 8 BDSP] Random Battle,4d|[Gen 7] Random Battle,4f|[Gen 7] Battle Factory,4d|[Gen 7] BSS Factory,5d|[Gen 7] Hackmons Cup,9|[Gen 7 Let's Go] Random Battle,4d|[Gen 6] Random Battle,4f|[Gen 6] Battle Factory,9|[Gen 5] Random Battle,4f|[Gen 4] Random Battle,4f|[Gen 3] Random Battle,4f|[Gen 2] Random Battle,4f|[Gen 1] Random Battle,4f|[Gen 1] Challenge Cup,9|[Gen 1] Hackmons Cup,9|,4|Past Gens OU|[Gen 8] OU,e|[Gen 7] OU,e|[Gen 6] OU,e|[Gen 5] OU,e|[Gen 4] OU,e|[Gen 3] OU,e|[Gen 2] OU,e|[Gen 1] OU,e|,4|Past Gens Doubles OU|[Gen 8] Doubles OU,e|[Gen 7] Doubles OU,e|[Gen 6] Doubles OU,e|[Gen 5] Doubles OU,c|[Gen 4] Doubles OU,c|[Gen 3] Doubles OU,c|,4|Sw/Sh Singles|[Gen 8] Ubers,c|[Gen 8] UU,c|[Gen 8] RU,c|[Gen 8] NU,c|[Gen 8] PU,c|[Gen 8] LC,c|[Gen 8] Monotype,c|[Gen 8] 1v1,c|[Gen 8] Anything Goes,c|[Gen 8] ZU,c|[Gen 8] CAP,c|[Gen 8] Battle Stadium Singles,5c|[Gen 8 BDSP] OU,c|[Gen 8 BDSP] Ubers,c|[Gen 8] Custom Game,c|,4|Sw/Sh Doubles|[Gen 8] Doubles Ubers,c|[Gen 8] Doubles UU,c|[Gen 8] VGC 2022,5c|[Gen 8] VGC 2021,5c|[Gen 8] VGC 2020,5c|[Gen 8 BDSP] Doubles OU,c|[Gen 8 BDSP] Battle Festival Doubles,1c|[Gen 8] Doubles Custom Game,c|,4|US/UM Singles|[Gen 7] Ubers,c|[Gen 7] UU,c|[Gen 7] RU,c|[Gen 7] NU,c|[Gen 7] PU,c|[Gen 7] LC,c|[Gen 7] Monotype,c|[Gen 7] 1v1,c|[Gen 7] Anything Goes,c|[Gen 7] ZU,c|[Gen 7] CAP,c|[Gen 7] Battle Spot Singles,5c|[Gen 7 Let's Go] OU,1c|[Gen 7] Custom Game,c|,4|US/UM Doubles|[Gen 7] Doubles UU,c|[Gen 7] VGC 2019,5c|[Gen 7] VGC 2018,5c|[Gen 7] VGC 2017,5c|[Gen 7] Battle Spot Doubles,5c|[Gen 7 Let's Go] Doubles OU,1c|[Gen 7] Doubles Custom Game,c|,4|OR/AS Singles|[Gen 6] Ubers,c|[Gen 6] UU,c|[Gen 6] RU,c|[Gen 6] PU,c|[Gen 6] LC,c|[Gen 6] Monotype,c|[Gen 6] 1v1,c|[Gen 6] Anything Goes,c|[Gen 6] ZU,c|[Gen 6] CAP,c|[Gen 6] Battle Spot Singles,5c|[Gen 6] Custom Game,c|,4|OR/AS Doubles/Triples|[Gen 6] VGC 2016,5c|[Gen 6] VGC 2015,5c|[Gen 6] VGC 2014,5c|[Gen 6] Battle Spot Doubles,5c|[Gen 6] Doubles Custom Game,c|[Gen 6] Battle Spot Triples,1c|[Gen 6] Triples Custom Game,c|,4|B2/W2 Singles|[Gen 5] Ubers,c|[Gen 5] UU,c|[Gen 5] RU,c|[Gen 5] NU,c|[Gen 5] PU,c|[Gen 5] Monotype,c|[Gen 5] LC,c|[Gen 5] 1v1,c|[Gen 5] CAP,c|[Gen 5] ZU,c|[Gen 5] BW1 OU,c|[Gen 5] GBU Singles,5c|[Gen 5] Custom Game,c|,4|B2/W2 Doubles|[Gen 5] VGC 2013,5c|[Gen 5] VGC 2012,5c|[Gen 5] VGC 2011,5c|[Gen 5] Doubles Custom Game,c|[Gen 5] Triples Custom Game,c|,4|DPP Singles|[Gen 4] UU,c|[Gen 4] NU,c|[Gen 4] LC,c|[Gen 4] Anything Goes,c|[Gen 4] 1v1,c|[Gen 4] CAP,c|[Gen 4] PU,c|[Gen 4] ZU,c|[Gen 4] Custom Game,c|,4|DPP Doubles|[Gen 4] VGC 2010,5c|[Gen 4] Doubles Custom Game,c|,4|Past Generations|[Gen 3] Ubers,c|[Gen 3] UU,c|[Gen 3] RU,c|[Gen 3] NU,c|[Gen 3] PU,c|[Gen 3] LC,c|[Gen 3] 1v1,c|[Gen 3] UUBL,c|[Gen 3] ZU,c|[Gen 3] ADV 200,c|[Gen 3] ADV 200 Doubles,c|[Gen 3] Orre Colosseum,4c|[Gen 3] Custom Game,c|[Gen 3] Doubles Custom Game,c|[Gen 2] Ubers,c|[Gen 2] UU,c|[Gen 2] NU,c|[Gen 2] PU,c|[Gen 2] 1v1,c|[Gen 2] ZU,c|[Gen 2] NC 2000,4c|[Gen 2] Stadium OU,c|[Gen 2] Custom Game,c|[Gen 1] Ubers,c|[Gen 1] UU,c|[Gen 1] NU,c|[Gen 1] PU,c|[Gen 1] ZU,c|[Gen 1] LC,c|[Gen 1] 1v1,c|[Gen 1] NC 1997,4c|[Gen 1] Japanese OU,c|[Gen 1] Stadium OU,c|[Gen 1] Tradebacks OU,c|[Gen 1] Custom Game,c
[2026-03-09 19:13:35,050][SimpleHeuristics 1][INFO] - [92m[1m<<<[0m |updatesearch|{"searching":[],"games":null}
[2026-03-09 19:13:35,050][SimpleHeuristics 1][INFO] - [92m[1m<<<[0m |updateuser| SimpleHeuristics 1|1|101|{"blockChallenges":false,"blockPMs":false,"ignoreTickets":false,"hideBattlesFromTrainerCard":false,"blockInvites":false,"doNotDisturb":false,"blockFriendRequests":false,"allowFriendNotifications":false,"displayBattlesToFriends":false,"hideLogins":false,"hiddenNextBattle":false,"inviteOnlyNextBattle":false,"language":null}
[2026-03-09 19:13:35,050][SimpleHeuristics 1][INFO] - [92m[1m<<<[0m |updatesearch|{"searching":[],"games":null}
[2026-03-09 19:13:35,050][SimpleHeuristics 2][INFO] - [92m[1m<<<[0m |challstr|4|8ceaaaeee6cb9839d3ba3391d343250f48081f08cb6e16d748f6f6371e7df6f5eaa747561e8cd0e6609189001f19205ef25caccc7571aa6ced226459734c7e4f7fac72089fb4aa767189090b037ebd7392861bb1d3b15f3fe6302eca1e6ece231447f082e3eed6a5ac0e294f08c0db2b3f6dc15369ac1915f34667d74bdb79d4
[2026-03-09 19:13:35,050][SimpleHeuristics 2][INFO] - Bypassing authentication request
[2026-03-09 19:13:35,050][SimpleHeuristics 2][INFO] - [93m[1m>>>[0m |/trn SimpleHeuristics 2,0,
[2026-03-09 19:13:35,054][SimpleHeuristics 2][INFO] - [92m[1m<<<[0m |updatesearch|{"searching":[],"games":null}
[2026-03-09 19:13:35,054][SimpleHeuristics 2][INFO] - [92m[1m<<<[0m |updateuser| SimpleHeuristics 2|1|266|{"blockChallenges":false,"blockPMs":false,"ignoreTickets":false,"hideBattlesFromTrainerCard":false,"blockInvites":false,"doNotDisturb":false,"blockFriendRequests":false,"allowFriendNotifications":false,"displayBattlesToFriends":false,"hideLogins":false,"hiddenNextBattle":false,"inviteOnlyNextBattle":false,"language":null}
[2026-03-09 19:13:35,054][SimpleHeuristics 2][INFO] - [92m[1m<<<[0m |updatesearch|{"searching":[],"games":null}
[2026-03-09 19:13:35,644][RandomPlayer 1][INFO] - Starting listening to showdown websocket
[2026-03-09 19:13:35,646][RandomPlayer 1][INFO] - [92m[1m<<<[0m |updateuser| Guest 28|0|1|{"blockChallenges":false,"blockPMs":false,"ignoreTickets":false,"hideBattlesFromTrainerCard":false,"blockInvites":false,"doNotDisturb":false,"blockFriendRequests":false,"allowFriendNotifications":false,"displayBattlesToFriends":false,"hideLogins":false,"hiddenNextBattle":false,"inviteOnlyNextBattle":false,"language":null}
|customgroups|[{"symbol":"~","name":"Administrator","type":"leadership"},{"symbol":"#","name":"Room Owner","type":"leadership"},{"symbol":"★","name":"Host","type":"leadership"},{"symbol":"@","name":"Moderator","type":"staff"},{"symbol":"%","name":"Driver","type":"staff"},{"symbol":"*","name":"Bot","type":"normal"},{"symbol":"☆","name":"Player","type":"normal"},{"symbol":"+","name":"Voice","type":"normal"},{"symbol":"^","name":"Prize Winner","type":"normal"},{"symbol":"whitelist","name":"Whitelist","type":"normal"},{"symbol":" ","name":null,"type":"normal"},{"symbol":"‽","name":"Locked","type":"punishment"},{"symbol":"!","name":"Muted","type":"punishment"}]
|formats|,LL|,1|S/V Singles|[Gen 9] Random Battle,4f|[Gen 9] Unrated Random Battle,b|[Gen 9] Free-For-All Random Battle,7|[Gen 9] Random Battle (Blitz),4f|[Gen 9] Multi Random Battle,5|[Gen 9] OU,e|[Gen 9] Ubers,e|[Gen 9] UU,e|[Gen 9] RU,e|[Gen 9] NU,e|[Gen 9] PU,e|[Gen 9] LC,e|[Gen 9] Monotype,e|[Gen 9] CAP,e|[Gen 9] BSS Reg I,5e|[Gen 9] BSS Reg J,5c|[Gen 9] Custom Game,c|,1|S/V Doubles|[Gen 9] Random Doubles Battle,4f|[Gen 9] Doubles OU,e|[Gen 9] Doubles Ubers,e|[Gen 9] Doubles UU,e|[Gen 9] Doubles LC,c|[Gen 9] VGC 2023 Reg C,5c|[Gen 9] VGC 2023 Reg D,5c|[Gen 9] VGC 2024 Reg G,5c|[Gen 9] VGC 2026 Reg I,5e|[Gen 9] VGC 2026 Reg F,5e|[Gen 9] VGC 2026 Reg F (Bo3),1e|[Gen 9] Doubles Custom Game,c|,1|Unofficial Metagames|[Gen 9] 1v1,e|[Gen 9] 2v2 Doubles,e|[Gen 9] Anything Goes,e|[Gen 9] ZU,e|[Gen 9] Free-For-All,6|[Gen 9] LC UU,c|[Gen 9] NFE,c|[Gen 9] Ubers UU,c|,1|Draft|[Gen 9] Draft,8c|[Gen 9] 6v6 Doubles Draft,8c|[Gen 9] 4v4 Doubles Draft,dc|[Gen 9] NatDex Draft,8c|[Gen 9] NatDex 6v6 Doubles Draft,8c|[Gen 9] NatDex LC Draft,8c|[Gen 8] Draft,c|[Gen 8] NatDex Draft,c|[Gen 8] NatDex 4v4 Doubles Draft,1c|[Gen 7] Draft,c|[Gen 6] Draft,c|[Gen 5] Draft,c|[Gen 4] Draft,c|[Gen 3] Draft,c|,2|Ladder Spotlight|[Gen 9] BSS Factory (Bo3),1f|[Gen 9] Linked,e|[Gen 9] 350 Cup,e|[Gen 9] Pokebilities AAA,e|[Gen 9] 4v4 Doubles UU,5e|[Gen 9] National Dex RU,e|[Gen 6] Megas Revisited Random Battle,4f|[Gen 9] ChatBats,f|[Gen 4] Ubers,e|[Gen 6] NU,e|[Gen 4] VGC 2009,5e|,2|Other Metagames|[Gen 9] Almost Any Ability,e|[Gen 9] Balanced Hackmons,e|[Gen 9] Godly Gift,e|[Gen 9] Mix and Mega,e|[Gen 9] Shared Power,e|[Gen 9] STABmons,e|[Gen 6] Pure Hackmons,e|,2|Challengeable OMs|[Gen 9] 1-2 Switch,c|[Gen 9] Alphabet Cup,c|[Gen 9] Bad 'n Boosted,c|[Gen 9] Battlefields,c|[Gen 9] Bio Mech Mons,c|[Gen 9] Camomons,c|[Gen 9] Category Swap,c|[Gen 9] Convergence,c|[Gen 9] Cross Evolution,c|[Gen 9] Fervent Impersonation,c|[Gen 9] Flipped,c|[Gen 9] Foresighters,c|[Gen 9] Formemons,c|[Gen 9] Fortemons,c|[Gen 9] Frantic Fusions,c|[Gen 9] Full Potential,c|[Gen 9] Inheritance,c|[Gen 9] Inverse,c|[Gen 9] Nature Swap,c|[Gen 9] Partners in Crime,c|[Gen 9] Passive Aggressive,c|[Gen 9] Pokebilities,c|[Gen 9] Pokemoves,c|[Gen 9] Pure Hackmons,c|[Gen 9] Relay Race,c|[Gen 9] Revelationmons,c|[Gen 9] Sharing is Caring,c|[Gen 9] Tera Donation,c|[Gen 9] Tera Override,c|[Gen 9] The Card Game,c|[Gen 9] The Loser's Game,c|[Gen 9] Tier Shift,c|[Gen 9] Trademarked,c|[Gen 9] Triples,c|[Gen 9] Type Split,c|[Gen 9] VoltTurn Mayhem,c|[Gen 7] Pure Hackmons,c|,2|Temporary Tour Metas|[Gen 9] Mix and Mega LC,c|[Gen 8] Mix and Mega,c|[Gen 7] Mix and Mega,c|[Gen 6] Mix and Mega,c|,2|National Dex|[Gen 9] National Dex,e|[Gen 8] National Dex,e|,2|National Dex Other Tiers|[Gen 9] National Dex 35 Pokes,c|[Gen 9] National Dex Ubers,e|[Gen 9] National Dex UU,e|[Gen 9] National Dex Ubers UU,c|[Gen 9] National Dex LC,c|[Gen 9] National Dex Monotype,e|[Gen 9] National Dex Doubles,e|[Gen 9] National Dex Doubles Ubers,c|[Gen 9] National Dex 1v1,c|[Gen 9] National Dex AG,c|[Gen 9] National Dex AAA,c|[Gen 9] National Dex BH,c|[Gen 9] National Dex Godly Gift,c|[Gen 9] National Dex STABmons,c|[Gen 8] National Dex UU,c|[Gen 8] National Dex RU,c|[Gen 8] National Dex Doubles,e|[Gen 8] National Dex Monotype,c|[Gen 8 DLC 1] National Dex AG,c|,2|Pet Mods|[Gen 6] Megas Revisited,c|[Gen 9] Legends Z-A OU,e|,3|Randomized Metas|[Gen 9] Random Roulette,4f|[Gen 9] Super Staff Bros Ultimate,4f|[Gen 9] Monotype Random Battle,4f|[Gen 9] Random Battle (Shared Power, B12P6),4f|[Gen 9] Random Battle Mayhem,4f|[Gen 9] Battle Factory,4f|[Gen 9] 1v1 Factory,4f|[Gen 9] BSS Factory,5d|[Gen 9] Draft Factory,4d|[Gen 9] Baby Random Battle,4f|[Gen 9] Hackmons Cup,4f|[Gen 9] Doubles Hackmons Cup,4d|[Gen 9] Broken Cup,4f|[Gen 9] Challenge Cup 1v1,4f|[Gen 9] Challenge Cup 2v2,4f|[Gen 9] Challenge Cup 6v6,4d|[Gen 9] Metronome Battle,4e|[Gen 8] Random Battle,4f|[Gen 8] Random Doubles Battle,4d|[Gen 8] Free-For-All Random Battle,5|[Gen 8] Multi Random Battle,5|[Gen 8] Battle Factory,4d|[Gen 8] BSS Factory,5d|[Gen 8] Hackmons Cup,4d|[Gen 8] CAP 1v1,4d|[Gen 8 BDSP] Random Battle,4d|[Gen 7] Random Battle,4f|[Gen 7] Battle Factory,4d|[Gen 7] BSS Factory,5d|[Gen 7] Hackmons Cup,9|[Gen 7 Let's Go] Random Battle,4d|[Gen 6] Random Battle,4f|[Gen 6] Battle Factory,9|[Gen 5] Random Battle,4f|[Gen 4] Random Battle,4f|[Gen 3] Random Battle,4f|[Gen 2] Random Battle,4f|[Gen 1] Random Battle,4f|[Gen 1] Challenge Cup,9|[Gen 1] Hackmons Cup,9|,4|Past Gens OU|[Gen 8] OU,e|[Gen 7] OU,e|[Gen 6] OU,e|[Gen 5] OU,e|[Gen 4] OU,e|[Gen 3] OU,e|[Gen 2] OU,e|[Gen 1] OU,e|,4|Past Gens Doubles OU|[Gen 8] Doubles OU,e|[Gen 7] Doubles OU,e|[Gen 6] Doubles OU,e|[Gen 5] Doubles OU,c|[Gen 4] Doubles OU,c|[Gen 3] Doubles OU,c|,4|Sw/Sh Singles|[Gen 8] Ubers,c|[Gen 8] UU,c|[Gen 8] RU,c|[Gen 8] NU,c|[Gen 8] PU,c|[Gen 8] LC,c|[Gen 8] Monotype,c|[Gen 8] 1v1,c|[Gen 8] Anything Goes,c|[Gen 8] ZU,c|[Gen 8] CAP,c|[Gen 8] Battle Stadium Singles,5c|[Gen 8 BDSP] OU,c|[Gen 8 BDSP] Ubers,c|[Gen 8] Custom Game,c|,4|Sw/Sh Doubles|[Gen 8] Doubles Ubers,c|[Gen 8] Doubles UU,c|[Gen 8] VGC 2022,5c|[Gen 8] VGC 2021,5c|[Gen 8] VGC 2020,5c|[Gen 8 BDSP] Doubles OU,c|[Gen 8 BDSP] Battle Festival Doubles,1c|[Gen 8] Doubles Custom Game,c|,4|US/UM Singles|[Gen 7] Ubers,c|[Gen 7] UU,c|[Gen 7] RU,c|[Gen 7] NU,c|[Gen 7] PU,c|[Gen 7] LC,c|[Gen 7] Monotype,c|[Gen 7] 1v1,c|[Gen 7] Anything Goes,c|[Gen 7] ZU,c|[Gen 7] CAP,c|[Gen 7] Battle Spot Singles,5c|[Gen 7 Let's Go] OU,1c|[Gen 7] Custom Game,c|,4|US/UM Doubles|[Gen 7] Doubles UU,c|[Gen 7] VGC 2019,5c|[Gen 7] VGC 2018,5c|[Gen 7] VGC 2017,5c|[Gen 7] Battle Spot Doubles,5c|[Gen 7 Let's Go] Doubles OU,1c|[Gen 7] Doubles Custom Game,c|,4|OR/AS Singles|[Gen 6] Ubers,c|[Gen 6] UU,c|[Gen 6] RU,c|[Gen 6] PU,c|[Gen 6] LC,c|[Gen 6] Monotype,c|[Gen 6] 1v1,c|[Gen 6] Anything Goes,c|[Gen 6] ZU,c|[Gen 6] CAP,c|[Gen 6] Battle Spot Singles,5c|[Gen 6] Custom Game,c|,4|OR/AS Doubles/Triples|[Gen 6] VGC 2016,5c|[Gen 6] VGC 2015,5c|[Gen 6] VGC 2014,5c|[Gen 6] Battle Spot Doubles,5c|[Gen 6] Doubles Custom Game,c|[Gen 6] Battle Spot Triples,1c|[Gen 6] Triples Custom Game,c|,4|B2/W2 Singles|[Gen 5] Ubers,c|[Gen 5] UU,c|[Gen 5] RU,c|[Gen 5] NU,c|[Gen 5] PU,c|[Gen 5] Monotype,c|[Gen 5] LC,c|[Gen 5] 1v1,c|[Gen 5] CAP,c|[Gen 5] ZU,c|[Gen 5] BW1 OU,c|[Gen 5] GBU Singles,5c|[Gen 5] Custom Game,c|,4|B2/W2 Doubles|[Gen 5] VGC 2013,5c|[Gen 5] VGC 2012,5c|[Gen 5] VGC 2011,5c|[Gen 5] Doubles Custom Game,c|[Gen 5] Triples Custom Game,c|,4|DPP Singles|[Gen 4] UU,c|[Gen 4] NU,c|[Gen 4] LC,c|[Gen 4] Anything Goes,c|[Gen 4] 1v1,c|[Gen 4] CAP,c|[Gen 4] PU,c|[Gen 4] ZU,c|[Gen 4] Custom Game,c|,4|DPP Doubles|[Gen 4] VGC 2010,5c|[Gen 4] Doubles Custom Game,c|,4|Past Generations|[Gen 3] Ubers,c|[Gen 3] UU,c|[Gen 3] RU,c|[Gen 3] NU,c|[Gen 3] PU,c|[Gen 3] LC,c|[Gen 3] 1v1,c|[Gen 3] UUBL,c|[Gen 3] ZU,c|[Gen 3] ADV 200,c|[Gen 3] ADV 200 Doubles,c|[Gen 3] Orre Colosseum,4c|[Gen 3] Custom Game,c|[Gen 3] Doubles Custom Game,c|[Gen 2] Ubers,c|[Gen 2] UU,c|[Gen 2] NU,c|[Gen 2] PU,c|[Gen 2] 1v1,c|[Gen 2] ZU,c|[Gen 2] NC 2000,4c|[Gen 2] Stadium OU,c|[Gen 2] Custom Game,c|[Gen 1] Ubers,c|[Gen 1] UU,c|[Gen 1] NU,c|[Gen 1] PU,c|[Gen 1] ZU,c|[Gen 1] LC,c|[Gen 1] 1v1,c|[Gen 1] NC 1997,4c|[Gen 1] Japanese OU,c|[Gen 1] Stadium OU,c|[Gen 1] Tradebacks OU,c|[Gen 1] Custom Game,c
[2026-03-09 19:13:35,646][RandomPlayer 1][INFO] - [92m[1m<<<[0m |challstr|4|b2fdfb8ceec1042dd012e2fc4c2b5919c37a70fa9cac7217ffcba568c43f299b6f9679991424e660b4da04ac13611132c45042d09b48f625b2506982d928ab0bde555da3b4c4a114825e7fac9947cc3d00bed8e2020044fccfc871ade767e54c2ca303df8f0189712b2470d9bbdbabb41fc5467e87e1266eebe0f4b86b8476be
[2026-03-09 19:13:35,646][RandomPlayer 1][INFO] - Bypassing authentication request
[2026-03-09 19:13:35,646][RandomPlayer 1][INFO] - [93m[1m>>>[0m |/trn RandomPlayer 1,0,
[2026-03-09 19:13:35,647][RandomPlayer 1][INFO] - [92m[1m<<<[0m |updatesearch|{"searching":[],"games":null}
[2026-03-09 19:13:35,647][RandomPlayer 1][INFO] - [92m[1m<<<[0m |updateuser| RandomPlayer 1|1|101|{"blockChallenges":false,"blockPMs":false,"ignoreTickets":false,"hideBattlesFromTrainerCard":false,"blockInvites":false,"doNotDisturb":false,"blockFriendRequests":false,"allowFriendNotifications":false,"displayBattlesToFriends":false,"hideLogins":false,"hiddenNextBattle":false,"inviteOnlyNextBattle":false,"language":null}
[2026-03-09 19:13:35,647][RandomPlayer 1][INFO] - [92m[1m<<<[0m |updatesearch|{"searching":[],"games":null}
[2026-03-09 19:13:59,676][SimpleHeuristics 1][INFO] - Starting listening to showdown websocket
[2026-03-09 19:13:59,679][SimpleHeuristics 1][INFO] - [92m[1m<<<[0m |updateuser| Guest 31|0|266|{"blockChallenges":false,"blockPMs":false,"ignoreTickets":false,"hideBattlesFromTrainerCard":false,"blockInvites":false,"doNotDisturb":false,"blockFriendRequests":false,"allowFriendNotifications":false,"displayBattlesToFriends":false,"hideLogins":false,"hiddenNextBattle":false,"inviteOnlyNextBattle":false,"language":null}
|customgroups|[{"symbol":"~","name":"Administrator","type":"leadership"},{"symbol":"#","name":"Room Owner","type":"leadership"},{"symbol":"★","name":"Host","type":"leadership"},{"symbol":"@","name":"Moderator","type":"staff"},{"symbol":"%","name":"Driver","type":"staff"},{"symbol":"*","name":"Bot","type":"normal"},{"symbol":"☆","name":"Player","type":"normal"},{"symbol":"+","name":"Voice","type":"normal"},{"symbol":"^","name":"Prize Winner","type":"normal"},{"symbol":"whitelist","name":"Whitelist","type":"normal"},{"symbol":" ","name":null,"type":"normal"},{"symbol":"‽","name":"Locked","type":"punishment"},{"symbol":"!","name":"Muted","type":"punishment"}]
|formats|,LL|,1|S/V Singles|[Gen 9] Random Battle,4f|[Gen 9] Unrated Random Battle,b|[Gen 9] Free-For-All Random Battle,7|[Gen 9] Random Battle (Blitz),4f|[Gen 9] Multi Random Battle,5|[Gen 9] OU,e|[Gen 9] Ubers,e|[Gen 9] UU,e|[Gen 9] RU,e|[Gen 9] NU,e|[Gen 9] PU,e|[Gen 9] LC,e|[Gen 9] Monotype,e|[Gen 9] CAP,e|[Gen 9] BSS Reg I,5e|[Gen 9] BSS Reg J,5c|[Gen 9] Custom Game,c|,1|S/V Doubles|[Gen 9] Random Doubles Battle,4f|[Gen 9] Doubles OU,e|[Gen 9] Doubles Ubers,e|[Gen 9] Doubles UU,e|[Gen 9] Doubles LC,c|[Gen 9] VGC 2023 Reg C,5c|[Gen 9] VGC 2023 Reg D,5c|[Gen 9] VGC 2024 Reg G,5c|[Gen 9] VGC 2026 Reg I,5e|[Gen 9] VGC 2026 Reg F,5e|[Gen 9] VGC 2026 Reg F (Bo3),1e|[Gen 9] Doubles Custom Game,c|,1|Unofficial Metagames|[Gen 9] 1v1,e|[Gen 9] 2v2 Doubles,e|[Gen 9] Anything Goes,e|[Gen 9] ZU,e|[Gen 9] Free-For-All,6|[Gen 9] LC UU,c|[Gen 9] NFE,c|[Gen 9] Ubers UU,c|,1|Draft|[Gen 9] Draft,8c|[Gen 9] 6v6 Doubles Draft,8c|[Gen 9] 4v4 Doubles Draft,dc|[Gen 9] NatDex Draft,8c|[Gen 9] NatDex 6v6 Doubles Draft,8c|[Gen 9] NatDex LC Draft,8c|[Gen 8] Draft,c|[Gen 8] NatDex Draft,c|[Gen 8] NatDex 4v4 Doubles Draft,1c|[Gen 7] Draft,c|[Gen 6] Draft,c|[Gen 5] Draft,c|[Gen 4] Draft,c|[Gen 3] Draft,c|,2|Ladder Spotlight|[Gen 9] BSS Factory (Bo3),1f|[Gen 9] Linked,e|[Gen 9] 350 Cup,e|[Gen 9] Pokebilities AAA,e|[Gen 9] 4v4 Doubles UU,5e|[Gen 9] National Dex RU,e|[Gen 6] Megas Revisited Random Battle,4f|[Gen 9] ChatBats,f|[Gen 4] Ubers,e|[Gen 6] NU,e|[Gen 4] VGC 2009,5e|,2|Other Metagames|[Gen 9] Almost Any Ability,e|[Gen 9] Balanced Hackmons,e|[Gen 9] Godly Gift,e|[Gen 9] Mix and Mega,e|[Gen 9] Shared Power,e|[Gen 9] STABmons,e|[Gen 6] Pure Hackmons,e|,2|Challengeable OMs|[Gen 9] 1-2 Switch,c|[Gen 9] Alphabet Cup,c|[Gen 9] Bad 'n Boosted,c|[Gen 9] Battlefields,c|[Gen 9] Bio Mech Mons,c|[Gen 9] Camomons,c|[Gen 9] Category Swap,c|[Gen 9] Convergence,c|[Gen 9] Cross Evolution,c|[Gen 9] Fervent Impersonation,c|[Gen 9] Flipped,c|[Gen 9] Foresighters,c|[Gen 9] Formemons,c|[Gen 9] Fortemons,c|[Gen 9] Frantic Fusions,c|[Gen 9] Full Potential,c|[Gen 9] Inheritance,c|[Gen 9] Inverse,c|[Gen 9] Nature Swap,c|[Gen 9] Partners in Crime,c|[Gen 9] Passive Aggressive,c|[Gen 9] Pokebilities,c|[Gen 9] Pokemoves,c|[Gen 9] Pure Hackmons,c|[Gen 9] Relay Race,c|[Gen 9] Revelationmons,c|[Gen 9] Sharing is Caring,c|[Gen 9] Tera Donation,c|[Gen 9] Tera Override,c|[Gen 9] The Card Game,c|[Gen 9] The Loser's Game,c|[Gen 9] Tier Shift,c|[Gen 9] Trademarked,c|[Gen 9] Triples,c|[Gen 9] Type Split,c|[Gen 9] VoltTurn Mayhem,c|[Gen 7] Pure Hackmons,c|,2|Temporary Tour Metas|[Gen 9] Mix and Mega LC,c|[Gen 8] Mix and Mega,c|[Gen 7] Mix and Mega,c|[Gen 6] Mix and Mega,c|,2|National Dex|[Gen 9] National Dex,e|[Gen 8] National Dex,e|,2|National Dex Other Tiers|[Gen 9] National Dex 35 Pokes,c|[Gen 9] National Dex Ubers,e|[Gen 9] National Dex UU,e|[Gen 9] National Dex Ubers UU,c|[Gen 9] National Dex LC,c|[Gen 9] National Dex Monotype,e|[Gen 9] National Dex Doubles,e|[Gen 9] National Dex Doubles Ubers,c|[Gen 9] National Dex 1v1,c|[Gen 9] National Dex AG,c|[Gen 9] National Dex AAA,c|[Gen 9] National Dex BH,c|[Gen 9] National Dex Godly Gift,c|[Gen 9] National Dex STABmons,c|[Gen 8] National Dex UU,c|[Gen 8] National Dex RU,c|[Gen 8] National Dex Doubles,e|[Gen 8] National Dex Monotype,c|[Gen 8 DLC 1] National Dex AG,c|,2|Pet Mods|[Gen 6] Megas Revisited,c|[Gen 9] Legends Z-A OU,e|,3|Randomized Metas|[Gen 9] Random Roulette,4f|[Gen 9] Super Staff Bros Ultimate,4f|[Gen 9] Monotype Random Battle,4f|[Gen 9] Random Battle (Shared Power, B12P6),4f|[Gen 9] Random Battle Mayhem,4f|[Gen 9] Battle Factory,4f|[Gen 9] 1v1 Factory,4f|[Gen 9] BSS Factory,5d|[Gen 9] Draft Factory,4d|[Gen 9] Baby Random Battle,4f|[Gen 9] Hackmons Cup,4f|[Gen 9] Doubles Hackmons Cup,4d|[Gen 9] Broken Cup,4f|[Gen 9] Challenge Cup 1v1,4f|[Gen 9] Challenge Cup 2v2,4f|[Gen 9] Challenge Cup 6v6,4d|[Gen 9] Metronome Battle,4e|[Gen 8] Random Battle,4f|[Gen 8] Random Doubles Battle,4d|[Gen 8] Free-For-All Random Battle,5|[Gen 8] Multi Random Battle,5|[Gen 8] Battle Factory,4d|[Gen 8] BSS Factory,5d|[Gen 8] Hackmons Cup,4d|[Gen 8] CAP 1v1,4d|[Gen 8 BDSP] Random Battle,4d|[Gen 7] Random Battle,4f|[Gen 7] Battle Factory,4d|[Gen 7] BSS Factory,5d|[Gen 7] Hackmons Cup,9|[Gen 7 Let's Go] Random Battle,4d|[Gen 6] Random Battle,4f|[Gen 6] Battle Factory,9|[Gen 5] Random Battle,4f|[Gen 4] Random Battle,4f|[Gen 3] Random Battle,4f|[Gen 2] Random Battle,4f|[Gen 1] Random Battle,4f|[Gen 1] Challenge Cup,9|[Gen 1] Hackmons Cup,9|,4|Past Gens OU|[Gen 8] OU,e|[Gen 7] OU,e|[Gen 6] OU,e|[Gen 5] OU,e|[Gen 4] OU,e|[Gen 3] OU,e|[Gen 2] OU,e|[Gen 1] OU,e|,4|Past Gens Doubles OU|[Gen 8] Doubles OU,e|[Gen 7] Doubles OU,e|[Gen 6] Doubles OU,e|[Gen 5] Doubles OU,c|[Gen 4] Doubles OU,c|[Gen 3] Doubles OU,c|,4|Sw/Sh Singles|[Gen 8] Ubers,c|[Gen 8] UU,c|[Gen 8] RU,c|[Gen 8] NU,c|[Gen 8] PU,c|[Gen 8] LC,c|[Gen 8] Monotype,c|[Gen 8] 1v1,c|[Gen 8] Anything Goes,c|[Gen 8] ZU,c|[Gen 8] CAP,c|[Gen 8] Battle Stadium Singles,5c|[Gen 8 BDSP] OU,c|[Gen 8 BDSP] Ubers,c|[Gen 8] Custom Game,c|,4|Sw/Sh Doubles|[Gen 8] Doubles Ubers,c|[Gen 8] Doubles UU,c|[Gen 8] VGC 2022,5c|[Gen 8] VGC 2021,5c|[Gen 8] VGC 2020,5c|[Gen 8 BDSP] Doubles OU,c|[Gen 8 BDSP] Battle Festival Doubles,1c|[Gen 8] Doubles Custom Game,c|,4|US/UM Singles|[Gen 7] Ubers,c|[Gen 7] UU,c|[Gen 7] RU,c|[Gen 7] NU,c|[Gen 7] PU,c|[Gen 7] LC,c|[Gen 7] Monotype,c|[Gen 7] 1v1,c|[Gen 7] Anything Goes,c|[Gen 7] ZU,c|[Gen 7] CAP,c|[Gen 7] Battle Spot Singles,5c|[Gen 7 Let's Go] OU,1c|[Gen 7] Custom Game,c|,4|US/UM Doubles|[Gen 7] Doubles UU,c|[Gen 7] VGC 2019,5c|[Gen 7] VGC 2018,5c|[Gen 7] VGC 2017,5c|[Gen 7] Battle Spot Doubles,5c|[Gen 7 Let's Go] Doubles OU,1c|[Gen 7] Doubles Custom Game,c|,4|OR/AS Singles|[Gen 6] Ubers,c|[Gen 6] UU,c|[Gen 6] RU,c|[Gen 6] PU,c|[Gen 6] LC,c|[Gen 6] Monotype,c|[Gen 6] 1v1,c|[Gen 6] Anything Goes,c|[Gen 6] ZU,c|[Gen 6] CAP,c|[Gen 6] Battle Spot Singles,5c|[Gen 6] Custom Game,c|,4|OR/AS Doubles/Triples|[Gen 6] VGC 2016,5c|[Gen 6] VGC 2015,5c|[Gen 6] VGC 2014,5c|[Gen 6] Battle Spot Doubles,5c|[Gen 6] Doubles Custom Game,c|[Gen 6] Battle Spot Triples,1c|[Gen 6] Triples Custom Game,c|,4|B2/W2 Singles|[Gen 5] Ubers,c|[Gen 5] UU,c|[Gen 5] RU,c|[Gen 5] NU,c|[Gen 5] PU,c|[Gen 5] Monotype,c|[Gen 5] LC,c|[Gen 5] 1v1,c|[Gen 5] CAP,c|[Gen 5] ZU,c|[Gen 5] BW1 OU,c|[Gen 5] GBU Singles,5c|[Gen 5] Custom Game,c|,4|B2/W2 Doubles|[Gen 5] VGC 2013,5c|[Gen 5] VGC 2012,5c|[Gen 5] VGC 2011,5c|[Gen 5] Doubles Custom Game,c|[Gen 5] Triples Custom Game,c|,4|DPP Singles|[Gen 4] UU,c|[Gen 4] NU,c|[Gen 4] LC,c|[Gen 4] Anything Goes,c|[Gen 4] 1v1,c|[Gen 4] CAP,c|[Gen 4] PU,c|[Gen 4] ZU,c|[Gen 4] Custom Game,c|,4|DPP Doubles|[Gen 4] VGC 2010,5c|[Gen 4] Doubles Custom Game,c|,4|Past Generations|[Gen 3] Ubers,c|[Gen 3] UU,c|[Gen 3] RU,c|[Gen 3] NU,c|[Gen 3] PU,c|[Gen 3] LC,c|[Gen 3] 1v1,c|[Gen 3] UUBL,c|[Gen 3] ZU,c|[Gen 3] ADV 200,c|[Gen 3] ADV 200 Doubles,c|[Gen 3] Orre Colosseum,4c|[Gen 3] Custom Game,c|[Gen 3] Doubles Custom Game,c|[Gen 2] Ubers,c|[Gen 2] UU,c|[Gen 2] NU,c|[Gen 2] PU,c|[Gen 2] 1v1,c|[Gen 2] ZU,c|[Gen 2] NC 2000,4c|[Gen 2] Stadium OU,c|[Gen 2] Custom Game,c|[Gen 1] Ubers,c|[Gen 1] UU,c|[Gen 1] NU,c|[Gen 1] PU,c|[Gen 1] ZU,c|[Gen 1] LC,c|[Gen 1] 1v1,c|[Gen 1] NC 1997,4c|[Gen 1] Japanese OU,c|[Gen 1] Stadium OU,c|[Gen 1] Tradebacks OU,c|[Gen 1] Custom Game,c
[2026-03-09 19:13:59,679][SimpleHeuristics 1][INFO] - [92m[1m<<<[0m |challstr|4|15fca91a5f588f1ff405459253345fa1f8904d72bf5a0d0a19e231316eb6f5c8059ea298b454def70a58083d3c35ecb90938d8baa1340b774ca7460dcbf96a5b05feaeda2558814b4f632d1cb865dac20ba030842bec073445247764a0da0167f5edbf26d4c9a55ff623a6400f77e60f080da2676e9a2750ffddf7bb445230fd
[2026-03-09 19:13:59,679][SimpleHeuristics 1][INFO] - Bypassing authentication request
[2026-03-09 19:13:59,679][SimpleHeuristics 1][INFO] - [93m[1m>>>[0m |/trn SimpleHeuristics 1,0,
[2026-03-09 19:13:59,680][SimpleHeuristics 1][INFO] - [92m[1m<<<[0m |updatesearch|{"searching":[],"games":null}
[2026-03-09 19:13:59,680][SimpleHeuristics 1][INFO] - [92m[1m<<<[0m |updateuser| SimpleHeuristics 1|1|101|{"blockChallenges":false,"blockPMs":false,"ignoreTickets":false,"hideBattlesFromTrainerCard":false,"blockInvites":false,"doNotDisturb":false,"blockFriendRequests":false,"allowFriendNotifications":false,"displayBattlesToFriends":false,"hideLogins":false,"hiddenNextBattle":false,"inviteOnlyNextBattle":false,"language":null}
[2026-03-09 19:13:59,680][SimpleHeuristics 1][INFO] - [92m[1m<<<[0m |updatesearch|{"searching":[],"games":null}
[2026-03-09 19:13:59,682][SimpleHeuristics 2][INFO] - Starting listening to showdown websocket
[2026-03-09 19:13:59,697][SimpleHeuristics 2][INFO] - [92m[1m<<<[0m |updateuser| Guest 34|0|170|{"blockChallenges":false,"blockPMs":false,"ignoreTickets":false,"hideBattlesFromTrainerCard":false,"blockInvites":false,"doNotDisturb":false,"blockFriendRequests":false,"allowFriendNotifications":false,"displayBattlesToFriends":false,"hideLogins":false,"hiddenNextBattle":false,"inviteOnlyNextBattle":false,"language":null}
|customgroups|[{"symbol":"~","name":"Administrator","type":"leadership"},{"symbol":"#","name":"Room Owner","type":"leadership"},{"symbol":"★","name":"Host","type":"leadership"},{"symbol":"@","name":"Moderator","type":"staff"},{"symbol":"%","name":"Driver","type":"staff"},{"symbol":"*","name":"Bot","type":"normal"},{"symbol":"☆","name":"Player","type":"normal"},{"symbol":"+","name":"Voice","type":"normal"},{"symbol":"^","name":"Prize Winner","type":"normal"},{"symbol":"whitelist","name":"Whitelist","type":"normal"},{"symbol":" ","name":null,"type":"normal"},{"symbol":"‽","name":"Locked","type":"punishment"},{"symbol":"!","name":"Muted","type":"punishment"}]
|formats|,LL|,1|S/V Singles|[Gen 9] Random Battle,4f|[Gen 9] Unrated Random Battle,b|[Gen 9] Free-For-All Random Battle,7|[Gen 9] Random Battle (Blitz),4f|[Gen 9] Multi Random Battle,5|[Gen 9] OU,e|[Gen 9] Ubers,e|[Gen 9] UU,e|[Gen 9] RU,e|[Gen 9] NU,e|[Gen 9] PU,e|[Gen 9] LC,e|[Gen 9] Monotype,e|[Gen 9] CAP,e|[Gen 9] BSS Reg I,5e|[Gen 9] BSS Reg J,5c|[Gen 9] Custom Game,c|,1|S/V Doubles|[Gen 9] Random Doubles Battle,4f|[Gen 9] Doubles OU,e|[Gen 9] Doubles Ubers,e|[Gen 9] Doubles UU,e|[Gen 9] Doubles LC,c|[Gen 9] VGC 2023 Reg C,5c|[Gen 9] VGC 2023 Reg D,5c|[Gen 9] VGC 2024 Reg G,5c|[Gen 9] VGC 2026 Reg I,5e|[Gen 9] VGC 2026 Reg F,5e|[Gen 9] VGC 2026 Reg F (Bo3),1e|[Gen 9] Doubles Custom Game,c|,1|Unofficial Metagames|[Gen 9] 1v1,e|[Gen 9] 2v2 Doubles,e|[Gen 9] Anything Goes,e|[Gen 9] ZU,e|[Gen 9] Free-For-All,6|[Gen 9] LC UU,c|[Gen 9] NFE,c|[Gen 9] Ubers UU,c|,1|Draft|[Gen 9] Draft,8c|[Gen 9] 6v6 Doubles Draft,8c|[Gen 9] 4v4 Doubles Draft,dc|[Gen 9] NatDex Draft,8c|[Gen 9] NatDex 6v6 Doubles Draft,8c|[Gen 9] NatDex LC Draft,8c|[Gen 8] Draft,c|[Gen 8] NatDex Draft,c|[Gen 8] NatDex 4v4 Doubles Draft,1c|[Gen 7] Draft,c|[Gen 6] Draft,c|[Gen 5] Draft,c|[Gen 4] Draft,c|[Gen 3] Draft,c|,2|Ladder Spotlight|[Gen 9] BSS Factory (Bo3),1f|[Gen 9] Linked,e|[Gen 9] 350 Cup,e|[Gen 9] Pokebilities AAA,e|[Gen 9] 4v4 Doubles UU,5e|[Gen 9] National Dex RU,e|[Gen 6] Megas Revisited Random Battle,4f|[Gen 9] ChatBats,f|[Gen 4] Ubers,e|[Gen 6] NU,e|[Gen 4] VGC 2009,5e|,2|Other Metagames|[Gen 9] Almost Any Ability,e|[Gen 9] Balanced Hackmons,e|[Gen 9] Godly Gift,e|[Gen 9] Mix and Mega,e|[Gen 9] Shared Power,e|[Gen 9] STABmons,e|[Gen 6] Pure Hackmons,e|,2|Challengeable OMs|[Gen 9] 1-2 Switch,c|[Gen 9] Alphabet Cup,c|[Gen 9] Bad 'n Boosted,c|[Gen 9] Battlefields,c|[Gen 9] Bio Mech Mons,c|[Gen 9] Camomons,c|[Gen 9] Category Swap,c|[Gen 9] Convergence,c|[Gen 9] Cross Evolution,c|[Gen 9] Fervent Impersonation,c|[Gen 9] Flipped,c|[Gen 9] Foresighters,c|[Gen 9] Formemons,c|[Gen 9] Fortemons,c|[Gen 9] Frantic Fusions,c|[Gen 9] Full Potential,c|[Gen 9] Inheritance,c|[Gen 9] Inverse,c|[Gen 9] Nature Swap,c|[Gen 9] Partners in Crime,c|[Gen 9] Passive Aggressive,c|[Gen 9] Pokebilities,c|[Gen 9] Pokemoves,c|[Gen 9] Pure Hackmons,c|[Gen 9] Relay Race,c|[Gen 9] Revelationmons,c|[Gen 9] Sharing is Caring,c|[Gen 9] Tera Donation,c|[Gen 9] Tera Override,c|[Gen 9] The Card Game,c|[Gen 9] The Loser's Game,c|[Gen 9] Tier Shift,c|[Gen 9] Trademarked,c|[Gen 9] Triples,c|[Gen 9] Type Split,c|[Gen 9] VoltTurn Mayhem,c|[Gen 7] Pure Hackmons,c|,2|Temporary Tour Metas|[Gen 9] Mix and Mega LC,c|[Gen 8] Mix and Mega,c|[Gen 7] Mix and Mega,c|[Gen 6] Mix and Mega,c|,2|National Dex|[Gen 9] National Dex,e|[Gen 8] National Dex,e|,2|National Dex Other Tiers|[Gen 9] National Dex 35 Pokes,c|[Gen 9] National Dex Ubers,e|[Gen 9] National Dex UU,e|[Gen 9] National Dex Ubers UU,c|[Gen 9] National Dex LC,c|[Gen 9] National Dex Monotype,e|[Gen 9] National Dex Doubles,e|[Gen 9] National Dex Doubles Ubers,c|[Gen 9] National Dex 1v1,c|[Gen 9] National Dex AG,c|[Gen 9] National Dex AAA,c|[Gen 9] National Dex BH,c|[Gen 9] National Dex Godly Gift,c|[Gen 9] National Dex STABmons,c|[Gen 8] National Dex UU,c|[Gen 8] National Dex RU,c|[Gen 8] National Dex Doubles,e|[Gen 8] National Dex Monotype,c|[Gen 8 DLC 1] National Dex AG,c|,2|Pet Mods|[Gen 6] Megas Revisited,c|[Gen 9] Legends Z-A OU,e|,3|Randomized Metas|[Gen 9] Random Roulette,4f|[Gen 9] Super Staff Bros Ultimate,4f|[Gen 9] Monotype Random Battle,4f|[Gen 9] Random Battle (Shared Power, B12P6),4f|[Gen 9] Random Battle Mayhem,4f|[Gen 9] Battle Factory,4f|[Gen 9] 1v1 Factory,4f|[Gen 9] BSS Factory,5d|[Gen 9] Draft Factory,4d|[Gen 9] Baby Random Battle,4f|[Gen 9] Hackmons Cup,4f|[Gen 9] Doubles Hackmons Cup,4d|[Gen 9] Broken Cup,4f|[Gen 9] Challenge Cup 1v1,4f|[Gen 9] Challenge Cup 2v2,4f|[Gen 9] Challenge Cup 6v6,4d|[Gen 9] Metronome Battle,4e|[Gen 8] Random Battle,4f|[Gen 8] Random Doubles Battle,4d|[Gen 8] Free-For-All Random Battle,5|[Gen 8] Multi Random Battle,5|[Gen 8] Battle Factory,4d|[Gen 8] BSS Factory,5d|[Gen 8] Hackmons Cup,4d|[Gen 8] CAP 1v1,4d|[Gen 8 BDSP] Random Battle,4d|[Gen 7] Random Battle,4f|[Gen 7] Battle Factory,4d|[Gen 7] BSS Factory,5d|[Gen 7] Hackmons Cup,9|[Gen 7 Let's Go] Random Battle,4d|[Gen 6] Random Battle,4f|[Gen 6] Battle Factory,9|[Gen 5] Random Battle,4f|[Gen 4] Random Battle,4f|[Gen 3] Random Battle,4f|[Gen 2] Random Battle,4f|[Gen 1] Random Battle,4f|[Gen 1] Challenge Cup,9|[Gen 1] Hackmons Cup,9|,4|Past Gens OU|[Gen 8] OU,e|[Gen 7] OU,e|[Gen 6] OU,e|[Gen 5] OU,e|[Gen 4] OU,e|[Gen 3] OU,e|[Gen 2] OU,e|[Gen 1] OU,e|,4|Past Gens Doubles OU|[Gen 8] Doubles OU,e|[Gen 7] Doubles OU,e|[Gen 6] Doubles OU,e|[Gen 5] Doubles OU,c|[Gen 4] Doubles OU,c|[Gen 3] Doubles OU,c|,4|Sw/Sh Singles|[Gen 8] Ubers,c|[Gen 8] UU,c|[Gen 8] RU,c|[Gen 8] NU,c|[Gen 8] PU,c|[Gen 8] LC,c|[Gen 8] Monotype,c|[Gen 8] 1v1,c|[Gen 8] Anything Goes,c|[Gen 8] ZU,c|[Gen 8] CAP,c|[Gen 8] Battle Stadium Singles,5c|[Gen 8 BDSP] OU,c|[Gen 8 BDSP] Ubers,c|[Gen 8] Custom Game,c|,4|Sw/Sh Doubles|[Gen 8] Doubles Ubers,c|[Gen 8] Doubles UU,c|[Gen 8] VGC 2022,5c|[Gen 8] VGC 2021,5c|[Gen 8] VGC 2020,5c|[Gen 8 BDSP] Doubles OU,c|[Gen 8 BDSP] Battle Festival Doubles,1c|[Gen 8] Doubles Custom Game,c|,4|US/UM Singles|[Gen 7] Ubers,c|[Gen 7] UU,c|[Gen 7] RU,c|[Gen 7] NU,c|[Gen 7] PU,c|[Gen 7] LC,c|[Gen 7] Monotype,c|[Gen 7] 1v1,c|[Gen 7] Anything Goes,c|[Gen 7] ZU,c|[Gen 7] CAP,c|[Gen 7] Battle Spot Singles,5c|[Gen 7 Let's Go] OU,1c|[Gen 7] Custom Game,c|,4|US/UM Doubles|[Gen 7] Doubles UU,c|[Gen 7] VGC 2019,5c|[Gen 7] VGC 2018,5c|[Gen 7] VGC 2017,5c|[Gen 7] Battle Spot Doubles,5c|[Gen 7 Let's Go] Doubles OU,1c|[Gen 7] Doubles Custom Game,c|,4|OR/AS Singles|[Gen 6] Ubers,c|[Gen 6] UU,c|[Gen 6] RU,c|[Gen 6] PU,c|[Gen 6] LC,c|[Gen 6] Monotype,c|[Gen 6] 1v1,c|[Gen 6] Anything Goes,c|[Gen 6] ZU,c|[Gen 6] CAP,c|[Gen 6] Battle Spot Singles,5c|[Gen 6] Custom Game,c|,4|OR/AS Doubles/Triples|[Gen 6] VGC 2016,5c|[Gen 6] VGC 2015,5c|[Gen 6] VGC 2014,5c|[Gen 6] Battle Spot Doubles,5c|[Gen 6] Doubles Custom Game,c|[Gen 6] Battle Spot Triples,1c|[Gen 6] Triples Custom Game,c|,4|B2/W2 Singles|[Gen 5] Ubers,c|[Gen 5] UU,c|[Gen 5] RU,c|[Gen 5] NU,c|[Gen 5] PU,c|[Gen 5] Monotype,c|[Gen 5] LC,c|[Gen 5] 1v1,c|[Gen 5] CAP,c|[Gen 5] ZU,c|[Gen 5] BW1 OU,c|[Gen 5] GBU Singles,5c|[Gen 5] Custom Game,c|,4|B2/W2 Doubles|[Gen 5] VGC 2013,5c|[Gen 5] VGC 2012,5c|[Gen 5] VGC 2011,5c|[Gen 5] Doubles Custom Game,c|[Gen 5] Triples Custom Game,c|,4|DPP Singles|[Gen 4] UU,c|[Gen 4] NU,c|[Gen 4] LC,c|[Gen 4] Anything Goes,c|[Gen 4] 1v1,c|[Gen 4] CAP,c|[Gen 4] PU,c|[Gen 4] ZU,c|[Gen 4] Custom Game,c|,4|DPP Doubles|[Gen 4] VGC 2010,5c|[Gen 4] Doubles Custom Game,c|,4|Past Generations|[Gen 3] Ubers,c|[Gen 3] UU,c|[Gen 3] RU,c|[Gen 3] NU,c|[Gen 3] PU,c|[Gen 3] LC,c|[Gen 3] 1v1,c|[Gen 3] UUBL,c|[Gen 3] ZU,c|[Gen 3] ADV 200,c|[Gen 3] ADV 200 Doubles,c|[Gen 3] Orre Colosseum,4c|[Gen 3] Custom Game,c|[Gen 3] Doubles Custom Game,c|[Gen 2] Ubers,c|[Gen 2] UU,c|[Gen 2] NU,c|[Gen 2] PU,c|[Gen 2] 1v1,c|[Gen 2] ZU,c|[Gen 2] NC 2000,4c|[Gen 2] Stadium OU,c|[Gen 2] Custom Game,c|[Gen 1] Ubers,c|[Gen 1] UU,c|[Gen 1] NU,c|[Gen 1] PU,c|[Gen 1] ZU,c|[Gen 1] LC,c|[Gen 1] 1v1,c|[Gen 1] NC 1997,4c|[Gen 1] Japanese OU,c|[Gen 1] Stadium OU,c|[Gen 1] Tradebacks OU,c|[Gen 1] Custom Game,c
[2026-03-09 19:13:59,698][SimpleHeuristics 2][INFO] - [92m[1m<<<[0m |challstr|4|f4b61531344cc1c14b58e07e89e1050527ca4406db202a85886de18374cd852aa6689e954f4c7993f6fa3036cf7af51afe4bbbccf49f2b25892498766124e90e2ffd98444a8f71d491f3f08d98d9cb604b7c343e8b6eee773d8e6cb9c20f6f20e1cb8e463fe707ffb26584c864447de4254f0adb9f43c68cc9e2278b872ec89c
[2026-03-09 19:13:59,698][SimpleHeuristics 2][INFO] - Bypassing authentication request
[2026-03-09 19:13:59,699][SimpleHeuristics 2][INFO] - [93m[1m>>>[0m |/trn SimpleHeuristics 2,0,
[2026-03-09 19:13:59,699][SimpleHeuristics 2][INFO] - [92m[1m<<<[0m |updatesearch|{"searching":[],"games":null}
[2026-03-09 19:13:59,699][SimpleHeuristics 2][INFO] - [92m[1m<<<[0m |updateuser| SimpleHeuristics 2|1|266|{"blockChallenges":false,"blockPMs":false,"ignoreTickets":false,"hideBattlesFromTrainerCard":false,"blockInvites":false,"doNotDisturb":false,"blockFriendRequests":false,"allowFriendNotifications":false,"displayBattlesToFriends":false,"hideLogins":false,"hiddenNextBattle":false,"inviteOnlyNextBattle":false,"language":null}
[2026-03-09 19:13:59,700][SimpleHeuristics 2][INFO] - [92m[1m<<<[0m |updatesearch|{"searching":[],"games":null}
[2026-03-09 19:14:00,246][RandomPlayer 1][INFO] - Starting listening to showdown websocket
[2026-03-09 19:14:00,247][RandomPlayer 1][INFO] - [92m[1m<<<[0m |updateuser| Guest 37|0|265|{"blockChallenges":false,"blockPMs":false,"ignoreTickets":false,"hideBattlesFromTrainerCard":false,"blockInvites":false,"doNotDisturb":false,"blockFriendRequests":false,"allowFriendNotifications":false,"displayBattlesToFriends":false,"hideLogins":false,"hiddenNextBattle":false,"inviteOnlyNextBattle":false,"language":null}
|customgroups|[{"symbol":"~","name":"Administrator","type":"leadership"},{"symbol":"#","name":"Room Owner","type":"leadership"},{"symbol":"★","name":"Host","type":"leadership"},{"symbol":"@","name":"Moderator","type":"staff"},{"symbol":"%","name":"Driver","type":"staff"},{"symbol":"*","name":"Bot","type":"normal"},{"symbol":"☆","name":"Player","type":"normal"},{"symbol":"+","name":"Voice","type":"normal"},{"symbol":"^","name":"Prize Winner","type":"normal"},{"symbol":"whitelist","name":"Whitelist","type":"normal"},{"symbol":" ","name":null,"type":"normal"},{"symbol":"‽","name":"Locked","type":"punishment"},{"symbol":"!","name":"Muted","type":"punishment"}]
|formats|,LL|,1|S/V Singles|[Gen 9] Random Battle,4f|[Gen 9] Unrated Random Battle,b|[Gen 9] Free-For-All Random Battle,7|[Gen 9] Random Battle (Blitz),4f|[Gen 9] Multi Random Battle,5|[Gen 9] OU,e|[Gen 9] Ubers,e|[Gen 9] UU,e|[Gen 9] RU,e|[Gen 9] NU,e|[Gen 9] PU,e|[Gen 9] LC,e|[Gen 9] Monotype,e|[Gen 9] CAP,e|[Gen 9] BSS Reg I,5e|[Gen 9] BSS Reg J,5c|[Gen 9] Custom Game,c|,1|S/V Doubles|[Gen 9] Random Doubles Battle,4f|[Gen 9] Doubles OU,e|[Gen 9] Doubles Ubers,e|[Gen 9] Doubles UU,e|[Gen 9] Doubles LC,c|[Gen 9] VGC 2023 Reg C,5c|[Gen 9] VGC 2023 Reg D,5c|[Gen 9] VGC 2024 Reg G,5c|[Gen 9] VGC 2026 Reg I,5e|[Gen 9] VGC 2026 Reg F,5e|[Gen 9] VGC 2026 Reg F (Bo3),1e|[Gen 9] Doubles Custom Game,c|,1|Unofficial Metagames|[Gen 9] 1v1,e|[Gen 9] 2v2 Doubles,e|[Gen 9] Anything Goes,e|[Gen 9] ZU,e|[Gen 9] Free-For-All,6|[Gen 9] LC UU,c|[Gen 9] NFE,c|[Gen 9] Ubers UU,c|,1|Draft|[Gen 9] Draft,8c|[Gen 9] 6v6 Doubles Draft,8c|[Gen 9] 4v4 Doubles Draft,dc|[Gen 9] NatDex Draft,8c|[Gen 9] NatDex 6v6 Doubles Draft,8c|[Gen 9] NatDex LC Draft,8c|[Gen 8] Draft,c|[Gen 8] NatDex Draft,c|[Gen 8] NatDex 4v4 Doubles Draft,1c|[Gen 7] Draft,c|[Gen 6] Draft,c|[Gen 5] Draft,c|[Gen 4] Draft,c|[Gen 3] Draft,c|,2|Ladder Spotlight|[Gen 9] BSS Factory (Bo3),1f|[Gen 9] Linked,e|[Gen 9] 350 Cup,e|[Gen 9] Pokebilities AAA,e|[Gen 9] 4v4 Doubles UU,5e|[Gen 9] National Dex RU,e|[Gen 6] Megas Revisited Random Battle,4f|[Gen 9] ChatBats,f|[Gen 4] Ubers,e|[Gen 6] NU,e|[Gen 4] VGC 2009,5e|,2|Other Metagames|[Gen 9] Almost Any Ability,e|[Gen 9] Balanced Hackmons,e|[Gen 9] Godly Gift,e|[Gen 9] Mix and Mega,e|[Gen 9] Shared Power,e|[Gen 9] STABmons,e|[Gen 6] Pure Hackmons,e|,2|Challengeable OMs|[Gen 9] 1-2 Switch,c|[Gen 9] Alphabet Cup,c|[Gen 9] Bad 'n Boosted,c|[Gen 9] Battlefields,c|[Gen 9] Bio Mech Mons,c|[Gen 9] Camomons,c|[Gen 9] Category Swap,c|[Gen 9] Convergence,c|[Gen 9] Cross Evolution,c|[Gen 9] Fervent Impersonation,c|[Gen 9] Flipped,c|[Gen 9] Foresighters,c|[Gen 9] Formemons,c|[Gen 9] Fortemons,c|[Gen 9] Frantic Fusions,c|[Gen 9] Full Potential,c|[Gen 9] Inheritance,c|[Gen 9] Inverse,c|[Gen 9] Nature Swap,c|[Gen 9] Partners in Crime,c|[Gen 9] Passive Aggressive,c|[Gen 9] Pokebilities,c|[Gen 9] Pokemoves,c|[Gen 9] Pure Hackmons,c|[Gen 9] Relay Race,c|[Gen 9] Revelationmons,c|[Gen 9] Sharing is Caring,c|[Gen 9] Tera Donation,c|[Gen 9] Tera Override,c|[Gen 9] The Card Game,c|[Gen 9] The Loser's Game,c|[Gen 9] Tier Shift,c|[Gen 9] Trademarked,c|[Gen 9] Triples,c|[Gen 9] Type Split,c|[Gen 9] VoltTurn Mayhem,c|[Gen 7] Pure Hackmons,c|,2|Temporary Tour Metas|[Gen 9] Mix and Mega LC,c|[Gen 8] Mix and Mega,c|[Gen 7] Mix and Mega,c|[Gen 6] Mix and Mega,c|,2|National Dex|[Gen 9] National Dex,e|[Gen 8] National Dex,e|,2|National Dex Other Tiers|[Gen 9] National Dex 35 Pokes,c|[Gen 9] National Dex Ubers,e|[Gen 9] National Dex UU,e|[Gen 9] National Dex Ubers UU,c|[Gen 9] National Dex LC,c|[Gen 9] National Dex Monotype,e|[Gen 9] National Dex Doubles,e|[Gen 9] National Dex Doubles Ubers,c|[Gen 9] National Dex 1v1,c|[Gen 9] National Dex AG,c|[Gen 9] National Dex AAA,c|[Gen 9] National Dex BH,c|[Gen 9] National Dex Godly Gift,c|[Gen 9] National Dex STABmons,c|[Gen 8] National Dex UU,c|[Gen 8] National Dex RU,c|[Gen 8] National Dex Doubles,e|[Gen 8] National Dex Monotype,c|[Gen 8 DLC 1] National Dex AG,c|,2|Pet Mods|[Gen 6] Megas Revisited,c|[Gen 9] Legends Z-A OU,e|,3|Randomized Metas|[Gen 9] Random Roulette,4f|[Gen 9] Super Staff Bros Ultimate,4f|[Gen 9] Monotype Random Battle,4f|[Gen 9] Random Battle (Shared Power, B12P6),4f|[Gen 9] Random Battle Mayhem,4f|[Gen 9] Battle Factory,4f|[Gen 9] 1v1 Factory,4f|[Gen 9] BSS Factory,5d|[Gen 9] Draft Factory,4d|[Gen 9] Baby Random Battle,4f|[Gen 9] Hackmons Cup,4f|[Gen 9] Doubles Hackmons Cup,4d|[Gen 9] Broken Cup,4f|[Gen 9] Challenge Cup 1v1,4f|[Gen 9] Challenge Cup 2v2,4f|[Gen 9] Challenge Cup 6v6,4d|[Gen 9] Metronome Battle,4e|[Gen 8] Random Battle,4f|[Gen 8] Random Doubles Battle,4d|[Gen 8] Free-For-All Random Battle,5|[Gen 8] Multi Random Battle,5|[Gen 8] Battle Factory,4d|[Gen 8] BSS Factory,5d|[Gen 8] Hackmons Cup,4d|[Gen 8] CAP 1v1,4d|[Gen 8 BDSP] Random Battle,4d|[Gen 7] Random Battle,4f|[Gen 7] Battle Factory,4d|[Gen 7] BSS Factory,5d|[Gen 7] Hackmons Cup,9|[Gen 7 Let's Go] Random Battle,4d|[Gen 6] Random Battle,4f|[Gen 6] Battle Factory,9|[Gen 5] Random Battle,4f|[Gen 4] Random Battle,4f|[Gen 3] Random Battle,4f|[Gen 2] Random Battle,4f|[Gen 1] Random Battle,4f|[Gen 1] Challenge Cup,9|[Gen 1] Hackmons Cup,9|,4|Past Gens OU|[Gen 8] OU,e|[Gen 7] OU,e|[Gen 6] OU,e|[Gen 5] OU,e|[Gen 4] OU,e|[Gen 3] OU,e|[Gen 2] OU,e|[Gen 1] OU,e|,4|Past Gens Doubles OU|[Gen 8] Doubles OU,e|[Gen 7] Doubles OU,e|[Gen 6] Doubles OU,e|[Gen 5] Doubles OU,c|[Gen 4] Doubles OU,c|[Gen 3] Doubles OU,c|,4|Sw/Sh Singles|[Gen 8] Ubers,c|[Gen 8] UU,c|[Gen 8] RU,c|[Gen 8] NU,c|[Gen 8] PU,c|[Gen 8] LC,c|[Gen 8] Monotype,c|[Gen 8] 1v1,c|[Gen 8] Anything Goes,c|[Gen 8] ZU,c|[Gen 8] CAP,c|[Gen 8] Battle Stadium Singles,5c|[Gen 8 BDSP] OU,c|[Gen 8 BDSP] Ubers,c|[Gen 8] Custom Game,c|,4|Sw/Sh Doubles|[Gen 8] Doubles Ubers,c|[Gen 8] Doubles UU,c|[Gen 8] VGC 2022,5c|[Gen 8] VGC 2021,5c|[Gen 8] VGC 2020,5c|[Gen 8 BDSP] Doubles OU,c|[Gen 8 BDSP] Battle Festival Doubles,1c|[Gen 8] Doubles Custom Game,c|,4|US/UM Singles|[Gen 7] Ubers,c|[Gen 7] UU,c|[Gen 7] RU,c|[Gen 7] NU,c|[Gen 7] PU,c|[Gen 7] LC,c|[Gen 7] Monotype,c|[Gen 7] 1v1,c|[Gen 7] Anything Goes,c|[Gen 7] ZU,c|[Gen 7] CAP,c|[Gen 7] Battle Spot Singles,5c|[Gen 7 Let's Go] OU,1c|[Gen 7] Custom Game,c|,4|US/UM Doubles|[Gen 7] Doubles UU,c|[Gen 7] VGC 2019,5c|[Gen 7] VGC 2018,5c|[Gen 7] VGC 2017,5c|[Gen 7] Battle Spot Doubles,5c|[Gen 7 Let's Go] Doubles OU,1c|[Gen 7] Doubles Custom Game,c|,4|OR/AS Singles|[Gen 6] Ubers,c|[Gen 6] UU,c|[Gen 6] RU,c|[Gen 6] PU,c|[Gen 6] LC,c|[Gen 6] Monotype,c|[Gen 6] 1v1,c|[Gen 6] Anything Goes,c|[Gen 6] ZU,c|[Gen 6] CAP,c|[Gen 6] Battle Spot Singles,5c|[Gen 6] Custom Game,c|,4|OR/AS Doubles/Triples|[Gen 6] VGC 2016,5c|[Gen 6] VGC 2015,5c|[Gen 6] VGC 2014,5c|[Gen 6] Battle Spot Doubles,5c|[Gen 6] Doubles Custom Game,c|[Gen 6] Battle Spot Triples,1c|[Gen 6] Triples Custom Game,c|,4|B2/W2 Singles|[Gen 5] Ubers,c|[Gen 5] UU,c|[Gen 5] RU,c|[Gen 5] NU,c|[Gen 5] PU,c|[Gen 5] Monotype,c|[Gen 5] LC,c|[Gen 5] 1v1,c|[Gen 5] CAP,c|[Gen 5] ZU,c|[Gen 5] BW1 OU,c|[Gen 5] GBU Singles,5c|[Gen 5] Custom Game,c|,4|B2/W2 Doubles|[Gen 5] VGC 2013,5c|[Gen 5] VGC 2012,5c|[Gen 5] VGC 2011,5c|[Gen 5] Doubles Custom Game,c|[Gen 5] Triples Custom Game,c|,4|DPP Singles|[Gen 4] UU,c|[Gen 4] NU,c|[Gen 4] LC,c|[Gen 4] Anything Goes,c|[Gen 4] 1v1,c|[Gen 4] CAP,c|[Gen 4] PU,c|[Gen 4] ZU,c|[Gen 4] Custom Game,c|,4|DPP Doubles|[Gen 4] VGC 2010,5c|[Gen 4] Doubles Custom Game,c|,4|Past Generations|[Gen 3] Ubers,c|[Gen 3] UU,c|[Gen 3] RU,c|[Gen 3] NU,c|[Gen 3] PU,c|[Gen 3] LC,c|[Gen 3] 1v1,c|[Gen 3] UUBL,c|[Gen 3] ZU,c|[Gen 3] ADV 200,c|[Gen 3] ADV 200 Doubles,c|[Gen 3] Orre Colosseum,4c|[Gen 3] Custom Game,c|[Gen 3] Doubles Custom Game,c|[Gen 2] Ubers,c|[Gen 2] UU,c|[Gen 2] NU,c|[Gen 2] PU,c|[Gen 2] 1v1,c|[Gen 2] ZU,c|[Gen 2] NC 2000,4c|[Gen 2] Stadium OU,c|[Gen 2] Custom Game,c|[Gen 1] Ubers,c|[Gen 1] UU,c|[Gen 1] NU,c|[Gen 1] PU,c|[Gen 1] ZU,c|[Gen 1] LC,c|[Gen 1] 1v1,c|[Gen 1] NC 1997,4c|[Gen 1] Japanese OU,c|[Gen 1] Stadium OU,c|[Gen 1] Tradebacks OU,c|[Gen 1] Custom Game,c
[2026-03-09 19:14:00,248][RandomPlayer 1][INFO] - [92m[1m<<<[0m |challstr|4|eda731d562bfdee0775eae72421b3c66f0a38fe47321833d59dbe8f9c96cb251c755191ef5a39593086d3a9dfb467f54159c8967970c6d6acd1bb8ad8f86bbba57f06c8481d9325c88076aefaf5f2c59662a2e51091acdbce6a5f8e3973b04bb8d9dfae8c8069c9ed97ea8639f3aa47c2df1ccc3f15b55eb5763b93d8c3a4be3
[2026-03-09 19:14:00,248][RandomPlayer 1][INFO] - Bypassing authentication request
[2026-03-09 19:14:00,248][RandomPlayer 1][INFO] - [93m[1m>>>[0m |/trn RandomPlayer 1,0,
[2026-03-09 19:14:00,248][RandomPlayer 1][INFO] - [92m[1m<<<[0m |updatesearch|{"searching":[],"games":null}
[2026-03-09 19:14:00,248][RandomPlayer 1][INFO] - [92m[1m<<<[0m |updateuser| RandomPlayer 1|1|101|{"blockChallenges":false,"blockPMs":false,"ignoreTickets":false,"hideBattlesFromTrainerCard":false,"blockInvites":false,"doNotDisturb":false,"blockFriendRequests":false,"allowFriendNotifications":false,"displayBattlesToFriends":false,"hideLogins":false,"hiddenNextBattle":false,"inviteOnlyNextBattle":false,"language":null}
[2026-03-09 19:14:00,248][RandomPlayer 1][INFO] - [92m[1m<<<[0m |updatesearch|{"searching":[],"games":null}
[2026-03-09 19:21:07,229][SimpleHeuristics 1][INFO] - Starting listening to showdown websocket
[2026-03-09 19:21:07,234][SimpleHeuristics 2][INFO] - Starting listening to showdown websocket
[2026-03-09 19:21:07,898][RandomPlayer 1][INFO] - Starting listening to showdown websocket
[2026-03-09 19:21:07,933][SimpleHeuristics 1][INFO] - [92m[1m<<<[0m |updateuser| Guest 1|0|101|{"blockChallenges":false,"blockPMs":false,"ignoreTickets":false,"hideBattlesFromTrainerCard":false,"blockInvites":false,"doNotDisturb":false,"blockFriendRequests":false,"allowFriendNotifications":false,"displayBattlesToFriends":false,"hideLogins":false,"hiddenNextBattle":false,"inviteOnlyNextBattle":false,"language":null}
|customgroups|[{"symbol":"~","name":"Administrator","type":"leadership"},{"symbol":"#","name":"Room Owner","type":"leadership"},{"symbol":"★","name":"Host","type":"leadership"},{"symbol":"@","name":"Moderator","type":"staff"},{"symbol":"%","name":"Driver","type":"staff"},{"symbol":"*","name":"Bot","type":"normal"},{"symbol":"☆","name":"Player","type":"normal"},{"symbol":"+","name":"Voice","type":"normal"},{"symbol":"^","name":"Prize Winner","type":"normal"},{"symbol":"whitelist","name":"Whitelist","type":"normal"},{"symbol":" ","name":null,"type":"normal"},{"symbol":"‽","name":"Locked","type":"punishment"},{"symbol":"!","name":"Muted","type":"punishment"}]
|formats|,LL|,1|S/V Singles|[Gen 9] Random Battle,4f|[Gen 9] Unrated Random Battle,b|[Gen 9] Free-For-All Random Battle,7|[Gen 9] Random Battle (Blitz),4f|[Gen 9] Multi Random Battle,5|[Gen 9] OU,e|[Gen 9] Ubers,e|[Gen 9] UU,e|[Gen 9] RU,e|[Gen 9] NU,e|[Gen 9] PU,e|[Gen 9] LC,e|[Gen 9] Monotype,e|[Gen 9] CAP,e|[Gen 9] BSS Reg I,5e|[Gen 9] BSS Reg J,5c|[Gen 9] Custom Game,c|,1|S/V Doubles|[Gen 9] Random Doubles Battle,4f|[Gen 9] Doubles OU,e|[Gen 9] Doubles Ubers,e|[Gen 9] Doubles UU,e|[Gen 9] Doubles LC,c|[Gen 9] VGC 2023 Reg C,5c|[Gen 9] VGC 2023 Reg D,5c|[Gen 9] VGC 2024 Reg G,5c|[Gen 9] VGC 2026 Reg I,5e|[Gen 9] VGC 2026 Reg F,5e|[Gen 9] VGC 2026 Reg F (Bo3),1e|[Gen 9] Doubles Custom Game,c|,1|Unofficial Metagames|[Gen 9] 1v1,e|[Gen 9] 2v2 Doubles,e|[Gen 9] Anything Goes,e|[Gen 9] ZU,e|[Gen 9] Free-For-All,6|[Gen 9] LC UU,c|[Gen 9] NFE,c|[Gen 9] Ubers UU,c|,1|Draft|[Gen 9] Draft,8c|[Gen 9] 6v6 Doubles Draft,8c|[Gen 9] 4v4 Doubles Draft,dc|[Gen 9] NatDex Draft,8c|[Gen 9] NatDex 6v6 Doubles Draft,8c|[Gen 9] NatDex LC Draft,8c|[Gen 8] Draft,c|[Gen 8] NatDex Draft,c|[Gen 8] NatDex 4v4 Doubles Draft,1c|[Gen 7] Draft,c|[Gen 6] Draft,c|[Gen 5] Draft,c|[Gen 4] Draft,c|[Gen 3] Draft,c|,2|Ladder Spotlight|[Gen 9] BSS Factory (Bo3),1f|[Gen 9] Linked,e|[Gen 9] 350 Cup,e|[Gen 9] Pokebilities AAA,e|[Gen 9] 4v4 Doubles UU,5e|[Gen 9] National Dex RU,e|[Gen 6] Megas Revisited Random Battle,4f|[Gen 9] ChatBats,f|[Gen 4] Ubers,e|[Gen 6] NU,e|[Gen 4] VGC 2009,5e|,2|Other Metagames|[Gen 9] Almost Any Ability,e|[Gen 9] Balanced Hackmons,e|[Gen 9] Godly Gift,e|[Gen 9] Mix and Mega,e|[Gen 9] Shared Power,e|[Gen 9] STABmons,e|[Gen 6] Pure Hackmons,e|,2|Challengeable OMs|[Gen 9] 1-2 Switch,c|[Gen 9] Alphabet Cup,c|[Gen 9] Bad 'n Boosted,c|[Gen 9] Battlefields,c|[Gen 9] Bio Mech Mons,c|[Gen 9] Camomons,c|[Gen 9] Category Swap,c|[Gen 9] Convergence,c|[Gen 9] Cross Evolution,c|[Gen 9] Fervent Impersonation,c|[Gen 9] Flipped,c|[Gen 9] Foresighters,c|[Gen 9] Formemons,c|[Gen 9] Fortemons,c|[Gen 9] Frantic Fusions,c|[Gen 9] Full Potential,c|[Gen 9] Inheritance,c|[Gen 9] Inverse,c|[Gen 9] Nature Swap,c|[Gen 9] Partners in Crime,c|[Gen 9] Passive Aggressive,c|[Gen 9] Pokebilities,c|[Gen 9] Pokemoves,c|[Gen 9] Pure Hackmons,c|[Gen 9] Relay Race,c|[Gen 9] Revelationmons,c|[Gen 9] Sharing is Caring,c|[Gen 9] Tera Donation,c|[Gen 9] Tera Override,c|[Gen 9] The Card Game,c|[Gen 9] The Loser's Game,c|[Gen 9] Tier Shift,c|[Gen 9] Trademarked,c|[Gen 9] Triples,c|[Gen 9] Type Split,c|[Gen 9] VoltTurn Mayhem,c|[Gen 7] Pure Hackmons,c|,2|Temporary Tour Metas|[Gen 9] Mix and Mega LC,c|[Gen 8] Mix and Mega,c|[Gen 7] Mix and Mega,c|[Gen 6] Mix and Mega,c|,2|National Dex|[Gen 9] National Dex,e|[Gen 8] National Dex,e|,2|National Dex Other Tiers|[Gen 9] National Dex 35 Pokes,c|[Gen 9] National Dex Ubers,e|[Gen 9] National Dex UU,e|[Gen 9] National Dex Ubers UU,c|[Gen 9] National Dex LC,c|[Gen 9] National Dex Monotype,e|[Gen 9] National Dex Doubles,e|[Gen 9] National Dex Doubles Ubers,c|[Gen 9] National Dex 1v1,c|[Gen 9] National Dex AG,c|[Gen 9] National Dex AAA,c|[Gen 9] National Dex BH,c|[Gen 9] National Dex Godly Gift,c|[Gen 9] National Dex STABmons,c|[Gen 8] National Dex UU,c|[Gen 8] National Dex RU,c|[Gen 8] National Dex Doubles,e|[Gen 8] National Dex Monotype,c|[Gen 8 DLC 1] National Dex AG,c|,2|Pet Mods|[Gen 6] Megas Revisited,c|[Gen 9] Legends Z-A OU,e|,3|Randomized Metas|[Gen 9] Random Roulette,4f|[Gen 9] Super Staff Bros Ultimate,4f|[Gen 9] Monotype Random Battle,4f|[Gen 9] Random Battle (Shared Power, B12P6),4f|[Gen 9] Random Battle Mayhem,4f|[Gen 9] Battle Factory,4f|[Gen 9] 1v1 Factory,4f|[Gen 9] BSS Factory,5d|[Gen 9] Draft Factory,4d|[Gen 9] Baby Random Battle,4f|[Gen 9] Hackmons Cup,4f|[Gen 9] Doubles Hackmons Cup,4d|[Gen 9] Broken Cup,4f|[Gen 9] Challenge Cup 1v1,4f|[Gen 9] Challenge Cup 2v2,4f|[Gen 9] Challenge Cup 6v6,4d|[Gen 9] Metronome Battle,4e|[Gen 8] Random Battle,4f|[Gen 8] Random Doubles Battle,4d|[Gen 8] Free-For-All Random Battle,5|[Gen 8] Multi Random Battle,5|[Gen 8] Battle Factory,4d|[Gen 8] BSS Factory,5d|[Gen 8] Hackmons Cup,4d|[Gen 8] CAP 1v1,4d|[Gen 8 BDSP] Random Battle,4d|[Gen 7] Random Battle,4f|[Gen 7] Battle Factory,4d|[Gen 7] BSS Factory,5d|[Gen 7] Hackmons Cup,9|[Gen 7 Let's Go] Random Battle,4d|[Gen 6] Random Battle,4f|[Gen 6] Battle Factory,9|[Gen 5] Random Battle,4f|[Gen 4] Random Battle,4f|[Gen 3] Random Battle,4f|[Gen 2] Random Battle,4f|[Gen 1] Random Battle,4f|[Gen 1] Challenge Cup,9|[Gen 1] Hackmons Cup,9|,4|Past Gens OU|[Gen 8] OU,e|[Gen 7] OU,e|[Gen 6] OU,e|[Gen 5] OU,e|[Gen 4] OU,e|[Gen 3] OU,e|[Gen 2] OU,e|[Gen 1] OU,e|,4|Past Gens Doubles OU|[Gen 8] Doubles OU,e|[Gen 7] Doubles OU,e|[Gen 6] Doubles OU,e|[Gen 5] Doubles OU,c|[Gen 4] Doubles OU,c|[Gen 3] Doubles OU,c|,4|Sw/Sh Singles|[Gen 8] Ubers,c|[Gen 8] UU,c|[Gen 8] RU,c|[Gen 8] NU,c|[Gen 8] PU,c|[Gen 8] LC,c|[Gen 8] Monotype,c|[Gen 8] 1v1,c|[Gen 8] Anything Goes,c|[Gen 8] ZU,c|[Gen 8] CAP,c|[Gen 8] Battle Stadium Singles,5c|[Gen 8 BDSP] OU,c|[Gen 8 BDSP] Ubers,c|[Gen 8] Custom Game,c|,4|Sw/Sh Doubles|[Gen 8] Doubles Ubers,c|[Gen 8] Doubles UU,c|[Gen 8] VGC 2022,5c|[Gen 8] VGC 2021,5c|[Gen 8] VGC 2020,5c|[Gen 8 BDSP] Doubles OU,c|[Gen 8 BDSP] Battle Festival Doubles,1c|[Gen 8] Doubles Custom Game,c|,4|US/UM Singles|[Gen 7] Ubers,c|[Gen 7] UU,c|[Gen 7] RU,c|[Gen 7] NU,c|[Gen 7] PU,c|[Gen 7] LC,c|[Gen 7] Monotype,c|[Gen 7] 1v1,c|[Gen 7] Anything Goes,c|[Gen 7] ZU,c|[Gen 7] CAP,c|[Gen 7] Battle Spot Singles,5c|[Gen 7 Let's Go] OU,1c|[Gen 7] Custom Game,c|,4|US/UM Doubles|[Gen 7] Doubles UU,c|[Gen 7] VGC 2019,5c|[Gen 7] VGC 2018,5c|[Gen 7] VGC 2017,5c|[Gen 7] Battle Spot Doubles,5c|[Gen 7 Let's Go] Doubles OU,1c|[Gen 7] Doubles Custom Game,c|,4|OR/AS Singles|[Gen 6] Ubers,c|[Gen 6] UU,c|[Gen 6] RU,c|[Gen 6] PU,c|[Gen 6] LC,c|[Gen 6] Monotype,c|[Gen 6] 1v1,c|[Gen 6] Anything Goes,c|[Gen 6] ZU,c|[Gen 6] CAP,c|[Gen 6] Battle Spot Singles,5c|[Gen 6] Custom Game,c|,4|OR/AS Doubles/Triples|[Gen 6] VGC 2016,5c|[Gen 6] VGC 2015,5c|[Gen 6] VGC 2014,5c|[Gen 6] Battle Spot Doubles,5c|[Gen 6] Doubles Custom Game,c|[Gen 6] Battle Spot Triples,1c|[Gen 6] Triples Custom Game,c|,4|B2/W2 Singles|[Gen 5] Ubers,c|[Gen 5] UU,c|[Gen 5] RU,c|[Gen 5] NU,c|[Gen 5] PU,c|[Gen 5] Monotype,c|[Gen 5] LC,c|[Gen 5] 1v1,c|[Gen 5] CAP,c|[Gen 5] ZU,c|[Gen 5] BW1 OU,c|[Gen 5] GBU Singles,5c|[Gen 5] Custom Game,c|,4|B2/W2 Doubles|[Gen 5] VGC 2013,5c|[Gen 5] VGC 2012,5c|[Gen 5] VGC 2011,5c|[Gen 5] Doubles Custom Game,c|[Gen 5] Triples Custom Game,c|,4|DPP Singles|[Gen 4] UU,c|[Gen 4] NU,c|[Gen 4] LC,c|[Gen 4] Anything Goes,c|[Gen 4] 1v1,c|[Gen 4] CAP,c|[Gen 4] PU,c|[Gen 4] ZU,c|[Gen 4] Custom Game,c|,4|DPP Doubles|[Gen 4] VGC 2010,5c|[Gen 4] Doubles Custom Game,c|,4|Past Generations|[Gen 3] Ubers,c|[Gen 3] UU,c|[Gen 3] RU,c|[Gen 3] NU,c|[Gen 3] PU,c|[Gen 3] LC,c|[Gen 3] 1v1,c|[Gen 3] UUBL,c|[Gen 3] ZU,c|[Gen 3] ADV 200,c|[Gen 3] ADV 200 Doubles,c|[Gen 3] Orre Colosseum,4c|[Gen 3] Custom Game,c|[Gen 3] Doubles Custom Game,c|[Gen 2] Ubers,c|[Gen 2] UU,c|[Gen 2] NU,c|[Gen 2] PU,c|[Gen 2] 1v1,c|[Gen 2] ZU,c|[Gen 2] NC 2000,4c|[Gen 2] Stadium OU,c|[Gen 2] Custom Game,c|[Gen 1] Ubers,c|[Gen 1] UU,c|[Gen 1] NU,c|[Gen 1] PU,c|[Gen 1] ZU,c|[Gen 1] LC,c|[Gen 1] 1v1,c|[Gen 1] NC 1997,4c|[Gen 1] Japanese OU,c|[Gen 1] Stadium OU,c|[Gen 1] Tradebacks OU,c|[Gen 1] Custom Game,c
[2026-03-09 19:21:07,935][SimpleHeuristics 1][INFO] - [92m[1m<<<[0m |challstr|4|7eff724bd26be5aa14450112048929c319d2d1d5a185ab621c2c27a0a7c8c3ab7a8f6102d4e8fd39d9d7a6fbdaf46e8f75b68494435820d810f3f3a541016bda604280997e32ee15f5cb56318edd1ac837b42c357fcab052bd6b44ea0671d8c130d074391b8862cdd5971d12a2f8cec34c4e163673459d9e69db35de999ce0a5
[2026-03-09 19:21:07,936][SimpleHeuristics 1][INFO] - Bypassing authentication request
[2026-03-09 19:21:07,936][SimpleHeuristics 1][INFO] - [93m[1m>>>[0m |/trn SimpleHeuristics 1,0,
[2026-03-09 19:21:07,937][SimpleHeuristics 2][INFO] - [92m[1m<<<[0m |updateuser| Guest 4|0|265|{"blockChallenges":false,"blockPMs":false,"ignoreTickets":false,"hideBattlesFromTrainerCard":false,"blockInvites":false,"doNotDisturb":false,"blockFriendRequests":false,"allowFriendNotifications":false,"displayBattlesToFriends":false,"hideLogins":false,"hiddenNextBattle":false,"inviteOnlyNextBattle":false,"language":null}
|customgroups|[{"symbol":"~","name":"Administrator","type":"leadership"},{"symbol":"#","name":"Room Owner","type":"leadership"},{"symbol":"★","name":"Host","type":"leadership"},{"symbol":"@","name":"Moderator","type":"staff"},{"symbol":"%","name":"Driver","type":"staff"},{"symbol":"*","name":"Bot","type":"normal"},{"symbol":"☆","name":"Player","type":"normal"},{"symbol":"+","name":"Voice","type":"normal"},{"symbol":"^","name":"Prize Winner","type":"normal"},{"symbol":"whitelist","name":"Whitelist","type":"normal"},{"symbol":" ","name":null,"type":"normal"},{"symbol":"‽","name":"Locked","type":"punishment"},{"symbol":"!","name":"Muted","type":"punishment"}]
|formats|,LL|,1|S/V Singles|[Gen 9] Random Battle,4f|[Gen 9] Unrated Random Battle,b|[Gen 9] Free-For-All Random Battle,7|[Gen 9] Random Battle (Blitz),4f|[Gen 9] Multi Random Battle,5|[Gen 9] OU,e|[Gen 9] Ubers,e|[Gen 9] UU,e|[Gen 9] RU,e|[Gen 9] NU,e|[Gen 9] PU,e|[Gen 9] LC,e|[Gen 9] Monotype,e|[Gen 9] CAP,e|[Gen 9] BSS Reg I,5e|[Gen 9] BSS Reg J,5c|[Gen 9] Custom Game,c|,1|S/V Doubles|[Gen 9] Random Doubles Battle,4f|[Gen 9] Doubles OU,e|[Gen 9] Doubles Ubers,e|[Gen 9] Doubles UU,e|[Gen 9] Doubles LC,c|[Gen 9] VGC 2023 Reg C,5c|[Gen 9] VGC 2023 Reg D,5c|[Gen 9] VGC 2024 Reg G,5c|[Gen 9] VGC 2026 Reg I,5e|[Gen 9] VGC 2026 Reg F,5e|[Gen 9] VGC 2026 Reg F (Bo3),1e|[Gen 9] Doubles Custom Game,c|,1|Unofficial Metagames|[Gen 9] 1v1,e|[Gen 9] 2v2 Doubles,e|[Gen 9] Anything Goes,e|[Gen 9] ZU,e|[Gen 9] Free-For-All,6|[Gen 9] LC UU,c|[Gen 9] NFE,c|[Gen 9] Ubers UU,c|,1|Draft|[Gen 9] Draft,8c|[Gen 9] 6v6 Doubles Draft,8c|[Gen 9] 4v4 Doubles Draft,dc|[Gen 9] NatDex Draft,8c|[Gen 9] NatDex 6v6 Doubles Draft,8c|[Gen 9] NatDex LC Draft,8c|[Gen 8] Draft,c|[Gen 8] NatDex Draft,c|[Gen 8] NatDex 4v4 Doubles Draft,1c|[Gen 7] Draft,c|[Gen 6] Draft,c|[Gen 5] Draft,c|[Gen 4] Draft,c|[Gen 3] Draft,c|,2|Ladder Spotlight|[Gen 9] BSS Factory (Bo3),1f|[Gen 9] Linked,e|[Gen 9] 350 Cup,e|[Gen 9] Pokebilities AAA,e|[Gen 9] 4v4 Doubles UU,5e|[Gen 9] National Dex RU,e|[Gen 6] Megas Revisited Random Battle,4f|[Gen 9] ChatBats,f|[Gen 4] Ubers,e|[Gen 6] NU,e|[Gen 4] VGC 2009,5e|,2|Other Metagames|[Gen 9] Almost Any Ability,e|[Gen 9] Balanced Hackmons,e|[Gen 9] Godly Gift,e|[Gen 9] Mix and Mega,e|[Gen 9] Shared Power,e|[Gen 9] STABmons,e|[Gen 6] Pure Hackmons,e|,2|Challengeable OMs|[Gen 9] 1-2 Switch,c|[Gen 9] Alphabet Cup,c|[Gen 9] Bad 'n Boosted,c|[Gen 9] Battlefields,c|[Gen 9] Bio Mech Mons,c|[Gen 9] Camomons,c|[Gen 9] Category Swap,c|[Gen 9] Convergence,c|[Gen 9] Cross Evolution,c|[Gen 9] Fervent Impersonation,c|[Gen 9] Flipped,c|[Gen 9] Foresighters,c|[Gen 9] Formemons,c|[Gen 9] Fortemons,c|[Gen 9] Frantic Fusions,c|[Gen 9] Full Potential,c|[Gen 9] Inheritance,c|[Gen 9] Inverse,c|[Gen 9] Nature Swap,c|[Gen 9] Partners in Crime,c|[Gen 9] Passive Aggressive,c|[Gen 9] Pokebilities,c|[Gen 9] Pokemoves,c|[Gen 9] Pure Hackmons,c|[Gen 9] Relay Race,c|[Gen 9] Revelationmons,c|[Gen 9] Sharing is Caring,c|[Gen 9] Tera Donation,c|[Gen 9] Tera Override,c|[Gen 9] The Card Game,c|[Gen 9] The Loser's Game,c|[Gen 9] Tier Shift,c|[Gen 9] Trademarked,c|[Gen 9] Triples,c|[Gen 9] Type Split,c|[Gen 9] VoltTurn Mayhem,c|[Gen 7] Pure Hackmons,c|,2|Temporary Tour Metas|[Gen 9] Mix and Mega LC,c|[Gen 8] Mix and Mega,c|[Gen 7] Mix and Mega,c|[Gen 6] Mix and Mega,c|,2|National Dex|[Gen 9] National Dex,e|[Gen 8] National Dex,e|,2|National Dex Other Tiers|[Gen 9] National Dex 35 Pokes,c|[Gen 9] National Dex Ubers,e|[Gen 9] National Dex UU,e|[Gen 9] National Dex Ubers UU,c|[Gen 9] National Dex LC,c|[Gen 9] National Dex Monotype,e|[Gen 9] National Dex Doubles,e|[Gen 9] National Dex Doubles Ubers,c|[Gen 9] National Dex 1v1,c|[Gen 9] National Dex AG,c|[Gen 9] National Dex AAA,c|[Gen 9] National Dex BH,c|[Gen 9] National Dex Godly Gift,c|[Gen 9] National Dex STABmons,c|[Gen 8] National Dex UU,c|[Gen 8] National Dex RU,c|[Gen 8] National Dex Doubles,e|[Gen 8] National Dex Monotype,c|[Gen 8 DLC 1] National Dex AG,c|,2|Pet Mods|[Gen 6] Megas Revisited,c|[Gen 9] Legends Z-A OU,e|,3|Randomized Metas|[Gen 9] Random Roulette,4f|[Gen 9] Super Staff Bros Ultimate,4f|[Gen 9] Monotype Random Battle,4f|[Gen 9] Random Battle (Shared Power, B12P6),4f|[Gen 9] Random Battle Mayhem,4f|[Gen 9] Battle Factory,4f|[Gen 9] 1v1 Factory,4f|[Gen 9] BSS Factory,5d|[Gen 9] Draft Factory,4d|[Gen 9] Baby Random Battle,4f|[Gen 9] Hackmons Cup,4f|[Gen 9] Doubles Hackmons Cup,4d|[Gen 9] Broken Cup,4f|[Gen 9] Challenge Cup 1v1,4f|[Gen 9] Challenge Cup 2v2,4f|[Gen 9] Challenge Cup 6v6,4d|[Gen 9] Metronome Battle,4e|[Gen 8] Random Battle,4f|[Gen 8] Random Doubles Battle,4d|[Gen 8] Free-For-All Random Battle,5|[Gen 8] Multi Random Battle,5|[Gen 8] Battle Factory,4d|[Gen 8] BSS Factory,5d|[Gen 8] Hackmons Cup,4d|[Gen 8] CAP 1v1,4d|[Gen 8 BDSP] Random Battle,4d|[Gen 7] Random Battle,4f|[Gen 7] Battle Factory,4d|[Gen 7] BSS Factory,5d|[Gen 7] Hackmons Cup,9|[Gen 7 Let's Go] Random Battle,4d|[Gen 6] Random Battle,4f|[Gen 6] Battle Factory,9|[Gen 5] Random Battle,4f|[Gen 4] Random Battle,4f|[Gen 3] Random Battle,4f|[Gen 2] Random Battle,4f|[Gen 1] Random Battle,4f|[Gen 1] Challenge Cup,9|[Gen 1] Hackmons Cup,9|,4|Past Gens OU|[Gen 8] OU,e|[Gen 7] OU,e|[Gen 6] OU,e|[Gen 5] OU,e|[Gen 4] OU,e|[Gen 3] OU,e|[Gen 2] OU,e|[Gen 1] OU,e|,4|Past Gens Doubles OU|[Gen 8] Doubles OU,e|[Gen 7] Doubles OU,e|[Gen 6] Doubles OU,e|[Gen 5] Doubles OU,c|[Gen 4] Doubles OU,c|[Gen 3] Doubles OU,c|,4|Sw/Sh Singles|[Gen 8] Ubers,c|[Gen 8] UU,c|[Gen 8] RU,c|[Gen 8] NU,c|[Gen 8] PU,c|[Gen 8] LC,c|[Gen 8] Monotype,c|[Gen 8] 1v1,c|[Gen 8] Anything Goes,c|[Gen 8] ZU,c|[Gen 8] CAP,c|[Gen 8] Battle Stadium Singles,5c|[Gen 8 BDSP] OU,c|[Gen 8 BDSP] Ubers,c|[Gen 8] Custom Game,c|,4|Sw/Sh Doubles|[Gen 8] Doubles Ubers,c|[Gen 8] Doubles UU,c|[Gen 8] VGC 2022,5c|[Gen 8] VGC 2021,5c|[Gen 8] VGC 2020,5c|[Gen 8 BDSP] Doubles OU,c|[Gen 8 BDSP] Battle Festival Doubles,1c|[Gen 8] Doubles Custom Game,c|,4|US/UM Singles|[Gen 7] Ubers,c|[Gen 7] UU,c|[Gen 7] RU,c|[Gen 7] NU,c|[Gen 7] PU,c|[Gen 7] LC,c|[Gen 7] Monotype,c|[Gen 7] 1v1,c|[Gen 7] Anything Goes,c|[Gen 7] ZU,c|[Gen 7] CAP,c|[Gen 7] Battle Spot Singles,5c|[Gen 7 Let's Go] OU,1c|[Gen 7] Custom Game,c|,4|US/UM Doubles|[Gen 7] Doubles UU,c|[Gen 7] VGC 2019,5c|[Gen 7] VGC 2018,5c|[Gen 7] VGC 2017,5c|[Gen 7] Battle Spot Doubles,5c|[Gen 7 Let's Go] Doubles OU,1c|[Gen 7] Doubles Custom Game,c|,4|OR/AS Singles|[Gen 6] Ubers,c|[Gen 6] UU,c|[Gen 6] RU,c|[Gen 6] PU,c|[Gen 6] LC,c|[Gen 6] Monotype,c|[Gen 6] 1v1,c|[Gen 6] Anything Goes,c|[Gen 6] ZU,c|[Gen 6] CAP,c|[Gen 6] Battle Spot Singles,5c|[Gen 6] Custom Game,c|,4|OR/AS Doubles/Triples|[Gen 6] VGC 2016,5c|[Gen 6] VGC 2015,5c|[Gen 6] VGC 2014,5c|[Gen 6] Battle Spot Doubles,5c|[Gen 6] Doubles Custom Game,c|[Gen 6] Battle Spot Triples,1c|[Gen 6] Triples Custom Game,c|,4|B2/W2 Singles|[Gen 5] Ubers,c|[Gen 5] UU,c|[Gen 5] RU,c|[Gen 5] NU,c|[Gen 5] PU,c|[Gen 5] Monotype,c|[Gen 5] LC,c|[Gen 5] 1v1,c|[Gen 5] CAP,c|[Gen 5] ZU,c|[Gen 5] BW1 OU,c|[Gen 5] GBU Singles,5c|[Gen 5] Custom Game,c|,4|B2/W2 Doubles|[Gen 5] VGC 2013,5c|[Gen 5] VGC 2012,5c|[Gen 5] VGC 2011,5c|[Gen 5] Doubles Custom Game,c|[Gen 5] Triples Custom Game,c|,4|DPP Singles|[Gen 4] UU,c|[Gen 4] NU,c|[Gen 4] LC,c|[Gen 4] Anything Goes,c|[Gen 4] 1v1,c|[Gen 4] CAP,c|[Gen 4] PU,c|[Gen 4] ZU,c|[Gen 4] Custom Game,c|,4|DPP Doubles|[Gen 4] VGC 2010,5c|[Gen 4] Doubles Custom Game,c|,4|Past Generations|[Gen 3] Ubers,c|[Gen 3] UU,c|[Gen 3] RU,c|[Gen 3] NU,c|[Gen 3] PU,c|[Gen 3] LC,c|[Gen 3] 1v1,c|[Gen 3] UUBL,c|[Gen 3] ZU,c|[Gen 3] ADV 200,c|[Gen 3] ADV 200 Doubles,c|[Gen 3] Orre Colosseum,4c|[Gen 3] Custom Game,c|[Gen 3] Doubles Custom Game,c|[Gen 2] Ubers,c|[Gen 2] UU,c|[Gen 2] NU,c|[Gen 2] PU,c|[Gen 2] 1v1,c|[Gen 2] ZU,c|[Gen 2] NC 2000,4c|[Gen 2] Stadium OU,c|[Gen 2] Custom Game,c|[Gen 1] Ubers,c|[Gen 1] UU,c|[Gen 1] NU,c|[Gen 1] PU,c|[Gen 1] ZU,c|[Gen 1] LC,c|[Gen 1] 1v1,c|[Gen 1] NC 1997,4c|[Gen 1] Japanese OU,c|[Gen 1] Stadium OU,c|[Gen 1] Tradebacks OU,c|[Gen 1] Custom Game,c
[2026-03-09 19:21:07,938][SimpleHeuristics 2][INFO] - [92m[1m<<<[0m |challstr|4|6502085ec2d6dcccc2c098066533e8adb6ca80453c8523c673e5b364a6989b8038dc15bfc2ec05c0cd09a38fc7f07cc702cf3f50ee89e8a4b5b2c574f69e6cb4922dba784fe28471f8c1a9f48cb4275c4f92d0e4dc8b0b1c6a882c1a6b87f0497fc1876b8b8bba70b96b1e0d25fb4a81a4fa09b7492e12338644982f1e83b300
[2026-03-09 19:21:07,938][SimpleHeuristics 2][INFO] - Bypassing authentication request
[2026-03-09 19:21:07,938][SimpleHeuristics 2][INFO] - [93m[1m>>>[0m |/trn SimpleHeuristics 2,0,
[2026-03-09 19:21:07,938][RandomPlayer 1][INFO] - [92m[1m<<<[0m |updateuser| Guest 7|0|2|{"blockChallenges":false,"blockPMs":false,"ignoreTickets":false,"hideBattlesFromTrainerCard":false,"blockInvites":false,"doNotDisturb":false,"blockFriendRequests":false,"allowFriendNotifications":false,"displayBattlesToFriends":false,"hideLogins":false,"hiddenNextBattle":false,"inviteOnlyNextBattle":false,"language":null}
|customgroups|[{"symbol":"~","name":"Administrator","type":"leadership"},{"symbol":"#","name":"Room Owner","type":"leadership"},{"symbol":"★","name":"Host","type":"leadership"},{"symbol":"@","name":"Moderator","type":"staff"},{"symbol":"%","name":"Driver","type":"staff"},{"symbol":"*","name":"Bot","type":"normal"},{"symbol":"☆","name":"Player","type":"normal"},{"symbol":"+","name":"Voice","type":"normal"},{"symbol":"^","name":"Prize Winner","type":"normal"},{"symbol":"whitelist","name":"Whitelist","type":"normal"},{"symbol":" ","name":null,"type":"normal"},{"symbol":"‽","name":"Locked","type":"punishment"},{"symbol":"!","name":"Muted","type":"punishment"}]
|formats|,LL|,1|S/V Singles|[Gen 9] Random Battle,4f|[Gen 9] Unrated Random Battle,b|[Gen 9] Free-For-All Random Battle,7|[Gen 9] Random Battle (Blitz),4f|[Gen 9] Multi Random Battle,5|[Gen 9] OU,e|[Gen 9] Ubers,e|[Gen 9] UU,e|[Gen 9] RU,e|[Gen 9] NU,e|[Gen 9] PU,e|[Gen 9] LC,e|[Gen 9] Monotype,e|[Gen 9] CAP,e|[Gen 9] BSS Reg I,5e|[Gen 9] BSS Reg J,5c|[Gen 9] Custom Game,c|,1|S/V Doubles|[Gen 9] Random Doubles Battle,4f|[Gen 9] Doubles OU,e|[Gen 9] Doubles Ubers,e|[Gen 9] Doubles UU,e|[Gen 9] Doubles LC,c|[Gen 9] VGC 2023 Reg C,5c|[Gen 9] VGC 2023 Reg D,5c|[Gen 9] VGC 2024 Reg G,5c|[Gen 9] VGC 2026 Reg I,5e|[Gen 9] VGC 2026 Reg F,5e|[Gen 9] VGC 2026 Reg F (Bo3),1e|[Gen 9] Doubles Custom Game,c|,1|Unofficial Metagames|[Gen 9] 1v1,e|[Gen 9] 2v2 Doubles,e|[Gen 9] Anything Goes,e|[Gen 9] ZU,e|[Gen 9] Free-For-All,6|[Gen 9] LC UU,c|[Gen 9] NFE,c|[Gen 9] Ubers UU,c|,1|Draft|[Gen 9] Draft,8c|[Gen 9] 6v6 Doubles Draft,8c|[Gen 9] 4v4 Doubles Draft,dc|[Gen 9] NatDex Draft,8c|[Gen 9] NatDex 6v6 Doubles Draft,8c|[Gen 9] NatDex LC Draft,8c|[Gen 8] Draft,c|[Gen 8] NatDex Draft,c|[Gen 8] NatDex 4v4 Doubles Draft,1c|[Gen 7] Draft,c|[Gen 6] Draft,c|[Gen 5] Draft,c|[Gen 4] Draft,c|[Gen 3] Draft,c|,2|Ladder Spotlight|[Gen 9] BSS Factory (Bo3),1f|[Gen 9] Linked,e|[Gen 9] 350 Cup,e|[Gen 9] Pokebilities AAA,e|[Gen 9] 4v4 Doubles UU,5e|[Gen 9] National Dex RU,e|[Gen 6] Megas Revisited Random Battle,4f|[Gen 9] ChatBats,f|[Gen 4] Ubers,e|[Gen 6] NU,e|[Gen 4] VGC 2009,5e|,2|Other Metagames|[Gen 9] Almost Any Ability,e|[Gen 9] Balanced Hackmons,e|[Gen 9] Godly Gift,e|[Gen 9] Mix and Mega,e|[Gen 9] Shared Power,e|[Gen 9] STABmons,e|[Gen 6] Pure Hackmons,e|,2|Challengeable OMs|[Gen 9] 1-2 Switch,c|[Gen 9] Alphabet Cup,c|[Gen 9] Bad 'n Boosted,c|[Gen 9] Battlefields,c|[Gen 9] Bio Mech Mons,c|[Gen 9] Camomons,c|[Gen 9] Category Swap,c|[Gen 9] Convergence,c|[Gen 9] Cross Evolution,c|[Gen 9] Fervent Impersonation,c|[Gen 9] Flipped,c|[Gen 9] Foresighters,c|[Gen 9] Formemons,c|[Gen 9] Fortemons,c|[Gen 9] Frantic Fusions,c|[Gen 9] Full Potential,c|[Gen 9] Inheritance,c|[Gen 9] Inverse,c|[Gen 9] Nature Swap,c|[Gen 9] Partners in Crime,c|[Gen 9] Passive Aggressive,c|[Gen 9] Pokebilities,c|[Gen 9] Pokemoves,c|[Gen 9] Pure Hackmons,c|[Gen 9] Relay Race,c|[Gen 9] Revelationmons,c|[Gen 9] Sharing is Caring,c|[Gen 9] Tera Donation,c|[Gen 9] Tera Override,c|[Gen 9] The Card Game,c|[Gen 9] The Loser's Game,c|[Gen 9] Tier Shift,c|[Gen 9] Trademarked,c|[Gen 9] Triples,c|[Gen 9] Type Split,c|[Gen 9] VoltTurn Mayhem,c|[Gen 7] Pure Hackmons,c|,2|Temporary Tour Metas|[Gen 9] Mix and Mega LC,c|[Gen 8] Mix and Mega,c|[Gen 7] Mix and Mega,c|[Gen 6] Mix and Mega,c|,2|National Dex|[Gen 9] National Dex,e|[Gen 8] National Dex,e|,2|National Dex Other Tiers|[Gen 9] National Dex 35 Pokes,c|[Gen 9] National Dex Ubers,e|[Gen 9] National Dex UU,e|[Gen 9] National Dex Ubers UU,c|[Gen 9] National Dex LC,c|[Gen 9] National Dex Monotype,e|[Gen 9] National Dex Doubles,e|[Gen 9] National Dex Doubles Ubers,c|[Gen 9] National Dex 1v1,c|[Gen 9] National Dex AG,c|[Gen 9] National Dex AAA,c|[Gen 9] National Dex BH,c|[Gen 9] National Dex Godly Gift,c|[Gen 9] National Dex STABmons,c|[Gen 8] National Dex UU,c|[Gen 8] National Dex RU,c|[Gen 8] National Dex Doubles,e|[Gen 8] National Dex Monotype,c|[Gen 8 DLC 1] National Dex AG,c|,2|Pet Mods|[Gen 6] Megas Revisited,c|[Gen 9] Legends Z-A OU,e|,3|Randomized Metas|[Gen 9] Random Roulette,4f|[Gen 9] Super Staff Bros Ultimate,4f|[Gen 9] Monotype Random Battle,4f|[Gen 9] Random Battle (Shared Power, B12P6),4f|[Gen 9] Random Battle Mayhem,4f|[Gen 9] Battle Factory,4f|[Gen 9] 1v1 Factory,4f|[Gen 9] BSS Factory,5d|[Gen 9] Draft Factory,4d|[Gen 9] Baby Random Battle,4f|[Gen 9] Hackmons Cup,4f|[Gen 9] Doubles Hackmons Cup,4d|[Gen 9] Broken Cup,4f|[Gen 9] Challenge Cup 1v1,4f|[Gen 9] Challenge Cup 2v2,4f|[Gen 9] Challenge Cup 6v6,4d|[Gen 9] Metronome Battle,4e|[Gen 8] Random Battle,4f|[Gen 8] Random Doubles Battle,4d|[Gen 8] Free-For-All Random Battle,5|[Gen 8] Multi Random Battle,5|[Gen 8] Battle Factory,4d|[Gen 8] BSS Factory,5d|[Gen 8] Hackmons Cup,4d|[Gen 8] CAP 1v1,4d|[Gen 8 BDSP] Random Battle,4d|[Gen 7] Random Battle,4f|[Gen 7] Battle Factory,4d|[Gen 7] BSS Factory,5d|[Gen 7] Hackmons Cup,9|[Gen 7 Let's Go] Random Battle,4d|[Gen 6] Random Battle,4f|[Gen 6] Battle Factory,9|[Gen 5] Random Battle,4f|[Gen 4] Random Battle,4f|[Gen 3] Random Battle,4f|[Gen 2] Random Battle,4f|[Gen 1] Random Battle,4f|[Gen 1] Challenge Cup,9|[Gen 1] Hackmons Cup,9|,4|Past Gens OU|[Gen 8] OU,e|[Gen 7] OU,e|[Gen 6] OU,e|[Gen 5] OU,e|[Gen 4] OU,e|[Gen 3] OU,e|[Gen 2] OU,e|[Gen 1] OU,e|,4|Past Gens Doubles OU|[Gen 8] Doubles OU,e|[Gen 7] Doubles OU,e|[Gen 6] Doubles OU,e|[Gen 5] Doubles OU,c|[Gen 4] Doubles OU,c|[Gen 3] Doubles OU,c|,4|Sw/Sh Singles|[Gen 8] Ubers,c|[Gen 8] UU,c|[Gen 8] RU,c|[Gen 8] NU,c|[Gen 8] PU,c|[Gen 8] LC,c|[Gen 8] Monotype,c|[Gen 8] 1v1,c|[Gen 8] Anything Goes,c|[Gen 8] ZU,c|[Gen 8] CAP,c|[Gen 8] Battle Stadium Singles,5c|[Gen 8 BDSP] OU,c|[Gen 8 BDSP] Ubers,c|[Gen 8] Custom Game,c|,4|Sw/Sh Doubles|[Gen 8] Doubles Ubers,c|[Gen 8] Doubles UU,c|[Gen 8] VGC 2022,5c|[Gen 8] VGC 2021,5c|[Gen 8] VGC 2020,5c|[Gen 8 BDSP] Doubles OU,c|[Gen 8 BDSP] Battle Festival Doubles,1c|[Gen 8] Doubles Custom Game,c|,4|US/UM Singles|[Gen 7] Ubers,c|[Gen 7] UU,c|[Gen 7] RU,c|[Gen 7] NU,c|[Gen 7] PU,c|[Gen 7] LC,c|[Gen 7] Monotype,c|[Gen 7] 1v1,c|[Gen 7] Anything Goes,c|[Gen 7] ZU,c|[Gen 7] CAP,c|[Gen 7] Battle Spot Singles,5c|[Gen 7 Let's Go] OU,1c|[Gen 7] Custom Game,c|,4|US/UM Doubles|[Gen 7] Doubles UU,c|[Gen 7] VGC 2019,5c|[Gen 7] VGC 2018,5c|[Gen 7] VGC 2017,5c|[Gen 7] Battle Spot Doubles,5c|[Gen 7 Let's Go] Doubles OU,1c|[Gen 7] Doubles Custom Game,c|,4|OR/AS Singles|[Gen 6] Ubers,c|[Gen 6] UU,c|[Gen 6] RU,c|[Gen 6] PU,c|[Gen 6] LC,c|[Gen 6] Monotype,c|[Gen 6] 1v1,c|[Gen 6] Anything Goes,c|[Gen 6] ZU,c|[Gen 6] CAP,c|[Gen 6] Battle Spot Singles,5c|[Gen 6] Custom Game,c|,4|OR/AS Doubles/Triples|[Gen 6] VGC 2016,5c|[Gen 6] VGC 2015,5c|[Gen 6] VGC 2014,5c|[Gen 6] Battle Spot Doubles,5c|[Gen 6] Doubles Custom Game,c|[Gen 6] Battle Spot Triples,1c|[Gen 6] Triples Custom Game,c|,4|B2/W2 Singles|[Gen 5] Ubers,c|[Gen 5] UU,c|[Gen 5] RU,c|[Gen 5] NU,c|[Gen 5] PU,c|[Gen 5] Monotype,c|[Gen 5] LC,c|[Gen 5] 1v1,c|[Gen 5] CAP,c|[Gen 5] ZU,c|[Gen 5] BW1 OU,c|[Gen 5] GBU Singles,5c|[Gen 5] Custom Game,c|,4|B2/W2 Doubles|[Gen 5] VGC 2013,5c|[Gen 5] VGC 2012,5c|[Gen 5] VGC 2011,5c|[Gen 5] Doubles Custom Game,c|[Gen 5] Triples Custom Game,c|,4|DPP Singles|[Gen 4] UU,c|[Gen 4] NU,c|[Gen 4] LC,c|[Gen 4] Anything Goes,c|[Gen 4] 1v1,c|[Gen 4] CAP,c|[Gen 4] PU,c|[Gen 4] ZU,c|[Gen 4] Custom Game,c|,4|DPP Doubles|[Gen 4] VGC 2010,5c|[Gen 4] Doubles Custom Game,c|,4|Past Generations|[Gen 3] Ubers,c|[Gen 3] UU,c|[Gen 3] RU,c|[Gen 3] NU,c|[Gen 3] PU,c|[Gen 3] LC,c|[Gen 3] 1v1,c|[Gen 3] UUBL,c|[Gen 3] ZU,c|[Gen 3] ADV 200,c|[Gen 3] ADV 200 Doubles,c|[Gen 3] Orre Colosseum,4c|[Gen 3] Custom Game,c|[Gen 3] Doubles Custom Game,c|[Gen 2] Ubers,c|[Gen 2] UU,c|[Gen 2] NU,c|[Gen 2] PU,c|[Gen 2] 1v1,c|[Gen 2] ZU,c|[Gen 2] NC 2000,4c|[Gen 2] Stadium OU,c|[Gen 2] Custom Game,c|[Gen 1] Ubers,c|[Gen 1] UU,c|[Gen 1] NU,c|[Gen 1] PU,c|[Gen 1] ZU,c|[Gen 1] LC,c|[Gen 1] 1v1,c|[Gen 1] NC 1997,4c|[Gen 1] Japanese OU,c|[Gen 1] Stadium OU,c|[Gen 1] Tradebacks OU,c|[Gen 1] Custom Game,c
[2026-03-09 19:21:07,939][RandomPlayer 1][INFO] - [92m[1m<<<[0m |challstr|4|5e9bff689a3868f465c8c03cd486ae2f049e2c095e36fd80465f42f27df25efd932a6d963d060cc0cfaacdd6cdb39611e6d0362052a1cdb6078d815f657e1e8e94501f129a57f64383864a25d2277d8a7a476853f3eff62a64d482d48076c9ee62e444a74c9e7a5da5fda5eb7beed43f8d1bca0fb4a4e6a3aedd8b65e8bc50c8
[2026-03-09 19:21:07,939][RandomPlayer 1][INFO] - Bypassing authentication request
[2026-03-09 19:21:07,940][RandomPlayer 1][INFO] - [93m[1m>>>[0m |/trn RandomPlayer 1,0,
[2026-03-09 19:21:08,016][SimpleHeuristics 1][INFO] - [92m[1m<<<[0m |updatesearch|{"searching":[],"games":null}
[2026-03-09 19:21:08,016][SimpleHeuristics 1][INFO] - [92m[1m<<<[0m |updateuser| SimpleHeuristics 1|1|101|{"blockChallenges":false,"blockPMs":false,"ignoreTickets":false,"hideBattlesFromTrainerCard":false,"blockInvites":false,"doNotDisturb":false,"blockFriendRequests":false,"allowFriendNotifications":false,"displayBattlesToFriends":false,"hideLogins":false,"hiddenNextBattle":false,"inviteOnlyNextBattle":false,"language":null}
[2026-03-09 19:21:08,017][SimpleHeuristics 2][INFO] - [92m[1m<<<[0m |updatesearch|{"searching":[],"games":null}
[2026-03-09 19:21:08,017][SimpleHeuristics 2][INFO] - [92m[1m<<<[0m |updateuser| SimpleHeuristics 2|1|265|{"blockChallenges":false,"blockPMs":false,"ignoreTickets":false,"hideBattlesFromTrainerCard":false,"blockInvites":false,"doNotDisturb":false,"blockFriendRequests":false,"allowFriendNotifications":false,"displayBattlesToFriends":false,"hideLogins":false,"hiddenNextBattle":false,"inviteOnlyNextBattle":false,"language":null}
[2026-03-09 19:21:08,018][RandomPlayer 1][INFO] - [92m[1m<<<[0m |updatesearch|{"searching":[],"games":null}
[2026-03-09 19:21:08,018][RandomPlayer 1][INFO] - [92m[1m<<<[0m |updateuser| RandomPlayer 1|1|2|{"blockChallenges":false,"blockPMs":false,"ignoreTickets":false,"hideBattlesFromTrainerCard":false,"blockInvites":false,"doNotDisturb":false,"blockFriendRequests":false,"allowFriendNotifications":false,"displayBattlesToFriends":false,"hideLogins":false,"hiddenNextBattle":false,"inviteOnlyNextBattle":false,"language":null}
[2026-03-09 19:22:23,640][PokeRLEnv y6dpb][WARNING] - 'outrage' is not in list Defaulting to random move.
[2026-03-09 19:22:23,641][PokeRLEnv y6dpb][WARNING] - 'outrage' is not in list Defaulting to random move.
[2026-03-09 19:22:23,641][PokeRLEnv y6dpb][WARNING] - 'outrage' is not in list Defaulting to random move.
[2026-03-09 19:22:23,641][PokeRLEnv y6dpb][WARNING] - 'outrage' is not in list Defaulting to random move.
[2026-03-09 19:22:23,641][PokeRLEnv y6dpb][WARNING] - 'outrage' is not in list Defaulting to random move.
[2026-03-09 19:22:23,641][PokeRLEnv y6dpb][WARNING] - 'outrage' is not in list Defaulting to random move.
[2026-03-09 19:22:23,641][PokeRLEnv y6dpb][WARNING] - 'outrage' is not in list Defaulting to random move.
[2026-03-09 19:22:23,641][PokeRLEnv y6dpb][WARNING] - 'outrage' is not in list Defaulting to random move.
[2026-03-09 19:22:23,641][PokeRLEnv y6dpb][WARNING] - 'outrage' is not in list Defaulting to random move.
[2026-03-09 19:22:23,642][PokeRLEnv y6dpb][WARNING] - 'outrage' is not in list Defaulting to random move.
[2026-03-09 19:22:23,642][PokeRLEnv y6dpb][WARNING] - 'outrage' is not in list Defaulting to random move.
[2026-03-09 19:22:23,642][PokeRLEnv y6dpb][WARNING] - 'outrage' is not in list Defaulting to random move.
[2026-03-09 19:22:23,642][PokeRLEnv y6dpb][WARNING] - 'outrage' is not in list Defaulting to random move.
[2026-03-09 19:22:23,642][PokeRLEnv y6dpb][WARNING] - 'outrage' is not in list Defaulting to random move.
[2026-03-09 19:22:23,642][PokeRLEnv y6dpb][WARNING] - 'outrage' is not in list Defaulting to random move.
[2026-03-09 19:22:23,642][PokeRLEnv y6dpb][WARNING] - 'outrage' is not in list Defaulting to random move.
[2026-03-09 19:22:23,642][PokeRLEnv y6dpb][WARNING] - 'outrage' is not in list Defaulting to random move.
[2026-03-09 19:22:23,642][PokeRLEnv y6dpb][WARNING] - 'outrage' is not in list Defaulting to random move.
[2026-03-09 19:22:23,642][PokeRLEnv y6dpb][WARNING] - 'outrage' is not in list Defaulting to random move.
[2026-03-09 19:22:23,642][PokeRLEnv y6dpb][WARNING] - 'outrage' is not in list Defaulting to random move.
[2026-03-09 19:22:23,642][PokeRLEnv y6dpb][WARNING] - 'outrage' is not in list Defaulting to random move.
[2026-03-09 19:22:23,642][PokeRLEnv y6dpb][WARNING] - 'outrage' is not in list Defaulting to random move.
[2026-03-09 19:22:23,642][PokeRLEnv y6dpb][WARNING] - 'outrage' is not in list Defaulting to random move.
[2026-03-09 19:22:23,642][PokeRLEnv y6dpb][WARNING] - 'outrage' is not in list Defaulting to random move.
[2026-03-09 19:22:23,642][PokeRLEnv y6dpb][WARNING] - 'outrage' is not in list Defaulting to random move.
[2026-03-09 19:22:23,642][PokeRLEnv y6dpb][WARNING] - 'outrage' is not in list Defaulting to random move.
[2026-03-09 19:22:23,642][PokeRLEnv y6dpb][WARNING] - 'outrage' is not in list Defaulting to random move.
[2026-03-09 19:22:23,643][PokeRLEnv y6dpb][WARNING] - 'outrage' is not in list Defaulting to random move.
[2026-03-09 19:22:23,643][PokeRLEnv y6dpb][WARNING] - 'outrage' is not in list Defaulting to random move.
[2026-03-09 19:22:23,643][PokeRLEnv y6dpb][WARNING] - 'outrage' is not in list Defaulting to random move.
[2026-03-09 19:22:23,643][PokeRLEnv y6dpb][WARNING] - 'outrage' is not in list Defaulting to random move.
[2026-03-09 19:22:23,643][PokeRLEnv y6dpb][WARNING] - 'outrage' is not in list Defaulting to random move.
[2026-03-09 19:22:23,643][PokeRLEnv y6dpb][WARNING] - 'outrage' is not in list Defaulting to random move.
[2026-03-09 19:22:23,643][PokeRLEnv y6dpb][WARNING] - 'outrage' is not in list Defaulting to random move.
[2026-03-09 19:22:23,643][PokeRLEnv y6dpb][WARNING] - 'outrage' is not in list Defaulting to random move.
[2026-03-09 19:22:23,643][PokeRLEnv y6dpb][WARNING] - 'outrage' is not in list Defaulting to random move.
[2026-03-09 19:22:23,643][PokeRLEnv y6dpb][WARNING] - 'outrage' is not in list Defaulting to random move.
[2026-03-09 19:22:23,643][PokeRLEnv y6dpb][WARNING] - 'outrage' is not in list Defaulting to random move.
[2026-03-09 19:22:23,643][PokeRLEnv y6dpb][WARNING] - 'outrage' is not in list Defaulting to random move.
[2026-03-09 19:22:23,643][PokeRLEnv y6dpb][WARNING] - 'outrage' is not in list Defaulting to random move.
[2026-03-09 19:22:23,643][PokeRLEnv y6dpb][WARNING] - 'outrage' is not in list Defaulting to random move.
[2026-03-09 19:22:23,643][PokeRLEnv y6dpb][WARNING] - 'outrage' is not in list Defaulting to random move.
[2026-03-09 19:22:23,643][PokeRLEnv y6dpb][WARNING] - 'outrage' is not in list Defaulting to random move.
[2026-03-09 19:22:23,643][PokeRLEnv y6dpb][WARNING] - 'outrage' is not in list Defaulting to random move.
[2026-03-09 19:22:23,643][PokeRLEnv y6dpb][WARNING] - 'outrage' is not in list Defaulting to random move.
[2026-03-09 19:22:23,643][PokeRLEnv y6dpb][WARNING] - 'outrage' is not in list Defaulting to random move.
[2026-03-09 19:22:23,643][PokeRLEnv y6dpb][WARNING] - 'outrage' is not in list Defaulting to random move.
[2026-03-09 19:22:23,643][PokeRLEnv y6dpb][WARNING] - 'outrage' is not in list Defaulting to random move.
[2026-03-09 19:22:23,644][PokeRLEnv y6dpb][WARNING] - 'outrage' is not in list Defaulting to random move.
[2026-03-09 19:22:23,644][PokeRLEnv y6dpb][WARNING] - 'outrage' is not in list Defaulting to random move.
[2026-03-09 19:22:23,644][PokeRLEnv y6dpb][WARNING] - 'outrage' is not in list Defaulting to random move.
[2026-03-09 19:22:23,644][PokeRLEnv y6dpb][WARNING] - 'outrage' is not in list Defaulting to random move.
[2026-03-09 19:22:23,644][PokeRLEnv y6dpb][WARNING] - 'outrage' is not in list Defaulting to random move.
[2026-03-09 19:22:23,644][PokeRLEnv y6dpb][WARNING] - 'outrage' is not in list Defaulting to random move.
[2026-03-09 19:22:23,644][PokeRLEnv y6dpb][WARNING] - 'outrage' is not in list Defaulting to random move.
[2026-03-09 19:22:23,644][PokeRLEnv y6dpb][WARNING] - 'outrage' is not in list Defaulting to random move.
[2026-03-09 19:22:23,644][PokeRLEnv y6dpb][WARNING] - 'outrage' is not in list Defaulting to random move.
[2026-03-09 19:22:23,644][PokeRLEnv y6dpb][WARNING] - 'outrage' is not in list Defaulting to random move.
[2026-03-09 19:22:23,644][PokeRLEnv y6dpb][WARNING] - 'outrage' is not in list Defaulting to random move.
[2026-03-09 19:22:23,644][PokeRLEnv y6dpb][WARNING] - 'outrage' is not in list Defaulting to random move.
[2026-03-09 19:22:23,644][PokeRLEnv y6dpb][WARNING] - 'outrage' is not in list Defaulting to random move.
[2026-03-09 19:22:23,644][PokeRLEnv y6dpb][WARNING] - 'outrage' is not in list Defaulting to random move.
[2026-03-09 19:22:23,644][PokeRLEnv y6dpb][WARNING] - 'outrage' is not in list Defaulting to random move.
[2026-03-09 19:22:23,644][PokeRLEnv y6dpb][WARNING] - 'outrage' is not in list Defaulting to random move.
[2026-03-09 19:22:23,644][PokeRLEnv y6dpb][WARNING] - 'outrage' is not in list Defaulting to random move.
[2026-03-09 19:22:23,644][PokeRLEnv y6dpb][WARNING] - 'outrage' is not in list Defaulting to random move.
[2026-03-09 19:22:23,644][PokeRLEnv y6dpb][WARNING] - 'outrage' is not in list Defaulting to random move.
[2026-03-09 19:22:23,644][PokeRLEnv y6dpb][WARNING] - 'outrage' is not in list Defaulting to random move.
[2026-03-09 19:22:23,644][PokeRLEnv y6dpb][WARNING] - 'outrage' is not in list Defaulting to random move.
[2026-03-09 19:22:23,644][PokeRLEnv y6dpb][WARNING] - 'outrage' is not in list Defaulting to random move.
[2026-03-09 19:22:23,644][PokeRLEnv y6dpb][WARNING] - 'outrage' is not in list Defaulting to random move.
[2026-03-09 19:22:23,644][PokeRLEnv y6dpb][WARNING] - 'outrage' is not in list Defaulting to random move.
[2026-03-09 19:22:23,644][PokeRLEnv y6dpb][WARNING] - 'outrage' is not in list Defaulting to random move.
[2026-03-09 19:22:23,644][PokeRLEnv y6dpb][WARNING] - 'outrage' is not in list Defaulting to random move.
[2026-03-09 19:22:23,645][PokeRLEnv y6dpb][WARNING] - 'outrage' is not in list Defaulting to random move.
[2026-03-09 19:22:23,645][PokeRLEnv y6dpb][WARNING] - 'outrage' is not in list Defaulting to random move.
[2026-03-09 19:22:23,645][PokeRLEnv y6dpb][WARNING] - 'outrage' is not in list Defaulting to random move.
[2026-03-09 19:22:23,645][PokeRLEnv y6dpb][WARNING] - 'outrage' is not in list Defaulting to random move.
[2026-03-09 19:22:23,645][PokeRLEnv y6dpb][WARNING] - 'outrage' is not in list Defaulting to random move.
[2026-03-09 19:22:23,645][PokeRLEnv y6dpb][WARNING] - 'outrage' is not in list Defaulting to random move.
[2026-03-09 19:22:23,645][PokeRLEnv y6dpb][WARNING] - 'outrage' is not in list Defaulting to random move.
[2026-03-09 19:22:23,645][PokeRLEnv y6dpb][WARNING] - 'outrage' is not in list Defaulting to random move.
[2026-03-09 19:22:23,645][PokeRLEnv y6dpb][WARNING] - 'outrage' is not in list Defaulting to random move.
[2026-03-09 19:22:23,645][PokeRLEnv y6dpb][WARNING] - 'outrage' is not in list Defaulting to random move.
[2026-03-09 19:22:23,645][PokeRLEnv y6dpb][WARNING] - 'outrage' is not in list Defaulting to random move.
[2026-03-09 19:22:23,645][PokeRLEnv y6dpb][WARNING] - 'outrage' is not in list Defaulting to random move.
[2026-03-09 19:22:23,645][PokeRLEnv y6dpb][WARNING] - 'outrage' is not in list Defaulting to random move.
[2026-03-09 19:22:23,645][PokeRLEnv y6dpb][WARNING] - 'outrage' is not in list Defaulting to random move.
[2026-03-09 19:22:23,645][PokeRLEnv y6dpb][WARNING] - 'outrage' is not in list Defaulting to random move.
[2026-03-09 19:22:23,645][PokeRLEnv y6dpb][WARNING] - 'outrage' is not in list Defaulting to random move.
[2026-03-09 19:22:23,645][PokeRLEnv y6dpb][WARNING] - 'outrage' is not in list Defaulting to random move.
[2026-03-09 19:22:23,645][PokeRLEnv y6dpb][WARNING] - 'outrage' is not in list Defaulting to random move.
[2026-03-09 19:22:23,645][PokeRLEnv y6dpb][WARNING] - 'outrage' is not in list Defaulting to random move.
[2026-03-09 19:22:23,646][PokeRLEnv y6dpb][WARNING] - 'outrage' is not in list Defaulting to random move.
[2026-03-09 19:22:23,646][PokeRLEnv y6dpb][WARNING] - 'outrage' is not in list Defaulting to random move.
[2026-03-09 19:22:23,646][PokeRLEnv y6dpb][WARNING] - 'outrage' is not in list Defaulting to random move.
[2026-03-09 19:22:23,646][PokeRLEnv y6dpb][WARNING] - 'outrage' is not in list Defaulting to random move.
[2026-03-09 19:22:23,646][PokeRLEnv y6dpb][WARNING] - 'outrage' is not in list Defaulting to random move.
[2026-03-09 19:22:23,646][PokeRLEnv y6dpb][WARNING] - 'outrage' is not in list Defaulting to random move.
[2026-03-09 19:22:23,646][PokeRLEnv y6dpb][WARNING] - 'outrage' is not in list Defaulting to random move.
[2026-03-09 19:22:23,646][PokeRLEnv y6dpb][WARNING] - 'outrage' is not in list Defaulting to random move.
[2026-03-09 19:22:23,646][PokeRLEnv y6dpb][WARNING] - 'outrage' is not in list Defaulting to random move.
[2026-03-09 19:22:23,646][PokeRLEnv y6dpb][WARNING] - 'outrage' is not in list Defaulting to random move.
[2026-03-09 19:22:23,646][PokeRLEnv y6dpb][WARNING] - 'outrage' is not in list Defaulting to random move.
[2026-03-09 19:22:23,646][PokeRLEnv y6dpb][WARNING] - 'outrage' is not in list Defaulting to random move.
[2026-03-09 19:22:23,646][PokeRLEnv y6dpb][WARNING] - 'outrage' is not in list Defaulting to random move.
[2026-03-09 19:22:23,646][PokeRLEnv y6dpb][WARNING] - 'outrage' is not in list Defaulting to random move.
[2026-03-09 19:22:23,646][PokeRLEnv y6dpb][WARNING] - 'outrage' is not in list Defaulting to random move.
[2026-03-09 19:22:23,646][PokeRLEnv y6dpb][WARNING] - 'outrage' is not in list Defaulting to random move.
[2026-03-09 19:22:23,646][PokeRLEnv y6dpb][WARNING] - 'outrage' is not in list Defaulting to random move.
[2026-03-09 19:22:23,646][PokeRLEnv y6dpb][WARNING] - 'outrage' is not in list Defaulting to random move.
[2026-03-09 19:22:23,647][PokeRLEnv y6dpb][WARNING] - 'outrage' is not in list Defaulting to random move.
[2026-03-09 19:22:23,647][PokeRLEnv y6dpb][WARNING] - 'outrage' is not in list Defaulting to random move.
[2026-03-09 19:22:23,647][PokeRLEnv y6dpb][WARNING] - 'outrage' is not in list Defaulting to random move.
[2026-03-09 19:22:23,647][PokeRLEnv y6dpb][WARNING] - 'outrage' is not in list Defaulting to random move.
[2026-03-09 19:22:23,647][PokeRLEnv y6dpb][WARNING] - 'outrage' is not in list Defaulting to random move.
[2026-03-09 19:22:23,647][PokeRLEnv y6dpb][WARNING] - 'outrage' is not in list Defaulting to random move.
[2026-03-09 19:22:23,647][PokeRLEnv y6dpb][WARNING] - 'outrage' is not in list Defaulting to random move.
[2026-03-09 19:22:23,647][PokeRLEnv y6dpb][WARNING] - 'outrage' is not in list Defaulting to random move.
[2026-03-09 19:22:23,647][PokeRLEnv y6dpb][WARNING] - 'outrage' is not in list Defaulting to random move.
[2026-03-09 19:22:23,647][PokeRLEnv y6dpb][WARNING] - 'outrage' is not in list Defaulting to random move.
[2026-03-09 19:22:23,647][PokeRLEnv y6dpb][WARNING] - 'outrage' is not in list Defaulting to random move.
[2026-03-09 19:22:23,647][PokeRLEnv y6dpb][WARNING] - 'outrage' is not in list Defaulting to random move.
[2026-03-09 19:22:23,647][PokeRLEnv y6dpb][WARNING] - 'outrage' is not in list Defaulting to random move.
[2026-03-09 19:22:23,647][PokeRLEnv y6dpb][WARNING] - 'outrage' is not in list Defaulting to random move.
[2026-03-09 19:22:23,647][PokeRLEnv y6dpb][WARNING] - 'outrage' is not in list Defaulting to random move.
[2026-03-09 19:22:23,647][PokeRLEnv y6dpb][WARNING] - 'outrage' is not in list Defaulting to random move.
[2026-03-09 19:22:23,647][PokeRLEnv y6dpb][WARNING] - 'outrage' is not in list Defaulting to random move.
[2026-03-09 19:22:23,647][PokeRLEnv y6dpb][WARNING] - 'outrage' is not in list Defaulting to random move.
[2026-03-09 19:22:23,647][PokeRLEnv y6dpb][WARNING] - 'outrage' is not in list Defaulting to random move.
[2026-03-09 19:22:23,647][PokeRLEnv y6dpb][WARNING] - 'outrage' is not in list Defaulting to random move.
[2026-03-09 19:22:23,647][PokeRLEnv y6dpb][WARNING] - 'outrage' is not in list Defaulting to random move.
[2026-03-09 19:22:23,647][PokeRLEnv y6dpb][WARNING] - 'outrage' is not in list Defaulting to random move.
[2026-03-09 19:22:23,647][PokeRLEnv y6dpb][WARNING] - 'outrage' is not in list Defaulting to random move.
[2026-03-09 19:22:23,647][PokeRLEnv y6dpb][WARNING] - 'outrage' is not in list Defaulting to random move.
[2026-03-09 19:22:23,647][PokeRLEnv y6dpb][WARNING] - 'outrage' is not in list Defaulting to random move.
[2026-03-09 19:22:23,647][PokeRLEnv y6dpb][WARNING] - 'outrage' is not in list Defaulting to random move.
[2026-03-09 19:22:23,648][PokeRLEnv y6dpb][WARNING] - 'outrage' is not in list Defaulting to random move.
[2026-03-09 19:22:23,648][PokeRLEnv y6dpb][WARNING] - 'outrage' is not in list Defaulting to random move.
[2026-03-09 19:22:23,648][PokeRLEnv y6dpb][WARNING] - 'outrage' is not in list Defaulting to random move.
[2026-03-09 19:22:23,648][PokeRLEnv y6dpb][WARNING] - 'outrage' is not in list Defaulting to random move.
[2026-03-09 19:22:23,648][PokeRLEnv y6dpb][WARNING] - 'outrage' is not in list Defaulting to random move.
[2026-03-09 19:22:23,648][PokeRLEnv y6dpb][WARNING] - 'outrage' is not in list Defaulting to random move.
[2026-03-09 19:22:23,648][PokeRLEnv y6dpb][WARNING] - 'outrage' is not in list Defaulting to random move.
[2026-03-09 19:22:23,648][PokeRLEnv y6dpb][WARNING] - 'outrage' is not in list Defaulting to random move.
[2026-03-09 19:22:23,648][PokeRLEnv y6dpb][WARNING] - 'outrage' is not in list Defaulting to random move.
[2026-03-09 19:22:23,648][PokeRLEnv y6dpb][WARNING] - 'outrage' is not in list Defaulting to random move.
[2026-03-09 19:22:23,648][PokeRLEnv y6dpb][WARNING] - 'outrage' is not in list Defaulting to random move.
[2026-03-09 19:22:23,648][PokeRLEnv y6dpb][WARNING] - 'outrage' is not in list Defaulting to random move.
[2026-03-09 19:22:23,648][PokeRLEnv y6dpb][WARNING] - 'outrage' is not in list Defaulting to random move.
[2026-03-09 19:22:23,648][PokeRLEnv y6dpb][WARNING] - 'outrage' is not in list Defaulting to random move.
[2026-03-09 19:22:23,648][PokeRLEnv y6dpb][WARNING] - 'outrage' is not in list Defaulting to random move.
[2026-03-09 19:22:23,648][PokeRLEnv y6dpb][WARNING] - 'outrage' is not in list Defaulting to random move.
[2026-03-09 19:22:23,648][PokeRLEnv y6dpb][WARNING] - 'outrage' is not in list Defaulting to random move.
[2026-03-09 19:22:23,648][PokeRLEnv y6dpb][WARNING] - 'outrage' is not in list Defaulting to random move.
[2026-03-09 19:22:23,648][PokeRLEnv y6dpb][WARNING] - 'outrage' is not in list Defaulting to random move.
[2026-03-09 19:22:23,648][PokeRLEnv y6dpb][WARNING] - 'outrage' is not in list Defaulting to random move.
[2026-03-09 19:22:23,648][PokeRLEnv y6dpb][WARNING] - 'outrage' is not in list Defaulting to random move.
[2026-03-09 19:22:23,648][PokeRLEnv y6dpb][WARNING] - 'outrage' is not in list Defaulting to random move.
[2026-03-09 19:22:23,649][PokeRLEnv y6dpb][WARNING] - 'outrage' is not in list Defaulting to random move.
[2026-03-09 19:22:23,649][PokeRLEnv y6dpb][WARNING] - 'outrage' is not in list Defaulting to random move.
[2026-03-09 19:22:23,649][PokeRLEnv y6dpb][WARNING] - 'outrage' is not in list Defaulting to random move.
[2026-03-09 19:22:23,649][PokeRLEnv y6dpb][WARNING] - 'outrage' is not in list Defaulting to random move.
[2026-03-09 19:22:23,649][PokeRLEnv y6dpb][WARNING] - 'outrage' is not in list Defaulting to random move.
[2026-03-09 19:22:23,649][PokeRLEnv y6dpb][WARNING] - 'outrage' is not in list Defaulting to random move.
[2026-03-09 19:22:23,649][PokeRLEnv y6dpb][WARNING] - 'outrage' is not in list Defaulting to random move.
[2026-03-09 19:22:23,649][PokeRLEnv y6dpb][WARNING] - 'outrage' is not in list Defaulting to random move.
[2026-03-09 19:22:23,649][PokeRLEnv y6dpb][WARNING] - 'outrage' is not in list Defaulting to random move.
[2026-03-09 19:22:23,649][PokeRLEnv y6dpb][WARNING] - 'outrage' is not in list Defaulting to random move.
[2026-03-09 19:22:23,649][PokeRLEnv y6dpb][WARNING] - 'outrage' is not in list Defaulting to random move.
[2026-03-09 19:22:23,649][PokeRLEnv y6dpb][WARNING] - 'outrage' is not in list Defaulting to random move.
[2026-03-09 19:22:23,649][PokeRLEnv y6dpb][WARNING] - 'outrage' is not in list Defaulting to random move.
[2026-03-09 19:22:23,649][PokeRLEnv y6dpb][WARNING] - 'outrage' is not in list Defaulting to random move.
[2026-03-09 19:22:23,649][PokeRLEnv y6dpb][WARNING] - 'outrage' is not in list Defaulting to random move.
[2026-03-09 19:22:23,649][PokeRLEnv y6dpb][WARNING] - 'outrage' is not in list Defaulting to random move.
[2026-03-09 19:22:23,649][PokeRLEnv y6dpb][WARNING] - 'outrage' is not in list Defaulting to random move.
[2026-03-09 19:22:23,649][PokeRLEnv y6dpb][WARNING] - 'outrage' is not in list Defaulting to random move.
[2026-03-09 19:22:23,649][PokeRLEnv y6dpb][WARNING] - 'outrage' is not in list Defaulting to random move.
[2026-03-09 19:22:23,649][PokeRLEnv y6dpb][WARNING] - 'outrage' is not in list Defaulting to random move.
[2026-03-09 19:22:23,649][PokeRLEnv y6dpb][WARNING] - 'outrage' is not in list Defaulting to random move.
[2026-03-09 19:22:23,649][PokeRLEnv y6dpb][WARNING] - 'outrage' is not in list Defaulting to random move.
[2026-03-09 19:22:23,649][PokeRLEnv y6dpb][WARNING] - 'outrage' is not in list Defaulting to random move.
[2026-03-09 19:22:23,649][PokeRLEnv y6dpb][WARNING] - 'outrage' is not in list Defaulting to random move.
[2026-03-09 19:22:23,650][PokeRLEnv y6dpb][WARNING] - 'outrage' is not in list Defaulting to random move.
[2026-03-09 19:22:23,650][PokeRLEnv y6dpb][WARNING] - 'outrage' is not in list Defaulting to random move.
[2026-03-09 19:22:23,650][PokeRLEnv y6dpb][WARNING] - 'outrage' is not in list Defaulting to random move.
[2026-03-09 19:22:23,650][PokeRLEnv y6dpb][WARNING] - 'outrage' is not in list Defaulting to random move.
[2026-03-09 19:22:23,650][PokeRLEnv y6dpb][WARNING] - 'outrage' is not in list Defaulting to random move.
[2026-03-09 19:22:23,650][PokeRLEnv y6dpb][WARNING] - 'outrage' is not in list Defaulting to random move.
[2026-03-09 19:22:23,650][PokeRLEnv y6dpb][WARNING] - 'outrage' is not in list Defaulting to random move.
[2026-03-09 19:22:23,650][PokeRLEnv y6dpb][WARNING] - 'outrage' is not in list Defaulting to random move.
[2026-03-09 19:22:23,650][PokeRLEnv y6dpb][WARNING] - 'outrage' is not in list Defaulting to random move.
[2026-03-09 19:22:23,650][PokeRLEnv y6dpb][WARNING] - 'outrage' is not in list Defaulting to random move.
[2026-03-09 19:22:23,650][PokeRLEnv y6dpb][WARNING] - 'outrage' is not in list Defaulting to random move.
[2026-03-09 19:22:23,650][PokeRLEnv y6dpb][WARNING] - 'outrage' is not in list Defaulting to random move.
[2026-03-09 19:22:23,650][PokeRLEnv y6dpb][WARNING] - 'outrage' is not in list Defaulting to random move.
[2026-03-09 19:22:23,650][PokeRLEnv y6dpb][WARNING] - 'outrage' is not in list Defaulting to random move.
[2026-03-09 19:22:23,650][PokeRLEnv y6dpb][WARNING] - 'outrage' is not in list Defaulting to random move.
[2026-03-09 19:22:23,650][PokeRLEnv y6dpb][WARNING] - 'outrage' is not in list Defaulting to random move.
[2026-03-09 19:22:23,650][PokeRLEnv y6dpb][WARNING] - 'outrage' is not in list Defaulting to random move.
[2026-03-09 19:22:23,650][PokeRLEnv y6dpb][WARNING] - 'outrage' is not in list Defaulting to random move.
[2026-03-09 19:22:23,650][PokeRLEnv y6dpb][WARNING] - 'outrage' is not in list Defaulting to random move.
[2026-03-09 19:22:23,651][PokeRLEnv y6dpb][WARNING] - 'outrage' is not in list Defaulting to random move.
[2026-03-09 19:22:23,651][PokeRLEnv y6dpb][WARNING] - 'outrage' is not in list Defaulting to random move.
[2026-03-09 19:22:23,651][PokeRLEnv y6dpb][WARNING] - 'outrage' is not in list Defaulting to random move.
[2026-03-09 19:22:23,651][PokeRLEnv y6dpb][WARNING] - 'outrage' is not in list Defaulting to random move.
[2026-03-09 19:22:23,651][PokeRLEnv y6dpb][WARNING] - 'outrage' is not in list Defaulting to random move.
[2026-03-09 19:22:23,651][PokeRLEnv y6dpb][WARNING] - 'outrage' is not in list Defaulting to random move.
[2026-03-09 19:22:23,651][PokeRLEnv y6dpb][WARNING] - 'outrage' is not in list Defaulting to random move.
[2026-03-09 19:22:23,651][PokeRLEnv y6dpb][WARNING] - 'outrage' is not in list Defaulting to random move.
[2026-03-09 19:22:23,651][PokeRLEnv y6dpb][WARNING] - 'outrage' is not in list Defaulting to random move.
[2026-03-09 19:22:23,651][PokeRLEnv y6dpb][WARNING] - 'outrage' is not in list Defaulting to random move.
[2026-03-09 19:22:23,651][PokeRLEnv y6dpb][WARNING] - 'outrage' is not in list Defaulting to random move.
[2026-03-09 19:22:23,651][PokeRLEnv y6dpb][WARNING] - 'outrage' is not in list Defaulting to random move.
[2026-03-09 19:22:23,651][PokeRLEnv y6dpb][WARNING] - 'outrage' is not in list Defaulting to random move.
[2026-03-09 19:22:23,651][PokeRLEnv y6dpb][WARNING] - 'outrage' is not in list Defaulting to random move.
[2026-03-09 19:22:23,652][PokeRLEnv y6dpb][WARNING] - 'outrage' is not in list Defaulting to random move.
[2026-03-09 19:22:23,652][PokeRLEnv y6dpb][WARNING] - 'outrage' is not in list Defaulting to random move.
[2026-03-09 19:22:23,652][PokeRLEnv y6dpb][WARNING] - 'outrage' is not in list Defaulting to random move.
[2026-03-09 19:22:23,652][PokeRLEnv y6dpb][WARNING] - 'outrage' is not in list Defaulting to random move.
[2026-03-09 19:22:23,652][PokeRLEnv y6dpb][WARNING] - 'outrage' is not in list Defaulting to random move.
[2026-03-09 19:22:23,652][PokeRLEnv y6dpb][WARNING] - 'outrage' is not in list Defaulting to random move.
[2026-03-09 19:22:23,652][PokeRLEnv y6dpb][WARNING] - 'outrage' is not in list Defaulting to random move.
[2026-03-09 19:22:23,652][PokeRLEnv y6dpb][WARNING] - 'outrage' is not in list Defaulting to random move.
[2026-03-09 19:22:23,652][PokeRLEnv y6dpb][WARNING] - 'outrage' is not in list Defaulting to random move.
[2026-03-09 19:22:23,652][PokeRLEnv y6dpb][WARNING] - 'outrage' is not in list Defaulting to random move.
[2026-03-09 19:22:23,652][PokeRLEnv y6dpb][WARNING] - 'outrage' is not in list Defaulting to random move.
[2026-03-09 19:22:23,652][PokeRLEnv y6dpb][WARNING] - 'outrage' is not in list Defaulting to random move.
[2026-03-09 19:22:23,652][PokeRLEnv y6dpb][WARNING] - 'outrage' is not in list Defaulting to random move.
[2026-03-09 19:22:23,652][PokeRLEnv y6dpb][WARNING] - 'outrage' is not in list Defaulting to random move.
[2026-03-09 19:22:23,652][PokeRLEnv y6dpb][WARNING] - 'outrage' is not in list Defaulting to random move.
[2026-03-09 19:22:23,652][PokeRLEnv y6dpb][WARNING] - 'outrage' is not in list Defaulting to random move.
[2026-03-09 19:22:23,652][PokeRLEnv y6dpb][WARNING] - 'outrage' is not in list Defaulting to random move.
[2026-03-09 19:22:23,652][PokeRLEnv y6dpb][WARNING] - 'outrage' is not in list Defaulting to random move.
[2026-03-09 19:22:23,652][PokeRLEnv y6dpb][WARNING] - 'outrage' is not in list Defaulting to random move.
[2026-03-09 19:22:23,653][PokeRLEnv y6dpb][WARNING] - 'outrage' is not in list Defaulting to random move.
[2026-03-09 19:22:23,653][PokeRLEnv y6dpb][WARNING] - 'outrage' is not in list Defaulting to random move.
[2026-03-09 19:22:23,653][PokeRLEnv y6dpb][WARNING] - 'outrage' is not in list Defaulting to random move.
[2026-03-09 19:22:23,653][PokeRLEnv y6dpb][WARNING] - 'outrage' is not in list Defaulting to random move.
[2026-03-09 19:22:23,653][PokeRLEnv y6dpb][WARNING] - 'outrage' is not in list Defaulting to random move.
[2026-03-09 19:22:23,653][PokeRLEnv y6dpb][WARNING] - 'outrage' is not in list Defaulting to random move.
[2026-03-09 19:22:23,653][PokeRLEnv y6dpb][WARNING] - 'outrage' is not in list Defaulting to random move.
[2026-03-09 19:22:23,653][PokeRLEnv y6dpb][WARNING] - 'outrage' is not in list Defaulting to random move.
[2026-03-09 19:22:23,653][PokeRLEnv y6dpb][WARNING] - 'outrage' is not in list Defaulting to random move.
[2026-03-09 19:22:23,653][PokeRLEnv y6dpb][WARNING] - 'outrage' is not in list Defaulting to random move.
[2026-03-09 19:22:23,653][PokeRLEnv y6dpb][WARNING] - 'outrage' is not in list Defaulting to random move.
[2026-03-09 19:22:23,653][PokeRLEnv y6dpb][WARNING] - 'outrage' is not in list Defaulting to random move.
[2026-03-09 19:22:23,653][PokeRLEnv y6dpb][WARNING] - 'outrage' is not in list Defaulting to random move.
[2026-03-09 19:22:23,653][PokeRLEnv y6dpb][WARNING] - 'outrage' is not in list Defaulting to random move.
[2026-03-09 19:22:23,653][PokeRLEnv y6dpb][WARNING] - 'outrage' is not in list Defaulting to random move.
[2026-03-09 19:22:23,653][PokeRLEnv y6dpb][WARNING] - 'outrage' is not in list Defaulting to random move.
[2026-03-09 19:22:23,653][PokeRLEnv y6dpb][WARNING] - 'outrage' is not in list Defaulting to random move.
[2026-03-09 19:22:23,653][PokeRLEnv y6dpb][WARNING] - 'outrage' is not in list Defaulting to random move.
[2026-03-09 19:22:23,653][PokeRLEnv y6dpb][WARNING] - 'outrage' is not in list Defaulting to random move.
[2026-03-09 19:22:23,653][PokeRLEnv y6dpb][WARNING] - 'outrage' is not in list Defaulting to random move.
[2026-03-09 19:22:23,653][PokeRLEnv y6dpb][WARNING] - 'outrage' is not in list Defaulting to random move.
[2026-03-09 19:22:23,653][PokeRLEnv y6dpb][WARNING] - 'outrage' is not in list Defaulting to random move.
[2026-03-09 19:22:23,654][PokeRLEnv y6dpb][WARNING] - 'outrage' is not in list Defaulting to random move.
[2026-03-09 19:22:23,654][PokeRLEnv y6dpb][WARNING] - 'outrage' is not in list Defaulting to random move.
[2026-03-09 19:22:23,654][PokeRLEnv y6dpb][WARNING] - 'outrage' is not in list Defaulting to random move.
[2026-03-09 19:22:23,654][PokeRLEnv y6dpb][WARNING] - 'outrage' is not in list Defaulting to random move.
[2026-03-09 19:22:23,654][PokeRLEnv y6dpb][WARNING] - 'outrage' is not in list Defaulting to random move.
[2026-03-09 19:22:23,654][PokeRLEnv y6dpb][WARNING] - 'outrage' is not in list Defaulting to random move.
[2026-03-09 19:22:23,654][PokeRLEnv y6dpb][WARNING] - 'outrage' is not in list Defaulting to random move.
[2026-03-09 19:22:23,654][PokeRLEnv y6dpb][WARNING] - 'outrage' is not in list Defaulting to random move.
[2026-03-09 19:22:23,654][PokeRLEnv y6dpb][WARNING] - 'outrage' is not in list Defaulting to random move.
[2026-03-09 19:22:23,654][PokeRLEnv y6dpb][WARNING] - 'outrage' is not in list Defaulting to random move.
[2026-03-09 19:22:23,654][PokeRLEnv y6dpb][WARNING] - 'outrage' is not in list Defaulting to random move.
[2026-03-09 19:22:23,654][PokeRLEnv y6dpb][WARNING] - 'outrage' is not in list Defaulting to random move.
[2026-03-09 19:22:23,654][PokeRLEnv y6dpb][WARNING] - 'outrage' is not in list Defaulting to random move.
[2026-03-09 19:22:23,654][PokeRLEnv y6dpb][WARNING] - 'outrage' is not in list Defaulting to random move.
[2026-03-09 19:22:23,654][PokeRLEnv y6dpb][WARNING] - 'outrage' is not in list Defaulting to random move.
[2026-03-09 19:22:23,654][PokeRLEnv y6dpb][WARNING] - 'outrage' is not in list Defaulting to random move.
[2026-03-09 19:22:23,654][PokeRLEnv y6dpb][WARNING] - 'outrage' is not in list Defaulting to random move.
[2026-03-09 19:22:23,654][PokeRLEnv y6dpb][WARNING] - 'outrage' is not in list Defaulting to random move.
[2026-03-09 19:22:23,654][PokeRLEnv y6dpb][WARNING] - 'outrage' is not in list Defaulting to random move.
[2026-03-09 19:22:23,655][PokeRLEnv y6dpb][WARNING] - 'outrage' is not in list Defaulting to random move.
[2026-03-09 19:22:23,655][PokeRLEnv y6dpb][WARNING] - 'outrage' is not in list Defaulting to random move.
[2026-03-09 19:22:23,655][PokeRLEnv y6dpb][WARNING] - 'outrage' is not in list Defaulting to random move.
[2026-03-09 19:22:23,655][PokeRLEnv y6dpb][WARNING] - 'outrage' is not in list Defaulting to random move.
[2026-03-09 19:22:23,655][PokeRLEnv y6dpb][WARNING] - 'outrage' is not in list Defaulting to random move.
[2026-03-09 19:22:23,655][PokeRLEnv y6dpb][WARNING] - 'outrage' is not in list Defaulting to random move.
[2026-03-09 19:22:23,655][PokeRLEnv y6dpb][WARNING] - 'outrage' is not in list Defaulting to random move.
[2026-03-09 19:22:23,655][PokeRLEnv y6dpb][WARNING] - 'outrage' is not in list Defaulting to random move.
[2026-03-09 19:22:23,655][PokeRLEnv y6dpb][WARNING] - 'outrage' is not in list Defaulting to random move.
[2026-03-09 19:22:23,655][PokeRLEnv y6dpb][WARNING] - 'outrage' is not in list Defaulting to random move.
[2026-03-09 19:22:23,655][PokeRLEnv y6dpb][WARNING] - 'outrage' is not in list Defaulting to random move.
[2026-03-09 19:22:23,655][PokeRLEnv y6dpb][WARNING] - 'outrage' is not in list Defaulting to random move.
[2026-03-09 19:22:23,655][PokeRLEnv y6dpb][WARNING] - 'outrage' is not in list Defaulting to random move.
[2026-03-09 19:22:23,655][PokeRLEnv y6dpb][WARNING] - 'outrage' is not in list Defaulting to random move.
[2026-03-09 19:22:23,655][PokeRLEnv y6dpb][WARNING] - 'outrage' is not in list Defaulting to random move.
[2026-03-09 19:22:23,655][PokeRLEnv y6dpb][WARNING] - 'outrage' is not in list Defaulting to random move.
[2026-03-09 19:22:23,656][PokeRLEnv y6dpb][WARNING] - 'outrage' is not in list Defaulting to random move.
[2026-03-09 19:22:23,656][PokeRLEnv y6dpb][WARNING] - 'outrage' is not in list Defaulting to random move.
[2026-03-09 19:22:23,656][PokeRLEnv y6dpb][WARNING] - 'outrage' is not in list Defaulting to random move.
[2026-03-09 19:22:23,656][PokeRLEnv y6dpb][WARNING] - 'outrage' is not in list Defaulting to random move.
[2026-03-09 19:22:23,656][PokeRLEnv y6dpb][WARNING] - 'outrage' is not in list Defaulting to random move.
[2026-03-09 19:22:23,656][PokeRLEnv y6dpb][WARNING] - 'outrage' is not in list Defaulting to random move.
[2026-03-09 19:22:23,656][PokeRLEnv y6dpb][WARNING] - 'outrage' is not in list Defaulting to random move.
[2026-03-09 19:22:23,656][PokeRLEnv y6dpb][WARNING] - 'outrage' is not in list Defaulting to random move.
[2026-03-09 19:22:23,656][PokeRLEnv y6dpb][WARNING] - 'outrage' is not in list Defaulting to random move.
[2026-03-09 19:22:23,656][PokeRLEnv y6dpb][WARNING] - 'outrage' is not in list Defaulting to random move.
[2026-03-09 19:22:23,656][PokeRLEnv y6dpb][WARNING] - 'outrage' is not in list Defaulting to random move.
[2026-03-09 19:22:23,656][PokeRLEnv y6dpb][WARNING] - 'outrage' is not in list Defaulting to random move.
[2026-03-09 19:22:23,656][PokeRLEnv y6dpb][WARNING] - 'outrage' is not in list Defaulting to random move.
[2026-03-09 19:22:23,656][PokeRLEnv y6dpb][WARNING] - 'outrage' is not in list Defaulting to random move.
[2026-03-09 19:22:23,656][PokeRLEnv y6dpb][WARNING] - 'outrage' is not in list Defaulting to random move.
[2026-03-09 19:22:23,656][PokeRLEnv y6dpb][WARNING] - 'outrage' is not in list Defaulting to random move.
[2026-03-09 19:22:23,656][PokeRLEnv y6dpb][WARNING] - 'outrage' is not in list Defaulting to random move.
[2026-03-09 19:22:23,657][PokeRLEnv y6dpb][WARNING] - 'outrage' is not in list Defaulting to random move.
[2026-03-09 19:22:23,657][PokeRLEnv y6dpb][WARNING] - 'outrage' is not in list Defaulting to random move.
[2026-03-09 19:22:23,657][PokeRLEnv y6dpb][WARNING] - 'outrage' is not in list Defaulting to random move.
[2026-03-09 19:22:23,657][PokeRLEnv y6dpb][WARNING] - 'outrage' is not in list Defaulting to random move.
[2026-03-09 19:22:23,657][PokeRLEnv y6dpb][WARNING] - 'outrage' is not in list Defaulting to random move.
[2026-03-09 19:22:23,657][PokeRLEnv y6dpb][WARNING] - 'outrage' is not in list Defaulting to random move.
[2026-03-09 19:22:23,657][PokeRLEnv y6dpb][WARNING] - 'outrage' is not in list Defaulting to random move.
[2026-03-09 19:22:23,657][PokeRLEnv y6dpb][WARNING] - 'outrage' is not in list Defaulting to random move.
[2026-03-09 19:22:23,657][PokeRLEnv y6dpb][WARNING] - 'outrage' is not in list Defaulting to random move.
[2026-03-09 19:22:23,657][PokeRLEnv y6dpb][WARNING] - 'outrage' is not in list Defaulting to random move.
[2026-03-09 19:22:23,657][PokeRLEnv y6dpb][WARNING] - 'outrage' is not in list Defaulting to random move.
[2026-03-09 19:22:23,657][PokeRLEnv y6dpb][WARNING] - 'outrage' is not in list Defaulting to random move.
[2026-03-09 19:22:23,657][PokeRLEnv y6dpb][WARNING] - 'outrage' is not in list Defaulting to random move.
[2026-03-09 19:22:23,657][PokeRLEnv y6dpb][WARNING] - 'outrage' is not in list Defaulting to random move.
[2026-03-09 19:22:23,657][PokeRLEnv y6dpb][WARNING] - 'outrage' is not in list Defaulting to random move.
[2026-03-09 19:22:23,657][PokeRLEnv y6dpb][WARNING] - 'outrage' is not in list Defaulting to random move.
[2026-03-09 19:22:23,657][PokeRLEnv y6dpb][WARNING] - 'outrage' is not in list Defaulting to random move.
[2026-03-09 19:22:23,657][PokeRLEnv y6dpb][WARNING] - 'outrage' is not in list Defaulting to random move.
[2026-03-09 19:22:23,657][PokeRLEnv y6dpb][WARNING] - 'outrage' is not in list Defaulting to random move.
[2026-03-09 19:22:23,657][PokeRLEnv y6dpb][WARNING] - 'outrage' is not in list Defaulting to random move.
[2026-03-09 19:22:23,657][PokeRLEnv y6dpb][WARNING] - 'outrage' is not in list Defaulting to random move.
[2026-03-09 19:22:23,658][PokeRLEnv y6dpb][WARNING] - 'outrage' is not in list Defaulting to random move.
[2026-03-09 19:22:23,658][PokeRLEnv y6dpb][WARNING] - 'outrage' is not in list Defaulting to random move.
[2026-03-09 19:22:23,658][PokeRLEnv y6dpb][WARNING] - 'outrage' is not in list Defaulting to random move.
[2026-03-09 19:22:23,658][PokeRLEnv y6dpb][WARNING] - 'outrage' is not in list Defaulting to random move.
[2026-03-09 19:22:23,658][PokeRLEnv y6dpb][WARNING] - 'outrage' is not in list Defaulting to random move.
[2026-03-09 19:22:23,658][PokeRLEnv y6dpb][WARNING] - 'outrage' is not in list Defaulting to random move.
[2026-03-09 19:22:23,658][PokeRLEnv y6dpb][WARNING] - 'outrage' is not in list Defaulting to random move.
[2026-03-09 19:22:23,658][PokeRLEnv y6dpb][WARNING] - 'outrage' is not in list Defaulting to random move.
[2026-03-09 19:22:23,658][PokeRLEnv y6dpb][WARNING] - 'outrage' is not in list Defaulting to random move.
[2026-03-09 19:22:23,658][PokeRLEnv y6dpb][WARNING] - 'outrage' is not in list Defaulting to random move.
[2026-03-09 19:22:23,658][PokeRLEnv y6dpb][WARNING] - 'outrage' is not in list Defaulting to random move.
[2026-03-09 19:22:23,658][PokeRLEnv y6dpb][WARNING] - 'outrage' is not in list Defaulting to random move.
[2026-03-09 19:22:23,658][PokeRLEnv y6dpb][WARNING] - 'outrage' is not in list Defaulting to random move.
[2026-03-09 19:22:23,658][PokeRLEnv y6dpb][WARNING] - 'outrage' is not in list Defaulting to random move.
[2026-03-09 19:22:23,658][PokeRLEnv y6dpb][WARNING] - 'outrage' is not in list Defaulting to random move.
[2026-03-09 19:22:23,658][PokeRLEnv y6dpb][WARNING] - 'outrage' is not in list Defaulting to random move.
[2026-03-09 19:22:23,659][PokeRLEnv y6dpb][WARNING] - 'outrage' is not in list Defaulting to random move.
[2026-03-09 19:22:23,659][PokeRLEnv y6dpb][WARNING] - 'outrage' is not in list Defaulting to random move.
[2026-03-09 19:22:23,659][PokeRLEnv y6dpb][WARNING] - 'outrage' is not in list Defaulting to random move.
[2026-03-09 19:22:23,659][PokeRLEnv y6dpb][WARNING] - 'outrage' is not in list Defaulting to random move.
[2026-03-09 19:22:23,659][PokeRLEnv y6dpb][WARNING] - 'outrage' is not in list Defaulting to random move.
[2026-03-09 19:22:23,659][PokeRLEnv y6dpb][WARNING] - 'outrage' is not in list Defaulting to random move.
[2026-03-09 19:22:23,659][PokeRLEnv y6dpb][WARNING] - 'outrage' is not in list Defaulting to random move.
[2026-03-09 19:22:23,659][PokeRLEnv y6dpb][WARNING] - 'outrage' is not in list Defaulting to random move.
[2026-03-09 19:22:23,659][PokeRLEnv y6dpb][WARNING] - 'outrage' is not in list Defaulting to random move.
[2026-03-09 19:22:23,659][PokeRLEnv y6dpb][WARNING] - 'outrage' is not in list Defaulting to random move.
[2026-03-09 19:22:23,659][PokeRLEnv y6dpb][WARNING] - 'outrage' is not in list Defaulting to random move.
[2026-03-09 19:22:23,659][PokeRLEnv y6dpb][WARNING] - 'outrage' is not in list Defaulting to random move.
[2026-03-09 19:22:23,659][PokeRLEnv y6dpb][WARNING] - 'outrage' is not in list Defaulting to random move.
[2026-03-09 19:22:23,659][PokeRLEnv y6dpb][WARNING] - 'outrage' is not in list Defaulting to random move.
[2026-03-09 19:22:23,659][PokeRLEnv y6dpb][WARNING] - 'outrage' is not in list Defaulting to random move.
[2026-03-09 19:22:23,659][PokeRLEnv y6dpb][WARNING] - 'outrage' is not in list Defaulting to random move.
[2026-03-09 19:22:23,659][PokeRLEnv y6dpb][WARNING] - 'outrage' is not in list Defaulting to random move.
[2026-03-09 19:22:23,659][PokeRLEnv y6dpb][WARNING] - 'outrage' is not in list Defaulting to random move.
[2026-03-09 19:22:23,659][PokeRLEnv y6dpb][WARNING] - 'outrage' is not in list Defaulting to random move.
[2026-03-09 19:22:23,660][PokeRLEnv y6dpb][WARNING] - 'outrage' is not in list Defaulting to random move.
[2026-03-09 19:22:23,660][PokeRLEnv y6dpb][WARNING] - 'outrage' is not in list Defaulting to random move.
[2026-03-09 19:22:23,660][PokeRLEnv y6dpb][WARNING] - 'outrage' is not in list Defaulting to random move.
[2026-03-09 19:22:23,660][PokeRLEnv y6dpb][WARNING] - 'outrage' is not in list Defaulting to random move.
[2026-03-09 19:22:23,660][PokeRLEnv y6dpb][WARNING] - 'outrage' is not in list Defaulting to random move.
[2026-03-09 19:22:23,660][PokeRLEnv y6dpb][WARNING] - 'outrage' is not in list Defaulting to random move.
[2026-03-09 19:22:23,660][PokeRLEnv y6dpb][WARNING] - 'outrage' is not in list Defaulting to random move.
[2026-03-09 19:22:23,660][PokeRLEnv y6dpb][WARNING] - 'outrage' is not in list Defaulting to random move.
[2026-03-09 19:22:23,660][PokeRLEnv y6dpb][WARNING] - 'outrage' is not in list Defaulting to random move.
[2026-03-09 19:22:23,661][PokeRLEnv y6dpb][WARNING] - 'outrage' is not in list Defaulting to random move.
[2026-03-09 19:22:23,661][PokeRLEnv y6dpb][WARNING] - 'outrage' is not in list Defaulting to random move.
[2026-03-09 19:22:23,661][PokeRLEnv y6dpb][WARNING] - 'outrage' is not in list Defaulting to random move.
[2026-03-09 19:22:23,661][PokeRLEnv y6dpb][WARNING] - 'outrage' is not in list Defaulting to random move.
[2026-03-09 19:22:23,661][PokeRLEnv y6dpb][WARNING] - 'outrage' is not in list Defaulting to random move.
[2026-03-09 19:22:23,661][PokeRLEnv y6dpb][WARNING] - 'outrage' is not in list Defaulting to random move.
[2026-03-09 19:22:23,661][PokeRLEnv y6dpb][WARNING] - 'outrage' is not in list Defaulting to random move.
[2026-03-09 19:22:23,661][PokeRLEnv y6dpb][WARNING] - 'outrage' is not in list Defaulting to random move.
[2026-03-09 19:22:23,661][PokeRLEnv y6dpb][WARNING] - 'outrage' is not in list Defaulting to random move.
[2026-03-09 19:22:23,661][PokeRLEnv y6dpb][WARNING] - 'outrage' is not in list Defaulting to random move.
[2026-03-09 19:22:23,661][PokeRLEnv y6dpb][WARNING] - 'outrage' is not in list Defaulting to random move.
[2026-03-09 19:22:23,661][PokeRLEnv y6dpb][WARNING] - 'outrage' is not in list Defaulting to random move.
[2026-03-09 19:22:23,661][PokeRLEnv y6dpb][WARNING] - 'outrage' is not in list Defaulting to random move.
[2026-03-09 19:22:23,661][PokeRLEnv y6dpb][WARNING] - 'outrage' is not in list Defaulting to random move.
[2026-03-09 19:22:23,661][PokeRLEnv y6dpb][WARNING] - 'outrage' is not in list Defaulting to random move.
[2026-03-09 19:22:23,661][PokeRLEnv y6dpb][WARNING] - 'outrage' is not in list Defaulting to random move.
[2026-03-09 19:22:23,662][PokeRLEnv y6dpb][WARNING] - 'outrage' is not in list Defaulting to random move.
[2026-03-09 19:22:23,662][PokeRLEnv y6dpb][WARNING] - 'outrage' is not in list Defaulting to random move.
[2026-03-09 19:22:23,663][PokeRLEnv y6dpb][WARNING] - 'outrage' is not in list Defaulting to random move.
[2026-03-09 19:22:23,663][PokeRLEnv y6dpb][WARNING] - 'outrage' is not in list Defaulting to random move.
[2026-03-09 19:22:23,663][PokeRLEnv y6dpb][WARNING] - 'outrage' is not in list Defaulting to random move.
[2026-03-09 19:22:23,663][PokeRLEnv y6dpb][WARNING] - 'outrage' is not in list Defaulting to random move.
[2026-03-09 19:22:23,663][PokeRLEnv y6dpb][WARNING] - 'outrage' is not in list Defaulting to random move.
[2026-03-09 19:22:23,663][PokeRLEnv y6dpb][WARNING] - 'outrage' is not in list Defaulting to random move.
[2026-03-09 19:22:23,663][PokeRLEnv y6dpb][WARNING] - 'outrage' is not in list Defaulting to random move.
[2026-03-09 19:22:23,663][PokeRLEnv y6dpb][WARNING] - 'outrage' is not in list Defaulting to random move.
[2026-03-09 19:22:23,663][PokeRLEnv y6dpb][WARNING] - 'outrage' is not in list Defaulting to random move.
[2026-03-09 19:22:23,663][PokeRLEnv y6dpb][WARNING] - 'outrage' is not in list Defaulting to random move.
[2026-03-09 19:22:23,663][PokeRLEnv y6dpb][WARNING] - 'outrage' is not in list Defaulting to random move.
[2026-03-09 19:22:23,663][PokeRLEnv y6dpb][WARNING] - 'outrage' is not in list Defaulting to random move.
[2026-03-09 19:22:23,663][PokeRLEnv y6dpb][WARNING] - 'outrage' is not in list Defaulting to random move.
[2026-03-09 19:22:23,663][PokeRLEnv y6dpb][WARNING] - 'outrage' is not in list Defaulting to random move.
[2026-03-09 19:22:23,663][PokeRLEnv y6dpb][WARNING] - 'outrage' is not in list Defaulting to random move.
[2026-03-09 19:22:23,664][PokeRLEnv y6dpb][WARNING] - 'outrage' is not in list Defaulting to random move.
[2026-03-09 19:22:23,664][PokeRLEnv y6dpb][WARNING] - 'outrage' is not in list Defaulting to random move.
[2026-03-09 19:22:23,664][PokeRLEnv y6dpb][WARNING] - 'outrage' is not in list Defaulting to random move.
[2026-03-09 19:22:23,664][PokeRLEnv y6dpb][WARNING] - 'outrage' is not in list Defaulting to random move.
[2026-03-09 19:22:23,664][PokeRLEnv y6dpb][WARNING] - 'outrage' is not in list Defaulting to random move.
[2026-03-09 19:22:23,664][PokeRLEnv y6dpb][WARNING] - 'outrage' is not in list Defaulting to random move.
[2026-03-09 19:22:23,664][PokeRLEnv y6dpb][WARNING] - 'outrage' is not in list Defaulting to random move.
[2026-03-09 19:22:23,664][PokeRLEnv y6dpb][WARNING] - 'outrage' is not in list Defaulting to random move.
[2026-03-09 19:22:23,664][PokeRLEnv y6dpb][WARNING] - 'outrage' is not in list Defaulting to random move.
[2026-03-09 19:22:23,664][PokeRLEnv y6dpb][WARNING] - 'outrage' is not in list Defaulting to random move.
[2026-03-09 19:22:23,664][PokeRLEnv y6dpb][WARNING] - 'outrage' is not in list Defaulting to random move.
[2026-03-09 19:22:23,664][PokeRLEnv y6dpb][WARNING] - 'outrage' is not in list Defaulting to random move.
[2026-03-09 19:22:23,664][PokeRLEnv y6dpb][WARNING] - 'outrage' is not in list Defaulting to random move.
[2026-03-09 19:22:23,664][PokeRLEnv y6dpb][WARNING] - 'outrage' is not in list Defaulting to random move.
[2026-03-09 19:22:23,664][PokeRLEnv y6dpb][WARNING] - 'outrage' is not in list Defaulting to random move.
[2026-03-09 19:22:23,664][PokeRLEnv y6dpb][WARNING] - 'outrage' is not in list Defaulting to random move.
[2026-03-09 19:22:23,664][PokeRLEnv y6dpb][WARNING] - 'outrage' is not in list Defaulting to random move.
[2026-03-09 19:22:23,664][PokeRLEnv y6dpb][WARNING] - 'outrage' is not in list Defaulting to random move.
[2026-03-09 19:22:23,664][PokeRLEnv y6dpb][WARNING] - 'outrage' is not in list Defaulting to random move.
[2026-03-09 19:22:23,664][PokeRLEnv y6dpb][WARNING] - 'outrage' is not in list Defaulting to random move.
[2026-03-09 19:22:23,664][PokeRLEnv y6dpb][WARNING] - 'outrage' is not in list Defaulting to random move.
[2026-03-09 19:22:23,665][PokeRLEnv y6dpb][WARNING] - 'outrage' is not in list Defaulting to random move.
[2026-03-09 19:22:23,665][PokeRLEnv y6dpb][WARNING] - 'outrage' is not in list Defaulting to random move.
[2026-03-09 19:22:23,665][PokeRLEnv y6dpb][WARNING] - 'outrage' is not in list Defaulting to random move.
[2026-03-09 19:22:23,665][PokeRLEnv y6dpb][WARNING] - 'outrage' is not in list Defaulting to random move.
[2026-03-09 19:22:23,665][PokeRLEnv y6dpb][WARNING] - 'outrage' is not in list Defaulting to random move.
[2026-03-09 19:22:23,665][PokeRLEnv y6dpb][WARNING] - 'outrage' is not in list Defaulting to random move.
[2026-03-09 19:22:23,665][PokeRLEnv y6dpb][WARNING] - 'outrage' is not in list Defaulting to random move.
[2026-03-09 19:22:23,665][PokeRLEnv y6dpb][WARNING] - 'outrage' is not in list Defaulting to random move.
[2026-03-09 19:22:23,665][PokeRLEnv y6dpb][WARNING] - 'outrage' is not in list Defaulting to random move.
[2026-03-09 19:22:23,665][PokeRLEnv y6dpb][WARNING] - 'outrage' is not in list Defaulting to random move.
[2026-03-09 19:22:23,665][PokeRLEnv y6dpb][WARNING] - 'outrage' is not in list Defaulting to random move.
[2026-03-09 19:22:23,665][PokeRLEnv y6dpb][WARNING] - 'outrage' is not in list Defaulting to random move.
[2026-03-09 19:22:23,665][PokeRLEnv y6dpb][WARNING] - 'outrage' is not in list Defaulting to random move.
[2026-03-09 19:22:23,665][PokeRLEnv y6dpb][WARNING] - 'outrage' is not in list Defaulting to random move.
[2026-03-09 19:22:23,665][PokeRLEnv y6dpb][WARNING] - 'outrage' is not in list Defaulting to random move.
[2026-03-09 19:22:23,665][PokeRLEnv y6dpb][WARNING] - 'outrage' is not in list Defaulting to random move.
[2026-03-09 19:22:23,665][PokeRLEnv y6dpb][WARNING] - 'outrage' is not in list Defaulting to random move.
[2026-03-09 19:22:23,665][PokeRLEnv y6dpb][WARNING] - 'outrage' is not in list Defaulting to random move.
[2026-03-09 19:22:23,666][PokeRLEnv y6dpb][WARNING] - 'outrage' is not in list Defaulting to random move.
[2026-03-09 19:22:23,666][PokeRLEnv y6dpb][WARNING] - 'outrage' is not in list Defaulting to random move.
[2026-03-09 19:22:23,666][PokeRLEnv y6dpb][WARNING] - 'outrage' is not in list Defaulting to random move.
[2026-03-09 19:22:23,666][PokeRLEnv y6dpb][WARNING] - 'outrage' is not in list Defaulting to random move.
[2026-03-09 19:22:23,666][PokeRLEnv y6dpb][WARNING] - 'outrage' is not in list Defaulting to random move.
[2026-03-09 19:22:23,666][PokeRLEnv y6dpb][WARNING] - 'outrage' is not in list Defaulting to random move.
[2026-03-09 19:22:23,666][PokeRLEnv y6dpb][WARNING] - 'outrage' is not in list Defaulting to random move.
[2026-03-09 19:22:23,666][PokeRLEnv y6dpb][WARNING] - 'outrage' is not in list Defaulting to random move.
[2026-03-09 19:22:23,666][PokeRLEnv y6dpb][WARNING] - 'outrage' is not in list Defaulting to random move.
[2026-03-09 19:22:23,666][PokeRLEnv y6dpb][WARNING] - 'outrage' is not in list Defaulting to random move.
[2026-03-09 19:22:23,666][PokeRLEnv y6dpb][WARNING] - 'outrage' is not in list Defaulting to random move.
[2026-03-09 19:22:23,666][PokeRLEnv y6dpb][WARNING] - 'outrage' is not in list Defaulting to random move.
[2026-03-09 19:22:23,666][PokeRLEnv y6dpb][WARNING] - 'outrage' is not in list Defaulting to random move.
[2026-03-09 19:22:23,666][PokeRLEnv y6dpb][WARNING] - 'outrage' is not in list Defaulting to random move.
[2026-03-09 19:22:23,667][PokeRLEnv y6dpb][WARNING] - 'outrage' is not in list Defaulting to random move.
[2026-03-09 19:22:23,667][PokeRLEnv y6dpb][WARNING] - 'outrage' is not in list Defaulting to random move.
[2026-03-09 19:22:23,667][PokeRLEnv y6dpb][WARNING] - 'outrage' is not in list Defaulting to random move.
[2026-03-09 19:22:23,667][PokeRLEnv y6dpb][WARNING] - 'outrage' is not in list Defaulting to random move.
[2026-03-09 19:22:23,667][PokeRLEnv y6dpb][WARNING] - 'outrage' is not in list Defaulting to random move.
[2026-03-09 19:22:23,667][PokeRLEnv y6dpb][WARNING] - 'outrage' is not in list Defaulting to random move.
[2026-03-09 19:22:23,667][PokeRLEnv y6dpb][WARNING] - 'outrage' is not in list Defaulting to random move.
[2026-03-09 19:22:23,667][PokeRLEnv y6dpb][WARNING] - 'outrage' is not in list Defaulting to random move.
[2026-03-09 19:22:23,667][PokeRLEnv y6dpb][WARNING] - 'outrage' is not in list Defaulting to random move.
[2026-03-09 19:22:23,667][PokeRLEnv y6dpb][WARNING] - 'outrage' is not in list Defaulting to random move.
[2026-03-09 19:22:23,667][PokeRLEnv y6dpb][WARNING] - 'outrage' is not in list Defaulting to random move.
[2026-03-09 19:22:23,667][PokeRLEnv y6dpb][WARNING] - 'outrage' is not in list Defaulting to random move.
[2026-03-09 19:22:23,667][PokeRLEnv y6dpb][WARNING] - 'outrage' is not in list Defaulting to random move.
[2026-03-09 19:22:23,667][PokeRLEnv y6dpb][WARNING] - 'outrage' is not in list Defaulting to random move.
[2026-03-09 19:22:23,667][PokeRLEnv y6dpb][WARNING] - 'outrage' is not in list Defaulting to random move.
[2026-03-09 19:22:23,667][PokeRLEnv y6dpb][WARNING] - 'outrage' is not in list Defaulting to random move.
[2026-03-09 19:22:23,667][PokeRLEnv y6dpb][WARNING] - 'outrage' is not in list Defaulting to random move.
[2026-03-09 19:22:23,667][PokeRLEnv y6dpb][WARNING] - 'outrage' is not in list Defaulting to random move.
[2026-03-09 19:22:23,667][PokeRLEnv y6dpb][WARNING] - 'outrage' is not in list Defaulting to random move.
[2026-03-09 19:22:23,667][PokeRLEnv y6dpb][WARNING] - 'outrage' is not in list Defaulting to random move.
[2026-03-09 19:22:23,667][PokeRLEnv y6dpb][WARNING] - 'outrage' is not in list Defaulting to random move.
[2026-03-09 19:22:23,667][PokeRLEnv y6dpb][WARNING] - 'outrage' is not in list Defaulting to random move.
[2026-03-09 19:22:23,668][PokeRLEnv y6dpb][WARNING] - 'outrage' is not in list Defaulting to random move.
[2026-03-09 19:22:23,668][PokeRLEnv y6dpb][WARNING] - 'outrage' is not in list Defaulting to random move.
[2026-03-09 19:22:23,668][PokeRLEnv y6dpb][WARNING] - 'outrage' is not in list Defaulting to random move.
[2026-03-09 19:22:23,668][PokeRLEnv y6dpb][WARNING] - 'outrage' is not in list Defaulting to random move.
[2026-03-09 19:22:23,668][PokeRLEnv y6dpb][WARNING] - 'outrage' is not in list Defaulting to random move.
[2026-03-09 19:22:23,668][PokeRLEnv y6dpb][WARNING] - 'outrage' is not in list Defaulting to random move.
[2026-03-09 19:22:23,668][PokeRLEnv y6dpb][WARNING] - 'outrage' is not in list Defaulting to random move.
[2026-03-09 19:22:23,668][PokeRLEnv y6dpb][WARNING] - 'outrage' is not in list Defaulting to random move.
[2026-03-09 19:22:23,668][PokeRLEnv y6dpb][WARNING] - 'outrage' is not in list Defaulting to random move.
[2026-03-09 19:22:23,668][PokeRLEnv y6dpb][WARNING] - 'outrage' is not in list Defaulting to random move.
[2026-03-09 19:22:23,668][PokeRLEnv y6dpb][WARNING] - 'outrage' is not in list Defaulting to random move.
[2026-03-09 19:22:23,668][PokeRLEnv y6dpb][WARNING] - 'outrage' is not in list Defaulting to random move.
[2026-03-09 19:22:23,668][PokeRLEnv y6dpb][WARNING] - 'outrage' is not in list Defaulting to random move.
[2026-03-09 19:22:23,668][PokeRLEnv y6dpb][WARNING] - 'outrage' is not in list Defaulting to random move.
[2026-03-09 19:22:23,668][PokeRLEnv y6dpb][WARNING] - 'outrage' is not in list Defaulting to random move.
[2026-03-09 19:22:23,668][PokeRLEnv y6dpb][WARNING] - 'outrage' is not in list Defaulting to random move.
[2026-03-09 19:22:23,668][PokeRLEnv y6dpb][WARNING] - 'outrage' is not in list Defaulting to random move.
[2026-03-09 19:22:23,668][PokeRLEnv y6dpb][WARNING] - 'outrage' is not in list Defaulting to random move.
[2026-03-09 19:22:23,669][PokeRLEnv y6dpb][WARNING] - 'outrage' is not in list Defaulting to random move.
[2026-03-09 19:22:23,669][PokeRLEnv y6dpb][WARNING] - 'outrage' is not in list Defaulting to random move.
[2026-03-09 19:22:23,669][PokeRLEnv y6dpb][WARNING] - 'outrage' is not in list Defaulting to random move.
[2026-03-09 19:22:23,669][PokeRLEnv y6dpb][WARNING] - 'outrage' is not in list Defaulting to random move.
[2026-03-09 19:22:23,669][PokeRLEnv y6dpb][WARNING] - 'outrage' is not in list Defaulting to random move.
[2026-03-09 19:22:23,669][PokeRLEnv y6dpb][WARNING] - 'outrage' is not in list Defaulting to random move.
[2026-03-09 19:22:23,669][PokeRLEnv y6dpb][WARNING] - 'outrage' is not in list Defaulting to random move.
[2026-03-09 19:22:23,669][PokeRLEnv y6dpb][WARNING] - 'outrage' is not in list Defaulting to random move.
[2026-03-09 19:22:23,669][PokeRLEnv y6dpb][WARNING] - 'outrage' is not in list Defaulting to random move.
[2026-03-09 19:22:23,669][PokeRLEnv y6dpb][WARNING] - 'outrage' is not in list Defaulting to random move.
[2026-03-09 19:22:23,669][PokeRLEnv y6dpb][WARNING] - 'outrage' is not in list Defaulting to random move.
[2026-03-09 19:22:23,669][PokeRLEnv y6dpb][WARNING] - 'outrage' is not in list Defaulting to random move.
[2026-03-09 19:22:23,669][PokeRLEnv y6dpb][WARNING] - 'outrage' is not in list Defaulting to random move.
[2026-03-09 19:22:23,669][PokeRLEnv y6dpb][WARNING] - 'outrage' is not in list Defaulting to random move.
[2026-03-09 19:22:23,669][PokeRLEnv y6dpb][WARNING] - 'outrage' is not in list Defaulting to random move.
[2026-03-09 19:22:23,669][PokeRLEnv y6dpb][WARNING] - 'outrage' is not in list Defaulting to random move.
[2026-03-09 19:22:23,670][PokeRLEnv y6dpb][WARNING] - 'outrage' is not in list Defaulting to random move.
[2026-03-09 19:22:23,670][PokeRLEnv y6dpb][WARNING] - 'outrage' is not in list Defaulting to random move.
[2026-03-09 19:22:23,670][PokeRLEnv y6dpb][WARNING] - 'outrage' is not in list Defaulting to random move.
[2026-03-09 19:22:23,670][PokeRLEnv y6dpb][WARNING] - 'outrage' is not in list Defaulting to random move.
[2026-03-09 19:22:23,670][PokeRLEnv y6dpb][WARNING] - 'outrage' is not in list Defaulting to random move.
[2026-03-09 19:22:23,670][PokeRLEnv y6dpb][WARNING] - 'outrage' is not in list Defaulting to random move.
[2026-03-09 19:22:23,670][PokeRLEnv y6dpb][WARNING] - 'outrage' is not in list Defaulting to random move.
[2026-03-09 19:22:23,670][PokeRLEnv y6dpb][WARNING] - 'outrage' is not in list Defaulting to random move.
[2026-03-09 19:22:23,670][PokeRLEnv y6dpb][WARNING] - 'outrage' is not in list Defaulting to random move.
[2026-03-09 19:22:23,670][PokeRLEnv y6dpb][WARNING] - 'outrage' is not in list Defaulting to random move.
[2026-03-09 19:22:23,670][PokeRLEnv y6dpb][WARNING] - 'outrage' is not in list Defaulting to random move.
[2026-03-09 19:22:23,670][PokeRLEnv y6dpb][WARNING] - 'outrage' is not in list Defaulting to random move.
[2026-03-09 19:22:23,670][PokeRLEnv y6dpb][WARNING] - 'outrage' is not in list Defaulting to random move.
[2026-03-09 19:22:23,670][PokeRLEnv y6dpb][WARNING] - 'outrage' is not in list Defaulting to random move.
[2026-03-09 19:22:23,670][PokeRLEnv y6dpb][WARNING] - 'outrage' is not in list Defaulting to random move.
[2026-03-09 19:22:23,670][PokeRLEnv y6dpb][WARNING] - 'outrage' is not in list Defaulting to random move.
[2026-03-09 19:22:23,670][PokeRLEnv y6dpb][WARNING] - 'outrage' is not in list Defaulting to random move.
[2026-03-09 19:22:23,670][PokeRLEnv y6dpb][WARNING] - 'outrage' is not in list Defaulting to random move.
[2026-03-09 19:22:23,670][PokeRLEnv y6dpb][WARNING] - 'outrage' is not in list Defaulting to random move.
[2026-03-09 19:22:23,670][PokeRLEnv y6dpb][WARNING] - 'outrage' is not in list Defaulting to random move.
[2026-03-09 19:22:23,670][PokeRLEnv y6dpb][WARNING] - 'outrage' is not in list Defaulting to random move.
[2026-03-09 19:22:23,671][PokeRLEnv y6dpb][WARNING] - 'outrage' is not in list Defaulting to random move.
[2026-03-09 19:22:23,671][PokeRLEnv y6dpb][WARNING] - 'outrage' is not in list Defaulting to random move.
[2026-03-09 19:22:23,671][PokeRLEnv y6dpb][WARNING] - 'outrage' is not in list Defaulting to random move.
[2026-03-09 19:22:23,671][PokeRLEnv y6dpb][WARNING] - 'outrage' is not in list Defaulting to random move.
[2026-03-09 19:22:23,671][PokeRLEnv y6dpb][WARNING] - 'outrage' is not in list Defaulting to random move.
[2026-03-09 19:22:23,671][PokeRLEnv y6dpb][WARNING] - 'outrage' is not in list Defaulting to random move.
[2026-03-09 19:22:23,671][PokeRLEnv y6dpb][WARNING] - 'outrage' is not in list Defaulting to random move.
[2026-03-09 19:22:23,671][PokeRLEnv y6dpb][WARNING] - 'outrage' is not in list Defaulting to random move.
[2026-03-09 19:22:23,671][PokeRLEnv y6dpb][WARNING] - 'outrage' is not in list Defaulting to random move.
[2026-03-09 19:22:23,671][PokeRLEnv y6dpb][WARNING] - 'outrage' is not in list Defaulting to random move.
[2026-03-09 19:22:23,671][PokeRLEnv y6dpb][WARNING] - 'outrage' is not in list Defaulting to random move.
[2026-03-09 19:22:23,671][PokeRLEnv y6dpb][WARNING] - 'outrage' is not in list Defaulting to random move.
[2026-03-09 19:22:23,671][PokeRLEnv y6dpb][WARNING] - 'outrage' is not in list Defaulting to random move.
[2026-03-09 19:22:23,671][PokeRLEnv y6dpb][WARNING] - 'outrage' is not in list Defaulting to random move.
[2026-03-09 19:22:23,672][PokeRLEnv y6dpb][WARNING] - 'outrage' is not in list Defaulting to random move.
[2026-03-09 19:22:23,672][PokeRLEnv y6dpb][WARNING] - 'outrage' is not in list Defaulting to random move.
[2026-03-09 19:22:23,672][PokeRLEnv y6dpb][WARNING] - 'outrage' is not in list Defaulting to random move.
[2026-03-09 19:22:23,672][PokeRLEnv y6dpb][WARNING] - 'outrage' is not in list Defaulting to random move.
[2026-03-09 19:22:23,672][PokeRLEnv y6dpb][WARNING] - 'outrage' is not in list Defaulting to random move.
[2026-03-09 19:22:23,672][PokeRLEnv y6dpb][WARNING] - 'outrage' is not in list Defaulting to random move.
[2026-03-09 19:22:23,672][PokeRLEnv y6dpb][WARNING] - 'outrage' is not in list Defaulting to random move.
[2026-03-09 19:22:23,672][PokeRLEnv y6dpb][WARNING] - 'outrage' is not in list Defaulting to random move.
[2026-03-09 19:22:23,672][PokeRLEnv y6dpb][WARNING] - 'outrage' is not in list Defaulting to random move.
[2026-03-09 19:22:23,672][PokeRLEnv y6dpb][WARNING] - 'outrage' is not in list Defaulting to random move.
[2026-03-09 19:22:23,672][PokeRLEnv y6dpb][WARNING] - 'outrage' is not in list Defaulting to random move.
[2026-03-09 19:22:23,672][PokeRLEnv y6dpb][WARNING] - 'outrage' is not in list Defaulting to random move.
[2026-03-09 19:22:23,672][PokeRLEnv y6dpb][WARNING] - 'outrage' is not in list Defaulting to random move.
[2026-03-09 19:22:23,672][PokeRLEnv y6dpb][WARNING] - 'outrage' is not in list Defaulting to random move.
[2026-03-09 19:22:23,672][PokeRLEnv y6dpb][WARNING] - 'outrage' is not in list Defaulting to random move.
[2026-03-09 19:22:23,672][PokeRLEnv y6dpb][WARNING] - 'outrage' is not in list Defaulting to random move.
[2026-03-09 19:22:23,673][PokeRLEnv y6dpb][WARNING] - 'outrage' is not in list Defaulting to random move.
[2026-03-09 19:22:23,673][PokeRLEnv y6dpb][WARNING] - 'outrage' is not in list Defaulting to random move.
[2026-03-09 19:22:23,673][PokeRLEnv y6dpb][WARNING] - 'outrage' is not in list Defaulting to random move.
[2026-03-09 19:22:23,673][PokeRLEnv y6dpb][WARNING] - 'outrage' is not in list Defaulting to random move.
[2026-03-09 19:22:23,673][PokeRLEnv y6dpb][WARNING] - 'outrage' is not in list Defaulting to random move.
[2026-03-09 19:22:23,673][PokeRLEnv y6dpb][WARNING] - 'outrage' is not in list Defaulting to random move.
[2026-03-09 19:22:23,673][PokeRLEnv y6dpb][WARNING] - 'outrage' is not in list Defaulting to random move.
[2026-03-09 19:22:23,673][PokeRLEnv y6dpb][WARNING] - 'outrage' is not in list Defaulting to random move.
[2026-03-09 19:22:23,673][PokeRLEnv y6dpb][WARNING] - 'outrage' is not in list Defaulting to random move.
[2026-03-09 19:22:23,673][PokeRLEnv y6dpb][WARNING] - 'outrage' is not in list Defaulting to random move.
[2026-03-09 19:22:23,673][PokeRLEnv y6dpb][WARNING] - 'outrage' is not in list Defaulting to random move.
[2026-03-09 19:22:23,673][PokeRLEnv y6dpb][WARNING] - 'outrage' is not in list Defaulting to random move.
[2026-03-09 19:22:23,673][PokeRLEnv y6dpb][WARNING] - 'outrage' is not in list Defaulting to random move.
[2026-03-09 19:22:23,673][PokeRLEnv y6dpb][WARNING] - 'outrage' is not in list Defaulting to random move.
[2026-03-09 19:22:23,673][PokeRLEnv y6dpb][WARNING] - 'outrage' is not in list Defaulting to random move.
[2026-03-09 19:22:23,673][PokeRLEnv y6dpb][WARNING] - 'outrage' is not in list Defaulting to random move.
[2026-03-09 19:22:23,673][PokeRLEnv y6dpb][WARNING] - 'outrage' is not in list Defaulting to random move.
[2026-03-09 19:22:23,673][PokeRLEnv y6dpb][WARNING] - 'outrage' is not in list Defaulting to random move.
[2026-03-09 19:22:23,673][PokeRLEnv y6dpb][WARNING] - 'outrage' is not in list Defaulting to random move.
[2026-03-09 19:22:23,674][PokeRLEnv y6dpb][WARNING] - 'outrage' is not in list Defaulting to random move.
[2026-03-09 19:22:23,674][PokeRLEnv y6dpb][WARNING] - 'outrage' is not in list Defaulting to random move.
[2026-03-09 19:22:23,674][PokeRLEnv y6dpb][WARNING] - 'outrage' is not in list Defaulting to random move.
[2026-03-09 19:22:23,674][PokeRLEnv y6dpb][WARNING] - 'outrage' is not in list Defaulting to random move.
[2026-03-09 19:22:23,674][PokeRLEnv y6dpb][WARNING] - 'outrage' is not in list Defaulting to random move.
[2026-03-09 19:22:23,674][PokeRLEnv y6dpb][WARNING] - 'outrage' is not in list Defaulting to random move.
[2026-03-09 19:22:23,674][PokeRLEnv y6dpb][WARNING] - 'outrage' is not in list Defaulting to random move.
[2026-03-09 19:22:23,674][PokeRLEnv y6dpb][WARNING] - 'outrage' is not in list Defaulting to random move.
[2026-03-09 19:22:23,674][PokeRLEnv y6dpb][WARNING] - 'outrage' is not in list Defaulting to random move.
[2026-03-09 19:22:23,674][PokeRLEnv y6dpb][WARNING] - 'outrage' is not in list Defaulting to random move.
[2026-03-09 19:22:23,674][PokeRLEnv y6dpb][WARNING] - 'outrage' is not in list Defaulting to random move.
[2026-03-09 19:22:23,674][PokeRLEnv y6dpb][WARNING] - 'outrage' is not in list Defaulting to random move.
[2026-03-09 19:22:23,674][PokeRLEnv y6dpb][WARNING] - 'outrage' is not in list Defaulting to random move.
[2026-03-09 19:22:23,674][PokeRLEnv y6dpb][WARNING] - 'outrage' is not in list Defaulting to random move.
[2026-03-09 19:22:23,675][PokeRLEnv y6dpb][WARNING] - 'outrage' is not in list Defaulting to random move.
[2026-03-09 19:22:23,675][PokeRLEnv y6dpb][WARNING] - 'outrage' is not in list Defaulting to random move.
[2026-03-09 19:22:23,675][PokeRLEnv y6dpb][WARNING] - 'outrage' is not in list Defaulting to random move.
[2026-03-09 19:22:23,675][PokeRLEnv y6dpb][WARNING] - 'outrage' is not in list Defaulting to random move.
[2026-03-09 19:22:23,675][PokeRLEnv y6dpb][WARNING] - 'outrage' is not in list Defaulting to random move.
[2026-03-09 19:22:23,675][PokeRLEnv y6dpb][WARNING] - 'outrage' is not in list Defaulting to random move.
[2026-03-09 19:22:23,675][PokeRLEnv y6dpb][WARNING] - 'outrage' is not in list Defaulting to random move.
[2026-03-09 19:22:23,675][PokeRLEnv y6dpb][WARNING] - 'outrage' is not in list Defaulting to random move.
[2026-03-09 19:22:23,675][PokeRLEnv y6dpb][WARNING] - 'outrage' is not in list Defaulting to random move.
[2026-03-09 19:22:23,675][PokeRLEnv y6dpb][WARNING] - 'outrage' is not in list Defaulting to random move.
[2026-03-09 19:22:23,675][PokeRLEnv y6dpb][WARNING] - 'outrage' is not in list Defaulting to random move.
[2026-03-09 19:22:23,675][PokeRLEnv y6dpb][WARNING] - 'outrage' is not in list Defaulting to random move.
[2026-03-09 19:22:23,675][PokeRLEnv y6dpb][WARNING] - 'outrage' is not in list Defaulting to random move.
[2026-03-09 19:22:23,675][PokeRLEnv y6dpb][WARNING] - 'outrage' is not in list Defaulting to random move.
[2026-03-09 19:22:23,675][PokeRLEnv y6dpb][WARNING] - 'outrage' is not in list Defaulting to random move.
[2026-03-09 19:22:23,675][PokeRLEnv y6dpb][WARNING] - 'outrage' is not in list Defaulting to random move.
[2026-03-09 19:22:23,675][PokeRLEnv y6dpb][WARNING] - 'outrage' is not in list Defaulting to random move.
[2026-03-09 19:22:23,675][PokeRLEnv y6dpb][WARNING] - 'outrage' is not in list Defaulting to random move.
[2026-03-09 19:22:23,676][PokeRLEnv y6dpb][WARNING] - 'outrage' is not in list Defaulting to random move.
[2026-03-09 19:22:23,676][PokeRLEnv y6dpb][WARNING] - 'outrage' is not in list Defaulting to random move.
[2026-03-09 19:22:23,676][PokeRLEnv y6dpb][WARNING] - 'outrage' is not in list Defaulting to random move.
[2026-03-09 19:22:23,676][PokeRLEnv y6dpb][WARNING] - 'outrage' is not in list Defaulting to random move.
[2026-03-09 19:22:23,676][PokeRLEnv y6dpb][WARNING] - 'outrage' is not in list Defaulting to random move.
[2026-03-09 19:22:23,676][PokeRLEnv y6dpb][WARNING] - 'outrage' is not in list Defaulting to random move.
[2026-03-09 19:22:23,676][PokeRLEnv y6dpb][WARNING] - 'outrage' is not in list Defaulting to random move.
[2026-03-09 19:22:23,676][PokeRLEnv y6dpb][WARNING] - 'outrage' is not in list Defaulting to random move.
[2026-03-09 19:22:23,676][PokeRLEnv y6dpb][WARNING] - 'outrage' is not in list Defaulting to random move.
[2026-03-09 19:22:23,676][PokeRLEnv y6dpb][WARNING] - 'outrage' is not in list Defaulting to random move.
[2026-03-09 19:22:23,676][PokeRLEnv y6dpb][WARNING] - 'outrage' is not in list Defaulting to random move.
[2026-03-09 19:22:23,676][PokeRLEnv y6dpb][WARNING] - 'outrage' is not in list Defaulting to random move.
[2026-03-09 19:22:23,677][PokeRLEnv y6dpb][WARNING] - 'outrage' is not in list Defaulting to random move.
[2026-03-09 19:22:23,677][PokeRLEnv y6dpb][WARNING] - 'outrage' is not in list Defaulting to random move.
[2026-03-09 19:22:23,677][PokeRLEnv y6dpb][WARNING] - 'outrage' is not in list Defaulting to random move.
[2026-03-09 19:22:23,677][PokeRLEnv y6dpb][WARNING] - 'outrage' is not in list Defaulting to random move.
[2026-03-09 19:22:23,677][PokeRLEnv y6dpb][WARNING] - 'outrage' is not in list Defaulting to random move.
[2026-03-09 19:22:23,677][PokeRLEnv y6dpb][WARNING] - 'outrage' is not in list Defaulting to random move.
[2026-03-09 19:22:23,677][PokeRLEnv y6dpb][WARNING] - 'outrage' is not in list Defaulting to random move.
[2026-03-09 19:22:23,677][PokeRLEnv y6dpb][WARNING] - 'outrage' is not in list Defaulting to random move.
[2026-03-09 19:22:23,677][PokeRLEnv y6dpb][WARNING] - 'outrage' is not in list Defaulting to random move.
[2026-03-09 19:22:23,677][PokeRLEnv y6dpb][WARNING] - 'outrage' is not in list Defaulting to random move.
[2026-03-09 19:22:23,677][PokeRLEnv y6dpb][WARNING] - 'outrage' is not in list Defaulting to random move.
[2026-03-09 19:22:23,677][PokeRLEnv y6dpb][WARNING] - 'outrage' is not in list Defaulting to random move.
[2026-03-09 19:22:23,677][PokeRLEnv y6dpb][WARNING] - 'outrage' is not in list Defaulting to random move.
[2026-03-09 19:22:23,677][PokeRLEnv y6dpb][WARNING] - 'outrage' is not in list Defaulting to random move.
[2026-03-09 19:22:23,677][PokeRLEnv y6dpb][WARNING] - 'outrage' is not in list Defaulting to random move.
[2026-03-09 19:22:23,677][PokeRLEnv y6dpb][WARNING] - 'outrage' is not in list Defaulting to random move.
[2026-03-09 19:22:23,677][PokeRLEnv y6dpb][WARNING] - 'outrage' is not in list Defaulting to random move.
[2026-03-09 19:22:23,677][PokeRLEnv y6dpb][WARNING] - 'outrage' is not in list Defaulting to random move.
[2026-03-09 19:22:23,678][PokeRLEnv y6dpb][WARNING] - 'outrage' is not in list Defaulting to random move.
[2026-03-09 19:22:23,678][PokeRLEnv y6dpb][WARNING] - 'outrage' is not in list Defaulting to random move.
[2026-03-09 19:22:23,678][PokeRLEnv y6dpb][WARNING] - 'outrage' is not in list Defaulting to random move.
[2026-03-09 19:22:23,678][PokeRLEnv y6dpb][WARNING] - 'outrage' is not in list Defaulting to random move.
[2026-03-09 19:22:23,678][PokeRLEnv y6dpb][WARNING] - 'outrage' is not in list Defaulting to random move.
[2026-03-09 19:22:23,678][PokeRLEnv y6dpb][WARNING] - 'outrage' is not in list Defaulting to random move.
[2026-03-09 19:22:23,678][PokeRLEnv y6dpb][WARNING] - 'outrage' is not in list Defaulting to random move.
[2026-03-09 19:22:23,678][PokeRLEnv y6dpb][WARNING] - 'outrage' is not in list Defaulting to random move.
[2026-03-09 19:22:23,678][PokeRLEnv y6dpb][WARNING] - 'outrage' is not in list Defaulting to random move.
[2026-03-09 19:22:23,678][PokeRLEnv y6dpb][WARNING] - 'outrage' is not in list Defaulting to random move.
[2026-03-09 19:22:23,678][PokeRLEnv y6dpb][WARNING] - 'outrage' is not in list Defaulting to random move.
[2026-03-09 19:22:23,678][PokeRLEnv y6dpb][WARNING] - 'outrage' is not in list Defaulting to random move.
[2026-03-09 19:22:23,678][PokeRLEnv y6dpb][WARNING] - 'outrage' is not in list Defaulting to random move.
[2026-03-09 19:22:23,678][PokeRLEnv y6dpb][WARNING] - 'outrage' is not in list Defaulting to random move.
[2026-03-09 19:22:23,678][PokeRLEnv y6dpb][WARNING] - 'outrage' is not in list Defaulting to random move.
[2026-03-09 19:22:23,678][PokeRLEnv y6dpb][WARNING] - 'outrage' is not in list Defaulting to random move.
[2026-03-09 19:22:23,678][PokeRLEnv y6dpb][WARNING] - 'outrage' is not in list Defaulting to random move.
[2026-03-09 19:22:23,678][PokeRLEnv y6dpb][WARNING] - 'outrage' is not in list Defaulting to random move.
[2026-03-09 19:22:23,678][PokeRLEnv y6dpb][WARNING] - 'outrage' is not in list Defaulting to random move.
[2026-03-09 19:22:23,679][PokeRLEnv y6dpb][WARNING] - 'outrage' is not in list Defaulting to random move.
[2026-03-09 19:22:23,679][PokeRLEnv y6dpb][WARNING] - 'outrage' is not in list Defaulting to random move.
[2026-03-09 19:22:23,679][PokeRLEnv y6dpb][WARNING] - 'outrage' is not in list Defaulting to random move.
[2026-03-09 19:22:23,679][PokeRLEnv y6dpb][WARNING] - 'outrage' is not in list Defaulting to random move.
[2026-03-09 19:22:23,679][PokeRLEnv y6dpb][WARNING] - 'outrage' is not in list Defaulting to random move.
[2026-03-09 19:22:23,679][PokeRLEnv y6dpb][WARNING] - 'outrage' is not in list Defaulting to random move.
[2026-03-09 19:22:23,679][PokeRLEnv y6dpb][WARNING] - 'outrage' is not in list Defaulting to random move.
[2026-03-09 19:22:23,679][PokeRLEnv y6dpb][WARNING] - 'outrage' is not in list Defaulting to random move.
[2026-03-09 19:22:23,679][PokeRLEnv y6dpb][WARNING] - 'outrage' is not in list Defaulting to random move.
[2026-03-09 19:22:23,679][PokeRLEnv y6dpb][WARNING] - 'outrage' is not in list Defaulting to random move.
[2026-03-09 19:22:23,679][PokeRLEnv y6dpb][WARNING] - 'outrage' is not in list Defaulting to random move.
[2026-03-09 19:22:23,679][PokeRLEnv y6dpb][WARNING] - 'outrage' is not in list Defaulting to random move.
[2026-03-09 19:22:23,679][PokeRLEnv y6dpb][WARNING] - 'outrage' is not in list Defaulting to random move.
[2026-03-09 19:22:23,680][PokeRLEnv y6dpb][WARNING] - 'outrage' is not in list Defaulting to random move.
[2026-03-09 19:22:23,680][PokeRLEnv y6dpb][WARNING] - 'outrage' is not in list Defaulting to random move.
[2026-03-09 19:22:23,680][PokeRLEnv y6dpb][WARNING] - 'outrage' is not in list Defaulting to random move.
[2026-03-09 19:22:23,680][PokeRLEnv y6dpb][WARNING] - 'outrage' is not in list Defaulting to random move.
[2026-03-09 19:22:23,680][PokeRLEnv y6dpb][WARNING] - 'outrage' is not in list Defaulting to random move.
[2026-03-09 19:22:23,680][PokeRLEnv y6dpb][WARNING] - 'outrage' is not in list Defaulting to random move.
[2026-03-09 19:22:23,680][PokeRLEnv y6dpb][WARNING] - 'outrage' is not in list Defaulting to random move.
[2026-03-09 19:22:23,680][PokeRLEnv y6dpb][WARNING] - 'outrage' is not in list Defaulting to random move.
[2026-03-09 19:22:23,680][PokeRLEnv y6dpb][WARNING] - 'outrage' is not in list Defaulting to random move.
[2026-03-09 19:22:23,680][PokeRLEnv y6dpb][WARNING] - 'outrage' is not in list Defaulting to random move.
[2026-03-09 19:22:23,680][PokeRLEnv y6dpb][WARNING] - 'outrage' is not in list Defaulting to random move.
[2026-03-09 19:22:23,681][PokeRLEnv y6dpb][WARNING] - 'outrage' is not in list Defaulting to random move.
[2026-03-09 19:22:23,681][PokeRLEnv y6dpb][WARNING] - 'outrage' is not in list Defaulting to random move.
[2026-03-09 19:22:23,681][PokeRLEnv y6dpb][WARNING] - 'outrage' is not in list Defaulting to random move.
[2026-03-09 19:22:23,681][PokeRLEnv y6dpb][WARNING] - 'outrage' is not in list Defaulting to random move.
[2026-03-09 19:22:23,681][PokeRLEnv y6dpb][WARNING] - 'outrage' is not in list Defaulting to random move.
[2026-03-09 19:22:23,681][PokeRLEnv y6dpb][WARNING] - 'outrage' is not in list Defaulting to random move.
[2026-03-09 19:22:23,681][PokeRLEnv y6dpb][WARNING] - 'outrage' is not in list Defaulting to random move.
[2026-03-09 19:22:23,681][PokeRLEnv y6dpb][WARNING] - 'outrage' is not in list Defaulting to random move.
[2026-03-09 19:22:23,681][PokeRLEnv y6dpb][WARNING] - 'outrage' is not in list Defaulting to random move.
[2026-03-09 19:22:23,681][PokeRLEnv y6dpb][WARNING] - 'outrage' is not in list Defaulting to random move.
[2026-03-09 19:22:23,681][PokeRLEnv y6dpb][WARNING] - 'outrage' is not in list Defaulting to random move.
[2026-03-09 19:22:23,681][PokeRLEnv y6dpb][WARNING] - 'outrage' is not in list Defaulting to random move.
[2026-03-09 19:22:23,681][PokeRLEnv y6dpb][WARNING] - 'outrage' is not in list Defaulting to random move.
[2026-03-09 19:22:23,681][PokeRLEnv y6dpb][WARNING] - 'outrage' is not in list Defaulting to random move.
[2026-03-09 19:22:23,681][PokeRLEnv y6dpb][WARNING] - 'outrage' is not in list Defaulting to random move.
[2026-03-09 19:22:23,681][PokeRLEnv y6dpb][WARNING] - 'outrage' is not in list Defaulting to random move.
[2026-03-09 19:22:23,681][PokeRLEnv y6dpb][WARNING] - 'outrage' is not in list Defaulting to random move.
[2026-03-09 19:22:23,682][PokeRLEnv y6dpb][WARNING] - 'outrage' is not in list Defaulting to random move.
[2026-03-09 19:22:23,682][PokeRLEnv y6dpb][WARNING] - 'outrage' is not in list Defaulting to random move.
[2026-03-09 19:22:23,682][PokeRLEnv y6dpb][WARNING] - 'outrage' is not in list Defaulting to random move.
[2026-03-09 19:22:23,682][PokeRLEnv y6dpb][WARNING] - 'outrage' is not in list Defaulting to random move.
[2026-03-09 19:22:23,682][PokeRLEnv y6dpb][WARNING] - 'outrage' is not in list Defaulting to random move.
[2026-03-09 19:22:23,682][PokeRLEnv y6dpb][WARNING] - 'outrage' is not in list Defaulting to random move.
[2026-03-09 19:22:23,682][PokeRLEnv y6dpb][WARNING] - 'outrage' is not in list Defaulting to random move.
[2026-03-09 19:22:23,682][PokeRLEnv y6dpb][WARNING] - 'outrage' is not in list Defaulting to random move.
[2026-03-09 19:22:23,682][PokeRLEnv y6dpb][WARNING] - 'outrage' is not in list Defaulting to random move.
[2026-03-09 19:22:23,682][PokeRLEnv y6dpb][WARNING] - 'outrage' is not in list Defaulting to random move.
[2026-03-09 19:22:23,682][PokeRLEnv y6dpb][WARNING] - 'outrage' is not in list Defaulting to random move.
[2026-03-09 19:22:23,682][PokeRLEnv y6dpb][WARNING] - 'outrage' is not in list Defaulting to random move.
[2026-03-09 19:22:23,682][PokeRLEnv y6dpb][WARNING] - 'outrage' is not in list Defaulting to random move.
[2026-03-09 19:22:23,682][PokeRLEnv y6dpb][WARNING] - 'outrage' is not in list Defaulting to random move.
[2026-03-09 19:22:23,682][PokeRLEnv y6dpb][WARNING] - 'outrage' is not in list Defaulting to random move.
[2026-03-09 19:22:23,682][PokeRLEnv y6dpb][WARNING] - 'outrage' is not in list Defaulting to random move.
[2026-03-09 19:22:23,682][PokeRLEnv y6dpb][WARNING] - 'outrage' is not in list Defaulting to random move.
[2026-03-09 19:22:23,682][PokeRLEnv y6dpb][WARNING] - 'outrage' is not in list Defaulting to random move.
[2026-03-09 19:22:23,683][PokeRLEnv y6dpb][WARNING] - 'outrage' is not in list Defaulting to random move.
[2026-03-09 19:22:23,683][PokeRLEnv y6dpb][WARNING] - 'outrage' is not in list Defaulting to random move.
[2026-03-09 19:22:23,683][PokeRLEnv y6dpb][WARNING] - 'outrage' is not in list Defaulting to random move.
[2026-03-09 19:22:23,683][PokeRLEnv y6dpb][WARNING] - 'outrage' is not in list Defaulting to random move.
[2026-03-09 19:22:23,683][PokeRLEnv y6dpb][WARNING] - 'outrage' is not in list Defaulting to random move.
[2026-03-09 19:22:23,683][PokeRLEnv y6dpb][WARNING] - 'outrage' is not in list Defaulting to random move.
[2026-03-09 19:22:23,683][PokeRLEnv y6dpb][WARNING] - 'outrage' is not in list Defaulting to random move.
[2026-03-09 19:22:23,683][PokeRLEnv y6dpb][WARNING] - 'outrage' is not in list Defaulting to random move.
[2026-03-09 19:22:23,683][PokeRLEnv y6dpb][WARNING] - 'outrage' is not in list Defaulting to random move.
[2026-03-09 19:22:23,683][PokeRLEnv y6dpb][WARNING] - 'outrage' is not in list Defaulting to random move.
[2026-03-09 19:22:23,683][PokeRLEnv y6dpb][WARNING] - 'outrage' is not in list Defaulting to random move.
[2026-03-09 19:22:23,683][PokeRLEnv y6dpb][WARNING] - 'outrage' is not in list Defaulting to random move.
[2026-03-09 19:22:23,683][PokeRLEnv y6dpb][WARNING] - 'outrage' is not in list Defaulting to random move.
[2026-03-09 19:22:23,684][PokeRLEnv y6dpb][WARNING] - 'outrage' is not in list Defaulting to random move.
[2026-03-09 19:22:23,684][PokeRLEnv y6dpb][WARNING] - 'outrage' is not in list Defaulting to random move.
[2026-03-09 19:22:23,684][PokeRLEnv y6dpb][WARNING] - 'outrage' is not in list Defaulting to random move.
[2026-03-09 19:22:23,684][PokeRLEnv y6dpb][WARNING] - 'outrage' is not in list Defaulting to random move.
[2026-03-09 19:22:23,684][PokeRLEnv y6dpb][WARNING] - 'outrage' is not in list Defaulting to random move.
[2026-03-09 19:22:23,684][PokeRLEnv y6dpb][WARNING] - 'outrage' is not in list Defaulting to random move.
[2026-03-09 19:22:23,684][PokeRLEnv y6dpb][WARNING] - 'outrage' is not in list Defaulting to random move.
[2026-03-09 19:22:23,684][PokeRLEnv y6dpb][WARNING] - 'outrage' is not in list Defaulting to random move.
[2026-03-09 19:22:23,684][PokeRLEnv y6dpb][WARNING] - 'outrage' is not in list Defaulting to random move.
[2026-03-09 19:22:23,684][PokeRLEnv y6dpb][WARNING] - 'outrage' is not in list Defaulting to random move.
[2026-03-09 19:22:23,684][PokeRLEnv y6dpb][WARNING] - 'outrage' is not in list Defaulting to random move.
[2026-03-09 19:22:23,684][PokeRLEnv y6dpb][WARNING] - 'outrage' is not in list Defaulting to random move.
[2026-03-09 19:22:23,684][PokeRLEnv y6dpb][WARNING] - 'outrage' is not in list Defaulting to random move.
[2026-03-09 19:22:23,684][PokeRLEnv y6dpb][WARNING] - 'outrage' is not in list Defaulting to random move.
[2026-03-09 19:22:23,685][PokeRLEnv y6dpb][WARNING] - 'outrage' is not in list Defaulting to random move.
[2026-03-09 19:22:23,685][PokeRLEnv y6dpb][WARNING] - 'outrage' is not in list Defaulting to random move.
[2026-03-09 19:22:23,685][PokeRLEnv y6dpb][WARNING] - 'outrage' is not in list Defaulting to random move.
[2026-03-09 19:22:23,685][PokeRLEnv y6dpb][WARNING] - 'outrage' is not in list Defaulting to random move.
[2026-03-09 19:22:23,685][PokeRLEnv y6dpb][WARNING] - 'outrage' is not in list Defaulting to random move.
[2026-03-09 19:22:23,685][PokeRLEnv y6dpb][WARNING] - 'outrage' is not in list Defaulting to random move.
[2026-03-09 19:22:23,685][PokeRLEnv y6dpb][WARNING] - 'outrage' is not in list Defaulting to random move.
[2026-03-09 19:22:23,685][PokeRLEnv y6dpb][WARNING] - 'outrage' is not in list Defaulting to random move.
[2026-03-09 19:22:23,685][PokeRLEnv y6dpb][WARNING] - 'outrage' is not in list Defaulting to random move.
[2026-03-09 19:22:23,685][PokeRLEnv y6dpb][WARNING] - 'outrage' is not in list Defaulting to random move.
[2026-03-09 19:22:23,685][PokeRLEnv y6dpb][WARNING] - 'outrage' is not in list Defaulting to random move.
[2026-03-09 19:22:23,685][PokeRLEnv y6dpb][WARNING] - 'outrage' is not in list Defaulting to random move.
[2026-03-09 19:22:23,685][PokeRLEnv y6dpb][WARNING] - 'outrage' is not in list Defaulting to random move.
[2026-03-09 19:22:23,685][PokeRLEnv y6dpb][WARNING] - 'outrage' is not in list Defaulting to random move.
[2026-03-09 19:22:23,685][PokeRLEnv y6dpb][WARNING] - 'outrage' is not in list Defaulting to random move.
[2026-03-09 19:22:23,685][PokeRLEnv y6dpb][WARNING] - 'outrage' is not in list Defaulting to random move.
[2026-03-09 19:22:23,686][PokeRLEnv y6dpb][WARNING] - 'outrage' is not in list Defaulting to random move.
[2026-03-09 19:22:23,686][PokeRLEnv y6dpb][WARNING] - 'outrage' is not in list Defaulting to random move.
[2026-03-09 19:22:23,686][PokeRLEnv y6dpb][WARNING] - 'outrage' is not in list Defaulting to random move.
[2026-03-09 19:22:23,686][PokeRLEnv y6dpb][WARNING] - 'outrage' is not in list Defaulting to random move.
[2026-03-09 19:22:23,686][PokeRLEnv y6dpb][WARNING] - 'outrage' is not in list Defaulting to random move.
[2026-03-09 19:22:23,686][PokeRLEnv y6dpb][WARNING] - 'outrage' is not in list Defaulting to random move.
[2026-03-09 19:22:23,686][PokeRLEnv y6dpb][WARNING] - 'outrage' is not in list Defaulting to random move.
[2026-03-09 19:22:23,686][PokeRLEnv y6dpb][WARNING] - 'outrage' is not in list Defaulting to random move.
[2026-03-09 19:22:23,686][PokeRLEnv y6dpb][WARNING] - 'outrage' is not in list Defaulting to random move.
[2026-03-09 19:22:23,686][PokeRLEnv y6dpb][WARNING] - 'outrage' is not in list Defaulting to random move.
[2026-03-09 19:22:23,686][PokeRLEnv y6dpb][WARNING] - 'outrage' is not in list Defaulting to random move.
[2026-03-09 19:22:23,686][PokeRLEnv y6dpb][WARNING] - 'outrage' is not in list Defaulting to random move.
[2026-03-09 19:22:23,686][PokeRLEnv y6dpb][WARNING] - 'outrage' is not in list Defaulting to random move.
[2026-03-09 19:22:23,686][PokeRLEnv y6dpb][WARNING] - 'outrage' is not in list Defaulting to random move.
[2026-03-09 19:22:23,686][PokeRLEnv y6dpb][WARNING] - 'outrage' is not in list Defaulting to random move.
[2026-03-09 19:22:23,686][PokeRLEnv y6dpb][WARNING] - 'outrage' is not in list Defaulting to random move.
[2026-03-09 19:22:23,687][PokeRLEnv y6dpb][WARNING] - 'outrage' is not in list Defaulting to random move.
[2026-03-09 19:22:23,687][PokeRLEnv y6dpb][WARNING] - 'outrage' is not in list Defaulting to random move.
[2026-03-09 19:22:23,687][PokeRLEnv y6dpb][WARNING] - 'outrage' is not in list Defaulting to random move.
[2026-03-09 19:22:23,687][PokeRLEnv y6dpb][WARNING] - 'outrage' is not in list Defaulting to random move.
[2026-03-09 19:22:23,687][PokeRLEnv y6dpb][WARNING] - 'outrage' is not in list Defaulting to random move.
[2026-03-09 19:22:23,687][PokeRLEnv y6dpb][WARNING] - 'outrage' is not in list Defaulting to random move.
[2026-03-09 19:22:23,687][PokeRLEnv y6dpb][WARNING] - 'outrage' is not in list Defaulting to random move.
[2026-03-09 19:22:23,687][PokeRLEnv y6dpb][WARNING] - 'outrage' is not in list Defaulting to random move.
[2026-03-09 19:22:23,687][PokeRLEnv y6dpb][WARNING] - 'outrage' is not in list Defaulting to random move.
[2026-03-09 19:22:23,687][PokeRLEnv y6dpb][WARNING] - 'outrage' is not in list Defaulting to random move.
[2026-03-09 19:22:23,687][PokeRLEnv y6dpb][WARNING] - 'outrage' is not in list Defaulting to random move.
[2026-03-09 19:22:23,687][PokeRLEnv y6dpb][WARNING] - 'outrage' is not in list Defaulting to random move.
[2026-03-09 19:22:23,687][PokeRLEnv y6dpb][WARNING] - 'outrage' is not in list Defaulting to random move.
[2026-03-09 19:22:23,687][PokeRLEnv y6dpb][WARNING] - 'outrage' is not in list Defaulting to random move.
[2026-03-09 19:22:23,687][PokeRLEnv y6dpb][WARNING] - 'outrage' is not in list Defaulting to random move.
[2026-03-09 19:22:23,688][PokeRLEnv y6dpb][WARNING] - 'outrage' is not in list Defaulting to random move.
[2026-03-09 19:22:23,688][PokeRLEnv y6dpb][WARNING] - 'outrage' is not in list Defaulting to random move.
[2026-03-09 19:22:23,688][PokeRLEnv y6dpb][WARNING] - 'outrage' is not in list Defaulting to random move.
[2026-03-09 19:22:23,688][PokeRLEnv y6dpb][WARNING] - 'outrage' is not in list Defaulting to random move.
[2026-03-09 19:22:23,688][PokeRLEnv y6dpb][WARNING] - 'outrage' is not in list Defaulting to random move.
[2026-03-09 19:22:23,688][PokeRLEnv y6dpb][WARNING] - 'outrage' is not in list Defaulting to random move.
[2026-03-09 19:22:23,688][PokeRLEnv y6dpb][WARNING] - 'outrage' is not in list Defaulting to random move.
[2026-03-09 19:22:23,688][PokeRLEnv y6dpb][WARNING] - 'outrage' is not in list Defaulting to random move.
[2026-03-09 19:22:23,688][PokeRLEnv y6dpb][WARNING] - 'outrage' is not in list Defaulting to random move.
[2026-03-09 19:22:23,688][PokeRLEnv y6dpb][WARNING] - 'outrage' is not in list Defaulting to random move.
[2026-03-09 19:22:23,688][PokeRLEnv y6dpb][WARNING] - 'outrage' is not in list Defaulting to random move.
[2026-03-09 19:22:23,688][PokeRLEnv y6dpb][WARNING] - 'outrage' is not in list Defaulting to random move.
[2026-03-09 19:22:23,688][PokeRLEnv y6dpb][WARNING] - 'outrage' is not in list Defaulting to random move.
[2026-03-09 19:22:23,688][PokeRLEnv y6dpb][WARNING] - 'outrage' is not in list Defaulting to random move.
[2026-03-09 19:22:23,689][PokeRLEnv y6dpb][WARNING] - 'outrage' is not in list Defaulting to random move.
[2026-03-09 19:22:23,689][PokeRLEnv y6dpb][WARNING] - 'outrage' is not in list Defaulting to random move.
[2026-03-09 19:22:23,689][PokeRLEnv y6dpb][WARNING] - 'outrage' is not in list Defaulting to random move.
[2026-03-09 19:22:23,689][PokeRLEnv y6dpb][WARNING] - 'outrage' is not in list Defaulting to random move.
[2026-03-09 19:22:23,689][PokeRLEnv y6dpb][WARNING] - 'outrage' is not in list Defaulting to random move.
[2026-03-09 19:22:23,689][PokeRLEnv y6dpb][WARNING] - 'outrage' is not in list Defaulting to random move.
[2026-03-09 19:22:23,689][PokeRLEnv y6dpb][WARNING] - 'outrage' is not in list Defaulting to random move.
[2026-03-09 19:22:23,689][PokeRLEnv y6dpb][WARNING] - 'outrage' is not in list Defaulting to random move.
[2026-03-09 19:22:23,689][PokeRLEnv y6dpb][WARNING] - 'outrage' is not in list Defaulting to random move.
[2026-03-09 19:22:23,689][PokeRLEnv y6dpb][WARNING] - 'outrage' is not in list Defaulting to random move.
[2026-03-09 19:22:23,689][PokeRLEnv y6dpb][WARNING] - 'outrage' is not in list Defaulting to random move.
[2026-03-09 19:22:23,689][PokeRLEnv y6dpb][WARNING] - 'outrage' is not in list Defaulting to random move.
[2026-03-09 19:22:23,689][PokeRLEnv y6dpb][WARNING] - 'outrage' is not in list Defaulting to random move.
[2026-03-09 19:22:23,689][PokeRLEnv y6dpb][WARNING] - 'outrage' is not in list Defaulting to random move.
[2026-03-09 19:22:23,689][PokeRLEnv y6dpb][WARNING] - 'outrage' is not in list Defaulting to random move.
[2026-03-09 19:22:23,689][PokeRLEnv y6dpb][WARNING] - 'outrage' is not in list Defaulting to random move.
[2026-03-09 19:22:23,689][PokeRLEnv y6dpb][WARNING] - 'outrage' is not in list Defaulting to random move.
[2026-03-09 19:22:23,690][PokeRLEnv y6dpb][WARNING] - 'outrage' is not in list Defaulting to random move.
[2026-03-09 19:22:23,690][PokeRLEnv y6dpb][WARNING] - 'outrage' is not in list Defaulting to random move.
[2026-03-09 19:22:23,690][PokeRLEnv y6dpb][WARNING] - 'outrage' is not in list Defaulting to random move.
[2026-03-09 19:22:23,690][PokeRLEnv y6dpb][WARNING] - 'outrage' is not in list Defaulting to random move.
[2026-03-09 19:22:23,690][PokeRLEnv y6dpb][WARNING] - 'outrage' is not in list Defaulting to random move.
[2026-03-09 19:22:23,690][PokeRLEnv y6dpb][WARNING] - 'outrage' is not in list Defaulting to random move.
[2026-03-09 19:22:23,690][PokeRLEnv y6dpb][WARNING] - 'outrage' is not in list Defaulting to random move.
[2026-03-09 19:22:23,690][PokeRLEnv y6dpb][WARNING] - 'outrage' is not in list Defaulting to random move.
[2026-03-09 19:22:23,690][PokeRLEnv y6dpb][WARNING] - 'outrage' is not in list Defaulting to random move.
[2026-03-09 19:22:23,691][PokeRLEnv y6dpb][WARNING] - 'outrage' is not in list Defaulting to random move.
[2026-03-09 19:22:23,691][PokeRLEnv y6dpb][WARNING] - 'outrage' is not in list Defaulting to random move.
[2026-03-09 19:22:23,691][PokeRLEnv y6dpb][WARNING] - 'outrage' is not in list Defaulting to random move.
[2026-03-09 19:22:23,691][PokeRLEnv y6dpb][WARNING] - 'outrage' is not in list Defaulting to random move.
[2026-03-09 19:22:23,691][PokeRLEnv y6dpb][WARNING] - 'outrage' is not in list Defaulting to random move.
[2026-03-09 19:22:23,691][PokeRLEnv y6dpb][WARNING] - 'outrage' is not in list Defaulting to random move.
[2026-03-09 19:22:23,691][PokeRLEnv y6dpb][WARNING] - 'outrage' is not in list Defaulting to random move.
[2026-03-09 19:22:23,691][PokeRLEnv y6dpb][WARNING] - 'outrage' is not in list Defaulting to random move.
[2026-03-09 19:22:23,691][PokeRLEnv y6dpb][WARNING] - 'outrage' is not in list Defaulting to random move.
[2026-03-09 19:22:23,691][PokeRLEnv y6dpb][WARNING] - 'outrage' is not in list Defaulting to random move.
[2026-03-09 19:22:23,691][PokeRLEnv y6dpb][WARNING] - 'outrage' is not in list Defaulting to random move.
[2026-03-09 19:22:23,691][PokeRLEnv y6dpb][WARNING] - 'outrage' is not in list Defaulting to random move.
[2026-03-09 19:22:23,692][PokeRLEnv y6dpb][WARNING] - 'outrage' is not in list Defaulting to random move.
[2026-03-09 19:22:23,692][PokeRLEnv y6dpb][WARNING] - 'outrage' is not in list Defaulting to random move.
[2026-03-09 19:22:23,692][PokeRLEnv y6dpb][WARNING] - 'outrage' is not in list Defaulting to random move.
[2026-03-09 19:22:23,692][PokeRLEnv y6dpb][WARNING] - 'outrage' is not in list Defaulting to random move.
[2026-03-09 19:22:23,692][PokeRLEnv y6dpb][WARNING] - 'outrage' is not in list Defaulting to random move.
[2026-03-09 19:22:23,692][PokeRLEnv y6dpb][WARNING] - 'outrage' is not in list Defaulting to random move.
[2026-03-09 19:22:23,692][PokeRLEnv y6dpb][WARNING] - 'outrage' is not in list Defaulting to random move.
[2026-03-09 19:22:23,692][PokeRLEnv y6dpb][WARNING] - 'outrage' is not in list Defaulting to random move.
[2026-03-09 19:22:23,692][PokeRLEnv y6dpb][WARNING] - 'outrage' is not in list Defaulting to random move.
[2026-03-09 19:22:23,692][PokeRLEnv y6dpb][WARNING] - 'outrage' is not in list Defaulting to random move.
[2026-03-09 19:22:23,692][PokeRLEnv y6dpb][WARNING] - 'outrage' is not in list Defaulting to random move.
[2026-03-09 19:22:23,692][PokeRLEnv y6dpb][WARNING] - 'outrage' is not in list Defaulting to random move.
[2026-03-09 19:22:23,692][PokeRLEnv y6dpb][WARNING] - 'outrage' is not in list Defaulting to random move.
[2026-03-09 19:22:23,692][PokeRLEnv y6dpb][WARNING] - 'outrage' is not in list Defaulting to random move.
[2026-03-09 19:22:23,693][PokeRLEnv y6dpb][WARNING] - 'outrage' is not in list Defaulting to random move.
[2026-03-09 19:22:23,693][PokeRLEnv y6dpb][WARNING] - 'outrage' is not in list Defaulting to random move.
[2026-03-09 19:22:23,693][PokeRLEnv y6dpb][WARNING] - 'outrage' is not in list Defaulting to random move.
[2026-03-09 19:22:23,693][PokeRLEnv y6dpb][WARNING] - 'outrage' is not in list Defaulting to random move.
[2026-03-09 19:22:23,693][PokeRLEnv y6dpb][WARNING] - 'outrage' is not in list Defaulting to random move.
[2026-03-09 19:22:23,693][PokeRLEnv y6dpb][WARNING] - 'outrage' is not in list Defaulting to random move.
[2026-03-09 19:22:23,693][PokeRLEnv y6dpb][WARNING] - 'outrage' is not in list Defaulting to random move.
[2026-03-09 19:22:23,693][PokeRLEnv y6dpb][WARNING] - 'outrage' is not in list Defaulting to random move.
[2026-03-09 19:22:23,693][PokeRLEnv y6dpb][WARNING] - 'outrage' is not in list Defaulting to random move.
[2026-03-09 19:22:23,693][PokeRLEnv y6dpb][WARNING] - 'outrage' is not in list Defaulting to random move.
[2026-03-09 19:22:23,693][PokeRLEnv y6dpb][WARNING] - 'outrage' is not in list Defaulting to random move.
[2026-03-09 19:22:23,693][PokeRLEnv y6dpb][WARNING] - 'outrage' is not in list Defaulting to random move.
[2026-03-09 19:22:23,694][PokeRLEnv y6dpb][WARNING] - 'outrage' is not in list Defaulting to random move.
[2026-03-09 19:22:23,694][PokeRLEnv y6dpb][WARNING] - 'outrage' is not in list Defaulting to random move.
[2026-03-09 19:22:23,694][PokeRLEnv y6dpb][WARNING] - 'outrage' is not in list Defaulting to random move.
[2026-03-09 19:22:23,694][PokeRLEnv y6dpb][WARNING] - 'outrage' is not in list Defaulting to random move.
[2026-03-09 19:22:23,694][PokeRLEnv y6dpb][WARNING] - 'outrage' is not in list Defaulting to random move.
[2026-03-09 19:22:23,694][PokeRLEnv y6dpb][WARNING] - 'outrage' is not in list Defaulting to random move.
[2026-03-09 19:22:23,694][PokeRLEnv y6dpb][WARNING] - 'outrage' is not in list Defaulting to random move.
[2026-03-09 19:22:23,694][PokeRLEnv y6dpb][WARNING] - 'outrage' is not in list Defaulting to random move.
[2026-03-09 19:22:23,694][PokeRLEnv y6dpb][WARNING] - 'outrage' is not in list Defaulting to random move.
[2026-03-09 19:22:23,694][PokeRLEnv y6dpb][WARNING] - 'outrage' is not in list Defaulting to random move.
[2026-03-09 19:22:23,694][PokeRLEnv y6dpb][WARNING] - 'outrage' is not in list Defaulting to random move.
[2026-03-09 19:22:23,694][PokeRLEnv y6dpb][WARNING] - 'outrage' is not in list Defaulting to random move.
[2026-03-09 19:22:23,694][PokeRLEnv y6dpb][WARNING] - 'outrage' is not in list Defaulting to random move.
[2026-03-09 19:22:23,694][PokeRLEnv y6dpb][WARNING] - 'outrage' is not in list Defaulting to random move.
[2026-03-09 19:22:23,694][PokeRLEnv y6dpb][WARNING] - 'outrage' is not in list Defaulting to random move.
[2026-03-09 19:22:23,695][PokeRLEnv y6dpb][WARNING] - 'outrage' is not in list Defaulting to random move.
[2026-03-09 19:22:23,695][PokeRLEnv y6dpb][WARNING] - 'outrage' is not in list Defaulting to random move.
[2026-03-09 19:22:23,695][PokeRLEnv y6dpb][WARNING] - 'outrage' is not in list Defaulting to random move.
[2026-03-09 19:22:23,695][PokeRLEnv y6dpb][WARNING] - 'outrage' is not in list Defaulting to random move.
[2026-03-09 19:22:23,695][PokeRLEnv y6dpb][WARNING] - 'outrage' is not in list Defaulting to random move.
[2026-03-09 19:22:23,695][PokeRLEnv y6dpb][WARNING] - 'outrage' is not in list Defaulting to random move.
[2026-03-09 19:22:23,695][PokeRLEnv y6dpb][WARNING] - 'outrage' is not in list Defaulting to random move.
[2026-03-09 19:22:23,695][PokeRLEnv y6dpb][WARNING] - 'outrage' is not in list Defaulting to random move.
[2026-03-09 19:22:23,695][PokeRLEnv y6dpb][WARNING] - 'outrage' is not in list Defaulting to random move.
[2026-03-09 19:22:23,695][PokeRLEnv y6dpb][WARNING] - 'outrage' is not in list Defaulting to random move.
[2026-03-09 19:22:23,695][PokeRLEnv y6dpb][WARNING] - 'outrage' is not in list Defaulting to random move.
[2026-03-09 19:22:23,695][PokeRLEnv y6dpb][WARNING] - 'outrage' is not in list Defaulting to random move.
[2026-03-09 19:22:23,695][PokeRLEnv y6dpb][WARNING] - 'outrage' is not in list Defaulting to random move.
[2026-03-09 19:22:23,695][PokeRLEnv y6dpb][WARNING] - 'outrage' is not in list Defaulting to random move.
[2026-03-09 19:22:23,696][PokeRLEnv y6dpb][WARNING] - 'outrage' is not in list Defaulting to random move.
[2026-03-09 19:22:23,696][PokeRLEnv y6dpb][WARNING] - 'outrage' is not in list Defaulting to random move.
[2026-03-09 19:22:23,696][PokeRLEnv y6dpb][WARNING] - 'outrage' is not in list Defaulting to random move.
[2026-03-09 19:22:23,696][PokeRLEnv y6dpb][WARNING] - 'outrage' is not in list Defaulting to random move.
[2026-03-09 19:22:23,696][PokeRLEnv y6dpb][WARNING] - 'outrage' is not in list Defaulting to random move.
[2026-03-09 19:22:23,696][PokeRLEnv y6dpb][WARNING] - 'outrage' is not in list Defaulting to random move.
[2026-03-09 19:22:23,696][PokeRLEnv y6dpb][WARNING] - 'outrage' is not in list Defaulting to random move.
[2026-03-09 19:22:23,696][PokeRLEnv y6dpb][WARNING] - 'outrage' is not in list Defaulting to random move.
[2026-03-09 19:22:23,696][PokeRLEnv y6dpb][WARNING] - 'outrage' is not in list Defaulting to random move.
[2026-03-09 19:22:23,696][PokeRLEnv y6dpb][WARNING] - 'outrage' is not in list Defaulting to random move.
[2026-03-09 19:22:23,696][PokeRLEnv y6dpb][WARNING] - 'outrage' is not in list Defaulting to random move.
[2026-03-09 19:22:23,696][PokeRLEnv y6dpb][WARNING] - 'outrage' is not in list Defaulting to random move.
[2026-03-09 19:22:23,696][PokeRLEnv y6dpb][WARNING] - 'outrage' is not in list Defaulting to random move.
[2026-03-09 19:22:23,696][PokeRLEnv y6dpb][WARNING] - 'outrage' is not in list Defaulting to random move.
[2026-03-09 19:22:23,696][PokeRLEnv y6dpb][WARNING] - 'outrage' is not in list Defaulting to random move.
[2026-03-09 19:22:23,697][PokeRLEnv y6dpb][WARNING] - 'outrage' is not in list Defaulting to random move.
[2026-03-09 19:22:23,697][PokeRLEnv y6dpb][WARNING] - 'outrage' is not in list Defaulting to random move.
[2026-03-09 19:22:23,697][PokeRLEnv y6dpb][WARNING] - 'outrage' is not in list Defaulting to random move.
[2026-03-09 19:22:23,697][PokeRLEnv y6dpb][WARNING] - 'outrage' is not in list Defaulting to random move.
[2026-03-09 19:22:23,697][PokeRLEnv y6dpb][WARNING] - 'outrage' is not in list Defaulting to random move.
[2026-03-09 19:22:23,697][PokeRLEnv y6dpb][WARNING] - 'outrage' is not in list Defaulting to random move.
[2026-03-09 19:22:23,697][PokeRLEnv y6dpb][WARNING] - 'outrage' is not in list Defaulting to random move.
[2026-03-09 19:22:23,697][PokeRLEnv y6dpb][WARNING] - 'outrage' is not in list Defaulting to random move.
[2026-03-09 19:22:23,697][PokeRLEnv y6dpb][WARNING] - 'outrage' is not in list Defaulting to random move.
[2026-03-09 19:22:23,697][PokeRLEnv y6dpb][WARNING] - 'outrage' is not in list Defaulting to random move.
[2026-03-09 19:22:23,697][PokeRLEnv y6dpb][WARNING] - 'outrage' is not in list Defaulting to random move.
[2026-03-09 19:22:23,697][PokeRLEnv y6dpb][WARNING] - 'outrage' is not in list Defaulting to random move.
[2026-03-09 19:22:23,697][PokeRLEnv y6dpb][WARNING] - 'outrage' is not in list Defaulting to random move.
[2026-03-09 19:22:23,697][PokeRLEnv y6dpb][WARNING] - 'outrage' is not in list Defaulting to random move.
[2026-03-09 19:22:23,697][PokeRLEnv y6dpb][WARNING] - 'outrage' is not in list Defaulting to random move.
[2026-03-09 19:22:23,698][PokeRLEnv y6dpb][WARNING] - 'outrage' is not in list Defaulting to random move.
[2026-03-09 19:22:23,698][PokeRLEnv y6dpb][WARNING] - 'outrage' is not in list Defaulting to random move.
[2026-03-09 19:22:23,698][PokeRLEnv y6dpb][WARNING] - 'outrage' is not in list Defaulting to random move.
[2026-03-09 19:22:23,698][PokeRLEnv y6dpb][WARNING] - 'outrage' is not in list Defaulting to random move.
[2026-03-09 19:22:23,698][PokeRLEnv y6dpb][WARNING] - 'outrage' is not in list Defaulting to random move.
[2026-03-09 19:22:23,698][PokeRLEnv y6dpb][WARNING] - 'outrage' is not in list Defaulting to random move.
[2026-03-09 19:22:23,698][PokeRLEnv y6dpb][WARNING] - 'outrage' is not in list Defaulting to random move.
[2026-03-09 19:22:23,698][PokeRLEnv y6dpb][WARNING] - 'outrage' is not in list Defaulting to random move.
[2026-03-09 19:22:23,698][PokeRLEnv y6dpb][WARNING] - 'outrage' is not in list Defaulting to random move.
[2026-03-09 19:22:23,698][PokeRLEnv y6dpb][WARNING] - 'outrage' is not in list Defaulting to random move.
[2026-03-09 19:22:23,698][PokeRLEnv y6dpb][WARNING] - 'outrage' is not in list Defaulting to random move.
[2026-03-09 19:22:23,698][PokeRLEnv y6dpb][WARNING] - 'outrage' is not in list Defaulting to random move.
[2026-03-09 19:22:23,698][PokeRLEnv y6dpb][WARNING] - 'outrage' is not in list Defaulting to random move.
[2026-03-09 19:22:23,698][PokeRLEnv y6dpb][WARNING] - 'outrage' is not in list Defaulting to random move.
[2026-03-09 19:22:23,698][PokeRLEnv y6dpb][WARNING] - 'outrage' is not in list Defaulting to random move.
[2026-03-09 19:22:23,698][PokeRLEnv y6dpb][WARNING] - 'outrage' is not in list Defaulting to random move.
[2026-03-09 19:22:23,698][PokeRLEnv y6dpb][WARNING] - 'outrage' is not in list Defaulting to random move.
[2026-03-09 19:22:23,699][PokeRLEnv y6dpb][WARNING] - 'outrage' is not in list Defaulting to random move.
[2026-03-09 19:22:23,699][PokeRLEnv y6dpb][WARNING] - 'outrage' is not in list Defaulting to random move.
[2026-03-09 19:22:23,699][PokeRLEnv y6dpb][WARNING] - 'outrage' is not in list Defaulting to random move.
[2026-03-09 19:22:23,699][PokeRLEnv y6dpb][WARNING] - 'outrage' is not in list Defaulting to random move.
[2026-03-09 19:22:23,699][PokeRLEnv y6dpb][WARNING] - 'outrage' is not in list Defaulting to random move.
[2026-03-09 19:22:23,699][PokeRLEnv y6dpb][WARNING] - 'outrage' is not in list Defaulting to random move.
[2026-03-09 19:22:23,699][PokeRLEnv y6dpb][WARNING] - 'outrage' is not in list Defaulting to random move.
[2026-03-09 19:22:23,699][PokeRLEnv y6dpb][WARNING] - 'outrage' is not in list Defaulting to random move.
[2026-03-09 19:22:23,699][PokeRLEnv y6dpb][WARNING] - 'outrage' is not in list Defaulting to random move.
[2026-03-09 19:22:23,699][PokeRLEnv y6dpb][WARNING] - 'outrage' is not in list Defaulting to random move.
[2026-03-09 19:22:23,699][PokeRLEnv y6dpb][WARNING] - 'outrage' is not in list Defaulting to random move.
[2026-03-09 19:22:23,699][PokeRLEnv y6dpb][WARNING] - 'outrage' is not in list Defaulting to random move.
[2026-03-09 19:22:23,700][PokeRLEnv y6dpb][WARNING] - 'outrage' is not in list Defaulting to random move.
[2026-03-09 19:22:23,700][PokeRLEnv y6dpb][WARNING] - 'outrage' is not in list Defaulting to random move.
[2026-03-09 19:22:23,700][PokeRLEnv y6dpb][WARNING] - 'outrage' is not in list Defaulting to random move.
[2026-03-09 19:22:23,700][PokeRLEnv y6dpb][WARNING] - 'outrage' is not in list Defaulting to random move.
[2026-03-09 19:22:23,700][PokeRLEnv y6dpb][WARNING] - 'outrage' is not in list Defaulting to random move.
[2026-03-09 19:22:23,700][PokeRLEnv y6dpb][WARNING] - 'outrage' is not in list Defaulting to random move.
[2026-03-09 19:22:23,700][PokeRLEnv y6dpb][WARNING] - 'outrage' is not in list Defaulting to random move.
[2026-03-09 19:22:23,700][PokeRLEnv y6dpb][WARNING] - 'outrage' is not in list Defaulting to random move.
[2026-03-09 19:22:23,700][PokeRLEnv y6dpb][WARNING] - 'outrage' is not in list Defaulting to random move.
[2026-03-09 19:22:23,700][PokeRLEnv y6dpb][WARNING] - 'outrage' is not in list Defaulting to random move.
[2026-03-09 19:22:23,700][PokeRLEnv y6dpb][WARNING] - 'outrage' is not in list Defaulting to random move.
[2026-03-09 19:22:23,700][PokeRLEnv y6dpb][WARNING] - 'outrage' is not in list Defaulting to random move.
[2026-03-09 19:22:23,701][PokeRLEnv y6dpb][WARNING] - 'outrage' is not in list Defaulting to random move.
[2026-03-09 19:22:23,701][PokeRLEnv y6dpb][WARNING] - 'outrage' is not in list Defaulting to random move.
[2026-03-09 19:22:23,701][PokeRLEnv y6dpb][WARNING] - 'outrage' is not in list Defaulting to random move.
[2026-03-09 19:22:23,701][PokeRLEnv y6dpb][WARNING] - 'outrage' is not in list Defaulting to random move.
[2026-03-09 19:22:23,701][PokeRLEnv y6dpb][WARNING] - 'outrage' is not in list Defaulting to random move.
[2026-03-09 19:22:23,701][PokeRLEnv y6dpb][WARNING] - 'outrage' is not in list Defaulting to random move.
[2026-03-09 19:22:23,701][PokeRLEnv y6dpb][WARNING] - 'outrage' is not in list Defaulting to random move.
[2026-03-09 19:22:23,701][PokeRLEnv y6dpb][WARNING] - 'outrage' is not in list Defaulting to random move.
[2026-03-09 19:22:23,701][PokeRLEnv y6dpb][WARNING] - 'outrage' is not in list Defaulting to random move.
[2026-03-09 19:22:23,701][PokeRLEnv y6dpb][WARNING] - 'outrage' is not in list Defaulting to random move.
[2026-03-09 19:22:23,701][PokeRLEnv y6dpb][WARNING] - 'outrage' is not in list Defaulting to random move.
[2026-03-09 19:22:23,701][PokeRLEnv y6dpb][WARNING] - 'outrage' is not in list Defaulting to random move.
[2026-03-09 19:22:23,701][PokeRLEnv y6dpb][WARNING] - 'outrage' is not in list Defaulting to random move.
[2026-03-09 19:22:23,701][PokeRLEnv y6dpb][WARNING] - 'outrage' is not in list Defaulting to random move.
[2026-03-09 19:22:23,701][PokeRLEnv y6dpb][WARNING] - 'outrage' is not in list Defaulting to random move.
[2026-03-09 19:22:23,702][PokeRLEnv y6dpb][WARNING] - 'outrage' is not in list Defaulting to random move.
[2026-03-09 19:22:23,702][PokeRLEnv y6dpb][WARNING] - 'outrage' is not in list Defaulting to random move.
[2026-03-09 19:22:23,702][PokeRLEnv y6dpb][WARNING] - 'outrage' is not in list Defaulting to random move.
[2026-03-09 19:22:23,702][PokeRLEnv y6dpb][WARNING] - 'outrage' is not in list Defaulting to random move.
[2026-03-09 19:22:23,702][PokeRLEnv y6dpb][WARNING] - 'outrage' is not in list Defaulting to random move.
[2026-03-09 19:22:23,702][PokeRLEnv y6dpb][WARNING] - 'outrage' is not in list Defaulting to random move.
[2026-03-09 19:22:23,702][PokeRLEnv y6dpb][WARNING] - 'outrage' is not in list Defaulting to random move.
[2026-03-09 19:22:23,702][PokeRLEnv y6dpb][WARNING] - 'outrage' is not in list Defaulting to random move.
[2026-03-09 19:22:23,702][PokeRLEnv y6dpb][WARNING] - 'outrage' is not in list Defaulting to random move.
[2026-03-09 19:22:23,702][PokeRLEnv y6dpb][WARNING] - 'outrage' is not in list Defaulting to random move.
[2026-03-09 19:22:23,702][PokeRLEnv y6dpb][WARNING] - 'outrage' is not in list Defaulting to random move.
[2026-03-09 19:22:23,702][PokeRLEnv y6dpb][WARNING] - 'outrage' is not in list Defaulting to random move.
[2026-03-09 19:22:23,702][PokeRLEnv y6dpb][WARNING] - 'outrage' is not in list Defaulting to random move.
[2026-03-09 19:22:23,702][PokeRLEnv y6dpb][WARNING] - 'outrage' is not in list Defaulting to random move.
[2026-03-09 19:22:23,702][PokeRLEnv y6dpb][WARNING] - 'outrage' is not in list Defaulting to random move.
[2026-03-09 19:22:23,703][PokeRLEnv y6dpb][WARNING] - 'outrage' is not in list Defaulting to random move.
[2026-03-09 19:22:23,703][PokeRLEnv y6dpb][WARNING] - 'outrage' is not in list Defaulting to random move.
[2026-03-09 19:22:23,703][PokeRLEnv y6dpb][WARNING] - 'outrage' is not in list Defaulting to random move.
[2026-03-09 19:22:23,703][PokeRLEnv y6dpb][WARNING] - 'outrage' is not in list Defaulting to random move.
[2026-03-09 19:22:23,703][PokeRLEnv y6dpb][WARNING] - 'outrage' is not in list Defaulting to random move.
[2026-03-09 19:22:23,703][PokeRLEnv y6dpb][WARNING] - 'outrage' is not in list Defaulting to random move.
[2026-03-09 19:22:23,703][PokeRLEnv y6dpb][WARNING] - 'outrage' is not in list Defaulting to random move.
[2026-03-09 19:22:23,703][PokeRLEnv y6dpb][WARNING] - 'outrage' is not in list Defaulting to random move.
[2026-03-09 19:22:23,703][PokeRLEnv y6dpb][WARNING] - 'outrage' is not in list Defaulting to random move.
[2026-03-09 19:22:23,703][PokeRLEnv y6dpb][WARNING] - 'outrage' is not in list Defaulting to random move.
[2026-03-09 19:22:23,703][PokeRLEnv y6dpb][WARNING] - 'outrage' is not in list Defaulting to random move.
[2026-03-09 19:22:23,703][PokeRLEnv y6dpb][WARNING] - 'outrage' is not in list Defaulting to random move.
[2026-03-09 19:22:23,703][PokeRLEnv y6dpb][WARNING] - 'outrage' is not in list Defaulting to random move.
[2026-03-09 19:22:23,703][PokeRLEnv y6dpb][WARNING] - 'outrage' is not in list Defaulting to random move.
[2026-03-09 19:22:23,703][PokeRLEnv y6dpb][WARNING] - 'outrage' is not in list Defaulting to random move.
[2026-03-09 19:22:23,703][PokeRLEnv y6dpb][WARNING] - 'outrage' is not in list Defaulting to random move.
[2026-03-09 19:22:23,704][PokeRLEnv y6dpb][WARNING] - 'outrage' is not in list Defaulting to random move.
[2026-03-09 19:22:23,704][PokeRLEnv y6dpb][WARNING] - 'outrage' is not in list Defaulting to random move.
[2026-03-09 19:22:23,704][PokeRLEnv y6dpb][WARNING] - 'outrage' is not in list Defaulting to random move.
[2026-03-09 19:22:23,704][PokeRLEnv y6dpb][WARNING] - 'outrage' is not in list Defaulting to random move.
[2026-03-09 19:22:23,704][PokeRLEnv y6dpb][WARNING] - 'outrage' is not in list Defaulting to random move.
[2026-03-09 19:22:23,704][PokeRLEnv y6dpb][WARNING] - 'outrage' is not in list Defaulting to random move.
[2026-03-09 19:22:23,704][PokeRLEnv y6dpb][WARNING] - 'outrage' is not in list Defaulting to random move.
[2026-03-09 19:22:23,704][PokeRLEnv y6dpb][WARNING] - 'outrage' is not in list Defaulting to random move.
[2026-03-09 19:22:23,704][PokeRLEnv y6dpb][WARNING] - 'outrage' is not in list Defaulting to random move.
[2026-03-09 19:22:23,704][PokeRLEnv y6dpb][WARNING] - 'outrage' is not in list Defaulting to random move.
[2026-03-09 19:22:23,704][PokeRLEnv y6dpb][WARNING] - 'outrage' is not in list Defaulting to random move.
[2026-03-09 19:22:23,704][PokeRLEnv y6dpb][WARNING] - 'outrage' is not in list Defaulting to random move.
[2026-03-09 19:22:23,704][PokeRLEnv y6dpb][WARNING] - 'outrage' is not in list Defaulting to random move.
[2026-03-09 19:22:23,705][PokeRLEnv y6dpb][WARNING] - 'outrage' is not in list Defaulting to random move.
[2026-03-09 19:22:23,705][PokeRLEnv y6dpb][WARNING] - 'outrage' is not in list Defaulting to random move.
[2026-03-09 19:22:23,705][PokeRLEnv y6dpb][WARNING] - 'outrage' is not in list Defaulting to random move.
[2026-03-09 19:22:23,705][PokeRLEnv y6dpb][WARNING] - 'outrage' is not in list Defaulting to random move.
[2026-03-09 19:22:23,705][PokeRLEnv y6dpb][WARNING] - 'outrage' is not in list Defaulting to random move.
[2026-03-09 19:22:23,705][PokeRLEnv y6dpb][WARNING] - 'outrage' is not in list Defaulting to random move.
[2026-03-09 19:22:23,705][PokeRLEnv y6dpb][WARNING] - 'outrage' is not in list Defaulting to random move.
[2026-03-09 19:22:23,705][PokeRLEnv y6dpb][WARNING] - 'outrage' is not in list Defaulting to random move.
[2026-03-09 19:22:23,705][PokeRLEnv y6dpb][WARNING] - 'outrage' is not in list Defaulting to random move.
[2026-03-09 19:22:23,705][PokeRLEnv y6dpb][WARNING] - 'outrage' is not in list Defaulting to random move.
[2026-03-09 19:22:23,705][PokeRLEnv y6dpb][WARNING] - 'outrage' is not in list Defaulting to random move.
[2026-03-09 19:22:23,705][PokeRLEnv y6dpb][WARNING] - 'outrage' is not in list Defaulting to random move.
[2026-03-09 19:22:23,705][PokeRLEnv y6dpb][WARNING] - 'outrage' is not in list Defaulting to random move.
[2026-03-09 19:22:23,706][PokeRLEnv y6dpb][WARNING] - 'outrage' is not in list Defaulting to random move.
[2026-03-09 19:22:23,706][PokeRLEnv y6dpb][WARNING] - 'outrage' is not in list Defaulting to random move.
[2026-03-09 19:22:23,706][PokeRLEnv y6dpb][WARNING] - 'outrage' is not in list Defaulting to random move.
[2026-03-09 19:22:23,706][PokeRLEnv y6dpb][WARNING] - 'outrage' is not in list Defaulting to random move.
[2026-03-09 19:22:23,706][PokeRLEnv y6dpb][WARNING] - 'outrage' is not in list Defaulting to random move.
[2026-03-09 19:22:23,706][PokeRLEnv y6dpb][WARNING] - 'outrage' is not in list Defaulting to random move.
[2026-03-09 19:22:23,706][PokeRLEnv y6dpb][WARNING] - 'outrage' is not in list Defaulting to random move.
[2026-03-09 19:22:23,706][PokeRLEnv y6dpb][WARNING] - 'outrage' is not in list Defaulting to random move.
[2026-03-09 19:22:23,706][PokeRLEnv y6dpb][WARNING] - 'outrage' is not in list Defaulting to random move.
[2026-03-09 19:22:23,706][PokeRLEnv y6dpb][WARNING] - 'outrage' is not in list Defaulting to random move.
[2026-03-09 19:22:23,706][PokeRLEnv y6dpb][WARNING] - 'outrage' is not in list Defaulting to random move.
[2026-03-09 19:22:23,706][PokeRLEnv y6dpb][WARNING] - 'outrage' is not in list Defaulting to random move.
[2026-03-09 19:22:23,706][PokeRLEnv y6dpb][WARNING] - 'outrage' is not in list Defaulting to random move.
[2026-03-09 19:22:23,707][PokeRLEnv y6dpb][WARNING] - 'outrage' is not in list Defaulting to random move.
[2026-03-09 19:22:23,707][PokeRLEnv y6dpb][WARNING] - 'outrage' is not in list Defaulting to random move.
[2026-03-09 19:22:23,707][PokeRLEnv y6dpb][WARNING] - 'outrage' is not in list Defaulting to random move.
[2026-03-09 19:22:23,707][PokeRLEnv y6dpb][WARNING] - 'outrage' is not in list Defaulting to random move.
[2026-03-09 19:22:23,707][PokeRLEnv y6dpb][WARNING] - 'outrage' is not in list Defaulting to random move.
[2026-03-09 19:22:23,707][PokeRLEnv y6dpb][WARNING] - 'outrage' is not in list Defaulting to random move.
[2026-03-09 19:22:23,707][PokeRLEnv y6dpb][WARNING] - 'outrage' is not in list Defaulting to random move.
[2026-03-09 19:22:23,708][PokeRLEnv y6dpb][WARNING] - 'outrage' is not in list Defaulting to random move.
[2026-03-09 19:22:23,708][PokeRLEnv y6dpb][WARNING] - 'outrage' is not in list Defaulting to random move.
[2026-03-09 19:22:23,708][PokeRLEnv y6dpb][WARNING] - 'outrage' is not in list Defaulting to random move.
[2026-03-09 19:22:23,708][PokeRLEnv y6dpb][WARNING] - 'outrage' is not in list Defaulting to random move.
[2026-03-09 19:22:23,708][PokeRLEnv y6dpb][WARNING] - 'outrage' is not in list Defaulting to random move.
[2026-03-09 19:22:23,708][PokeRLEnv y6dpb][WARNING] - 'outrage' is not in list Defaulting to random move.
[2026-03-09 19:22:23,708][PokeRLEnv y6dpb][WARNING] - 'outrage' is not in list Defaulting to random move.
[2026-03-09 19:22:23,708][PokeRLEnv y6dpb][WARNING] - 'outrage' is not in list Defaulting to random move.
[2026-03-09 19:22:23,709][PokeRLEnv y6dpb][WARNING] - 'outrage' is not in list Defaulting to random move.
[2026-03-09 19:22:23,709][PokeRLEnv y6dpb][WARNING] - 'outrage' is not in list Defaulting to random move.
[2026-03-09 19:22:23,709][PokeRLEnv y6dpb][WARNING] - 'outrage' is not in list Defaulting to random move.
[2026-03-09 19:22:23,709][PokeRLEnv y6dpb][WARNING] - 'outrage' is not in list Defaulting to random move.
[2026-03-09 19:22:23,709][PokeRLEnv y6dpb][WARNING] - 'outrage' is not in list Defaulting to random move.
[2026-03-09 19:22:23,709][PokeRLEnv y6dpb][WARNING] - 'outrage' is not in list Defaulting to random move.
[2026-03-09 19:22:23,709][PokeRLEnv y6dpb][WARNING] - 'outrage' is not in list Defaulting to random move.
[2026-03-09 19:22:23,709][PokeRLEnv y6dpb][WARNING] - 'outrage' is not in list Defaulting to random move.
[2026-03-09 19:22:23,709][PokeRLEnv y6dpb][WARNING] - 'outrage' is not in list Defaulting to random move.
[2026-03-09 19:22:23,709][PokeRLEnv y6dpb][WARNING] - 'outrage' is not in list Defaulting to random move.
[2026-03-09 19:22:23,709][PokeRLEnv y6dpb][WARNING] - 'outrage' is not in list Defaulting to random move.
[2026-03-09 19:22:23,709][PokeRLEnv y6dpb][WARNING] - 'outrage' is not in list Defaulting to random move.
[2026-03-09 19:22:23,710][PokeRLEnv y6dpb][WARNING] - 'outrage' is not in list Defaulting to random move.
[2026-03-09 19:22:23,710][PokeRLEnv y6dpb][WARNING] - 'outrage' is not in list Defaulting to random move.
[2026-03-09 19:22:23,710][PokeRLEnv y6dpb][WARNING] - 'outrage' is not in list Defaulting to random move.
[2026-03-09 19:22:23,710][PokeRLEnv y6dpb][WARNING] - 'outrage' is not in list Defaulting to random move.
[2026-03-09 19:22:23,710][PokeRLEnv y6dpb][WARNING] - 'outrage' is not in list Defaulting to random move.
[2026-03-09 19:22:23,710][PokeRLEnv y6dpb][WARNING] - 'outrage' is not in list Defaulting to random move.
[2026-03-09 19:22:23,710][PokeRLEnv y6dpb][WARNING] - 'outrage' is not in list Defaulting to random move.
[2026-03-09 19:22:23,710][PokeRLEnv y6dpb][WARNING] - 'outrage' is not in list Defaulting to random move.
[2026-03-09 19:22:23,710][PokeRLEnv y6dpb][WARNING] - 'outrage' is not in list Defaulting to random move.
[2026-03-09 19:22:23,710][PokeRLEnv y6dpb][WARNING] - 'outrage' is not in list Defaulting to random move.
[2026-03-09 19:22:23,710][PokeRLEnv y6dpb][WARNING] - 'outrage' is not in list Defaulting to random move.
[2026-03-09 19:22:23,710][PokeRLEnv y6dpb][WARNING] - 'outrage' is not in list Defaulting to random move.
[2026-03-09 19:22:23,710][PokeRLEnv y6dpb][WARNING] - 'outrage' is not in list Defaulting to random move.
[2026-03-09 19:22:23,711][PokeRLEnv y6dpb][WARNING] - 'outrage' is not in list Defaulting to random move.
[2026-03-09 19:22:23,711][PokeRLEnv y6dpb][WARNING] - 'outrage' is not in list Defaulting to random move.
[2026-03-09 19:22:23,711][PokeRLEnv y6dpb][WARNING] - 'outrage' is not in list Defaulting to random move.
[2026-03-09 19:22:23,711][PokeRLEnv y6dpb][WARNING] - 'outrage' is not in list Defaulting to random move.
[2026-03-09 19:22:23,711][PokeRLEnv y6dpb][WARNING] - 'outrage' is not in list Defaulting to random move.
[2026-03-09 19:22:23,711][PokeRLEnv y6dpb][WARNING] - 'outrage' is not in list Defaulting to random move.
[2026-03-09 19:22:23,711][PokeRLEnv y6dpb][WARNING] - 'outrage' is not in list Defaulting to random move.
[2026-03-09 19:22:23,711][PokeRLEnv y6dpb][WARNING] - 'outrage' is not in list Defaulting to random move.
[2026-03-09 19:22:23,711][PokeRLEnv y6dpb][WARNING] - 'outrage' is not in list Defaulting to random move.
[2026-03-09 19:22:23,716][PokeRLEnv y6dpb][WARNING] - 'outrage' is not in list Defaulting to random move.
[2026-03-09 19:22:23,716][PokeRLEnv y6dpb][WARNING] - 'outrage' is not in list Defaulting to random move.
[2026-03-09 19:22:23,716][PokeRLEnv y6dpb][WARNING] - 'outrage' is not in list Defaulting to random move.
[2026-03-09 19:22:23,716][PokeRLEnv y6dpb][WARNING] - 'outrage' is not in list Defaulting to random move.
[2026-03-09 19:22:23,716][PokeRLEnv y6dpb][WARNING] - 'outrage' is not in list Defaulting to random move.
[2026-03-09 19:22:23,716][PokeRLEnv y6dpb][WARNING] - 'outrage' is not in list Defaulting to random move.
[2026-03-09 19:22:23,716][PokeRLEnv y6dpb][WARNING] - 'outrage' is not in list Defaulting to random move.
[2026-03-09 19:22:23,717][PokeRLEnv y6dpb][WARNING] - 'outrage' is not in list Defaulting to random move.
[2026-03-09 19:22:23,717][PokeRLEnv y6dpb][WARNING] - 'outrage' is not in list Defaulting to random move.
[2026-03-09 19:22:23,717][PokeRLEnv y6dpb][WARNING] - 'outrage' is not in list Defaulting to random move.
[2026-03-09 19:22:23,717][PokeRLEnv y6dpb][WARNING] - 'outrage' is not in list Defaulting to random move.
[2026-03-09 19:22:23,717][PokeRLEnv y6dpb][WARNING] - 'outrage' is not in list Defaulting to random move.
[2026-03-09 19:22:23,718][PokeRLEnv y6dpb][WARNING] - 'outrage' is not in list Defaulting to random move.
[2026-03-09 19:22:23,718][PokeRLEnv y6dpb][WARNING] - 'outrage' is not in list Defaulting to random move.
[2026-03-09 19:22:23,718][PokeRLEnv y6dpb][WARNING] - 'outrage' is not in list Defaulting to random move.
[2026-03-09 19:22:23,718][PokeRLEnv y6dpb][WARNING] - 'outrage' is not in list Defaulting to random move.
[2026-03-09 19:22:23,718][PokeRLEnv y6dpb][WARNING] - 'outrage' is not in list Defaulting to random move.
[2026-03-09 19:22:23,719][PokeRLEnv y6dpb][WARNING] - 'outrage' is not in list Defaulting to random move.
[2026-03-09 19:22:23,719][PokeRLEnv y6dpb][WARNING] - 'outrage' is not in list Defaulting to random move.
[2026-03-09 19:22:23,719][PokeRLEnv y6dpb][WARNING] - 'outrage' is not in list Defaulting to random move.
[2026-03-09 19:22:23,719][PokeRLEnv y6dpb][WARNING] - 'outrage' is not in list Defaulting to random move.
[2026-03-09 19:22:23,719][PokeRLEnv y6dpb][WARNING] - 'outrage' is not in list Defaulting to random move.
[2026-03-09 19:22:23,720][PokeRLEnv y6dpb][WARNING] - 'outrage' is not in list Defaulting to random move.
[2026-03-09 19:22:23,720][PokeRLEnv y6dpb][WARNING] - 'outrage' is not in list Defaulting to random move.
[2026-03-09 19:22:23,720][PokeRLEnv y6dpb][WARNING] - 'outrage' is not in list Defaulting to random move.
[2026-03-09 19:22:23,720][PokeRLEnv y6dpb][WARNING] - 'outrage' is not in list Defaulting to random move.
[2026-03-09 19:22:23,721][PokeRLEnv y6dpb][WARNING] - 'outrage' is not in list Defaulting to random move.
[2026-03-09 19:22:23,721][PokeRLEnv y6dpb][WARNING] - 'outrage' is not in list Defaulting to random move.
[2026-03-09 19:22:23,721][PokeRLEnv y6dpb][WARNING] - 'outrage' is not in list Defaulting to random move.
[2026-03-09 19:22:23,721][PokeRLEnv y6dpb][WARNING] - 'outrage' is not in list Defaulting to random move.
[2026-03-09 19:22:23,721][PokeRLEnv y6dpb][WARNING] - 'outrage' is not in list Defaulting to random move.
[2026-03-09 19:22:23,721][PokeRLEnv y6dpb][WARNING] - 'outrage' is not in list Defaulting to random move.
[2026-03-09 19:22:23,722][PokeRLEnv y6dpb][WARNING] - 'outrage' is not in list Defaulting to random move.
[2026-03-09 19:22:23,722][PokeRLEnv y6dpb][WARNING] - 'outrage' is not in list Defaulting to random move.
[2026-03-09 19:22:23,722][PokeRLEnv y6dpb][WARNING] - 'outrage' is not in list Defaulting to random move.
[2026-03-09 19:22:23,722][PokeRLEnv y6dpb][WARNING] - 'outrage' is not in list Defaulting to random move.
[2026-03-09 19:22:23,722][PokeRLEnv y6dpb][WARNING] - 'outrage' is not in list Defaulting to random move.
[2026-03-09 19:22:23,722][PokeRLEnv y6dpb][WARNING] - 'outrage' is not in list Defaulting to random move.
[2026-03-09 19:22:23,722][PokeRLEnv y6dpb][WARNING] - 'outrage' is not in list Defaulting to random move.
[2026-03-09 19:22:23,723][PokeRLEnv y6dpb][WARNING] - 'outrage' is not in list Defaulting to random move.
[2026-03-09 19:22:23,723][PokeRLEnv y6dpb][WARNING] - 'outrage' is not in list Defaulting to random move.
[2026-03-09 19:22:23,723][PokeRLEnv y6dpb][WARNING] - 'outrage' is not in list Defaulting to random move.
[2026-03-09 19:22:23,723][PokeRLEnv y6dpb][WARNING] - 'outrage' is not in list Defaulting to random move.
[2026-03-09 19:22:23,724][PokeRLEnv y6dpb][WARNING] - 'outrage' is not in list Defaulting to random move.
[2026-03-09 19:22:23,724][PokeRLEnv y6dpb][WARNING] - 'outrage' is not in list Defaulting to random move.
[2026-03-09 19:22:23,724][PokeRLEnv y6dpb][WARNING] - 'outrage' is not in list Defaulting to random move.
[2026-03-09 19:22:23,724][PokeRLEnv y6dpb][WARNING] - 'outrage' is not in list Defaulting to random move.
[2026-03-09 19:22:23,724][PokeRLEnv y6dpb][WARNING] - 'outrage' is not in list Defaulting to random move.
[2026-03-09 19:22:23,724][PokeRLEnv y6dpb][WARNING] - 'outrage' is not in list Defaulting to random move.
[2026-03-09 19:22:23,725][PokeRLEnv y6dpb][WARNING] - 'outrage' is not in list Defaulting to random move.
[2026-03-09 19:22:23,725][PokeRLEnv y6dpb][WARNING] - 'outrage' is not in list Defaulting to random move.
[2026-03-09 19:22:23,725][PokeRLEnv y6dpb][WARNING] - 'outrage' is not in list Defaulting to random move.
[2026-03-09 19:22:23,725][PokeRLEnv y6dpb][WARNING] - 'outrage' is not in list Defaulting to random move.
[2026-03-09 19:22:23,726][PokeRLEnv y6dpb][WARNING] - 'outrage' is not in list Defaulting to random move.
[2026-03-09 19:22:23,726][PokeRLEnv y6dpb][WARNING] - 'outrage' is not in list Defaulting to random move.
[2026-03-09 19:22:23,726][PokeRLEnv y6dpb][WARNING] - 'outrage' is not in list Defaulting to random move.
[2026-03-09 19:22:23,726][PokeRLEnv y6dpb][WARNING] - 'outrage' is not in list Defaulting to random move.
[2026-03-09 19:22:23,726][PokeRLEnv y6dpb][WARNING] - 'outrage' is not in list Defaulting to random move.
[2026-03-09 19:22:23,726][PokeRLEnv y6dpb][WARNING] - 'outrage' is not in list Defaulting to random move.
[2026-03-09 19:22:23,727][PokeRLEnv y6dpb][WARNING] - 'outrage' is not in list Defaulting to random move.
[2026-03-09 19:22:23,727][PokeRLEnv y6dpb][WARNING] - 'outrage' is not in list Defaulting to random move.
[2026-03-09 19:22:23,727][PokeRLEnv y6dpb][WARNING] - 'outrage' is not in list Defaulting to random move.
[2026-03-09 19:22:23,727][PokeRLEnv y6dpb][WARNING] - 'outrage' is not in list Defaulting to random move.
[2026-03-09 19:22:23,727][PokeRLEnv y6dpb][WARNING] - 'outrage' is not in list Defaulting to random move.
[2026-03-09 19:22:23,727][PokeRLEnv y6dpb][WARNING] - 'outrage' is not in list Defaulting to random move.
[2026-03-09 19:22:23,728][PokeRLEnv y6dpb][WARNING] - 'outrage' is not in list Defaulting to random move.
[2026-03-09 19:22:23,728][PokeRLEnv y6dpb][WARNING] - 'outrage' is not in list Defaulting to random move.
[2026-03-09 19:22:23,728][PokeRLEnv y6dpb][WARNING] - 'outrage' is not in list Defaulting to random move.
[2026-03-09 19:22:23,728][PokeRLEnv y6dpb][WARNING] - 'outrage' is not in list Defaulting to random move.
[2026-03-09 19:22:23,728][PokeRLEnv y6dpb][WARNING] - 'outrage' is not in list Defaulting to random move.
[2026-03-09 19:22:23,730][PokeRLEnv y6dpb][WARNING] - 'outrage' is not in list Defaulting to random move.
[2026-03-09 19:22:23,730][PokeRLEnv y6dpb][WARNING] - 'outrage' is not in list Defaulting to random move.
[2026-03-09 19:22:23,730][PokeRLEnv y6dpb][WARNING] - 'outrage' is not in list Defaulting to random move.
[2026-03-09 19:22:23,730][PokeRLEnv y6dpb][WARNING] - 'outrage' is not in list Defaulting to random move.
[2026-03-09 19:22:23,730][PokeRLEnv y6dpb][WARNING] - 'outrage' is not in list Defaulting to random move.
[2026-03-09 19:22:23,730][PokeRLEnv y6dpb][WARNING] - 'outrage' is not in list Defaulting to random move.
[2026-03-09 19:22:23,730][PokeRLEnv y6dpb][WARNING] - 'outrage' is not in list Defaulting to random move.
[2026-03-09 19:22:23,730][PokeRLEnv y6dpb][WARNING] - 'outrage' is not in list Defaulting to random move.
[2026-03-09 19:22:23,730][PokeRLEnv y6dpb][WARNING] - 'outrage' is not in list Defaulting to random move.
[2026-03-09 19:22:23,730][PokeRLEnv y6dpb][WARNING] - 'outrage' is not in list Defaulting to random move.
[2026-03-09 19:22:23,730][PokeRLEnv y6dpb][WARNING] - 'outrage' is not in list Defaulting to random move.
[2026-03-09 19:22:23,730][PokeRLEnv y6dpb][WARNING] - 'outrage' is not in list Defaulting to random move.
[2026-03-09 19:22:23,730][PokeRLEnv y6dpb][WARNING] - 'outrage' is not in list Defaulting to random move.
[2026-03-09 19:22:23,731][PokeRLEnv y6dpb][WARNING] - 'outrage' is not in list Defaulting to random move.
[2026-03-09 19:22:23,731][PokeRLEnv y6dpb][WARNING] - 'outrage' is not in list Defaulting to random move.
[2026-03-09 19:22:23,731][PokeRLEnv y6dpb][WARNING] - 'outrage' is not in list Defaulting to random move.
[2026-03-09 19:22:23,731][PokeRLEnv y6dpb][WARNING] - 'outrage' is not in list Defaulting to random move.
[2026-03-09 19:22:23,731][PokeRLEnv y6dpb][WARNING] - 'outrage' is not in list Defaulting to random move.
[2026-03-09 19:22:23,731][PokeRLEnv y6dpb][WARNING] - 'outrage' is not in list Defaulting to random move.
[2026-03-09 19:22:23,731][PokeRLEnv y6dpb][WARNING] - 'outrage' is not in list Defaulting to random move.
[2026-03-09 19:22:23,731][PokeRLEnv y6dpb][WARNING] - 'outrage' is not in list Defaulting to random move.
[2026-03-09 19:22:23,732][PokeRLEnv y6dpb][WARNING] - 'outrage' is not in list Defaulting to random move.
[2026-03-09 19:22:23,732][PokeRLEnv y6dpb][WARNING] - 'outrage' is not in list Defaulting to random move.
[2026-03-09 19:22:23,732][PokeRLEnv y6dpb][WARNING] - 'outrage' is not in list Defaulting to random move.
[2026-03-09 19:22:23,732][PokeRLEnv y6dpb][WARNING] - 'outrage' is not in list Defaulting to random move.
[2026-03-09 19:22:23,732][PokeRLEnv y6dpb][WARNING] - 'outrage' is not in list Defaulting to random move.
[2026-03-09 19:22:23,732][PokeRLEnv y6dpb][WARNING] - 'outrage' is not in list Defaulting to random move.
[2026-03-09 19:22:23,733][PokeRLEnv y6dpb][WARNING] - 'outrage' is not in list Defaulting to random move.
[2026-03-09 19:22:23,733][PokeRLEnv y6dpb][WARNING] - 'outrage' is not in list Defaulting to random move.
[2026-03-09 19:22:23,733][PokeRLEnv y6dpb][WARNING] - 'outrage' is not in list Defaulting to random move.
[2026-03-09 19:22:23,733][PokeRLEnv y6dpb][WARNING] - 'outrage' is not in list Defaulting to random move.
[2026-03-09 19:22:23,733][PokeRLEnv y6dpb][WARNING] - 'outrage' is not in list Defaulting to random move.
[2026-03-09 19:22:23,733][PokeRLEnv y6dpb][WARNING] - 'outrage' is not in list Defaulting to random move.
[2026-03-09 19:22:23,734][PokeRLEnv y6dpb][WARNING] - 'outrage' is not in list Defaulting to random move.
[2026-03-09 19:22:23,734][PokeRLEnv y6dpb][WARNING] - 'outrage' is not in list Defaulting to random move.
[2026-03-09 19:22:23,734][PokeRLEnv y6dpb][WARNING] - 'outrage' is not in list Defaulting to random move.
[2026-03-09 19:22:23,734][PokeRLEnv y6dpb][WARNING] - 'outrage' is not in list Defaulting to random move.
[2026-03-09 19:22:23,735][PokeRLEnv y6dpb][WARNING] - 'outrage' is not in list Defaulting to random move.
[2026-03-09 19:22:23,735][PokeRLEnv y6dpb][WARNING] - 'outrage' is not in list Defaulting to random move.
[2026-03-09 19:22:23,735][PokeRLEnv y6dpb][WARNING] - 'outrage' is not in list Defaulting to random move.
[2026-03-09 19:22:23,735][PokeRLEnv y6dpb][WARNING] - 'outrage' is not in list Defaulting to random move.
[2026-03-09 19:22:23,736][PokeRLEnv y6dpb][WARNING] - 'outrage' is not in list Defaulting to random move.
[2026-03-09 19:22:23,736][PokeRLEnv y6dpb][WARNING] - 'outrage' is not in list Defaulting to random move.
[2026-03-09 19:22:23,736][PokeRLEnv y6dpb][WARNING] - 'outrage' is not in list Defaulting to random move.
[2026-03-09 19:22:23,736][PokeRLEnv y6dpb][WARNING] - 'outrage' is not in list Defaulting to random move.
[2026-03-09 19:22:23,736][PokeRLEnv y6dpb][WARNING] - 'outrage' is not in list Defaulting to random move.
[2026-03-09 19:22:23,736][PokeRLEnv y6dpb][WARNING] - 'outrage' is not in list Defaulting to random move.
[2026-03-09 19:22:23,737][PokeRLEnv y6dpb][WARNING] - 'outrage' is not in list Defaulting to random move.
[2026-03-09 19:22:23,737][PokeRLEnv y6dpb][WARNING] - 'outrage' is not in list Defaulting to random move.
[2026-03-09 19:22:23,737][PokeRLEnv y6dpb][WARNING] - 'outrage' is not in list Defaulting to random move.
[2026-03-09 19:22:23,737][PokeRLEnv y6dpb][WARNING] - 'outrage' is not in list Defaulting to random move.
[2026-03-09 19:22:23,737][PokeRLEnv y6dpb][WARNING] - 'outrage' is not in list Defaulting to random move.
[2026-03-09 19:22:23,738][PokeRLEnv y6dpb][WARNING] - 'outrage' is not in list Defaulting to random move.
[2026-03-09 19:22:23,738][PokeRLEnv y6dpb][WARNING] - 'outrage' is not in list Defaulting to random move.
[2026-03-09 19:22:23,738][PokeRLEnv y6dpb][WARNING] - 'outrage' is not in list Defaulting to random move.
[2026-03-09 19:22:23,738][PokeRLEnv y6dpb][WARNING] - 'outrage' is not in list Defaulting to random move.
[2026-03-09 19:22:23,738][PokeRLEnv y6dpb][WARNING] - 'outrage' is not in list Defaulting to random move.
[2026-03-09 19:22:23,739][PokeRLEnv y6dpb][WARNING] - 'outrage' is not in list Defaulting to random move.
[2026-03-09 19:22:23,739][PokeRLEnv y6dpb][WARNING] - 'outrage' is not in list Defaulting to random move.
[2026-03-09 19:22:23,739][PokeRLEnv y6dpb][WARNING] - 'outrage' is not in list Defaulting to random move.
[2026-03-09 19:22:23,739][PokeRLEnv y6dpb][WARNING] - 'outrage' is not in list Defaulting to random move.
[2026-03-09 19:22:23,739][PokeRLEnv y6dpb][WARNING] - 'outrage' is not in list Defaulting to random move.
[2026-03-09 19:22:23,739][PokeRLEnv y6dpb][WARNING] - 'outrage' is not in list Defaulting to random move.
[2026-03-09 19:22:23,740][PokeRLEnv y6dpb][WARNING] - 'outrage' is not in list Defaulting to random move.
[2026-03-09 19:22:23,740][PokeRLEnv y6dpb][WARNING] - 'outrage' is not in list Defaulting to random move.
[2026-03-09 19:22:23,740][PokeRLEnv y6dpb][WARNING] - 'outrage' is not in list Defaulting to random move.
[2026-03-09 19:22:23,740][PokeRLEnv y6dpb][WARNING] - 'outrage' is not in list Defaulting to random move.
[2026-03-09 19:22:23,740][PokeRLEnv y6dpb][WARNING] - 'outrage' is not in list Defaulting to random move.
[2026-03-09 19:22:23,740][PokeRLEnv y6dpb][WARNING] - 'outrage' is not in list Defaulting to random move.
[2026-03-09 19:22:23,740][PokeRLEnv y6dpb][WARNING] - 'outrage' is not in list Defaulting to random move.
[2026-03-09 19:22:23,741][PokeRLEnv y6dpb][WARNING] - 'outrage' is not in list Defaulting to random move.
[2026-03-09 19:22:23,742][PokeRLEnv y6dpb][WARNING] - 'outrage' is not in list Defaulting to random move.
[2026-03-09 19:22:23,742][PokeRLEnv y6dpb][WARNING] - 'outrage' is not in list Defaulting to random move.
[2026-03-09 19:22:23,743][PokeRLEnv y6dpb][WARNING] - 'outrage' is not in list Defaulting to random move.
[2026-03-09 19:22:23,743][PokeRLEnv y6dpb][WARNING] - 'outrage' is not in list Defaulting to random move.
[2026-03-09 19:22:23,743][PokeRLEnv y6dpb][WARNING] - 'outrage' is not in list Defaulting to random move.
[2026-03-09 19:22:23,743][PokeRLEnv y6dpb][WARNING] - 'outrage' is not in list Defaulting to random move.
[2026-03-09 19:22:23,743][PokeRLEnv y6dpb][WARNING] - 'outrage' is not in list Defaulting to random move.
[2026-03-09 19:22:23,743][PokeRLEnv y6dpb][WARNING] - 'outrage' is not in list Defaulting to random move.
[2026-03-09 19:22:23,743][PokeRLEnv y6dpb][WARNING] - 'outrage' is not in list Defaulting to random move.
[2026-03-09 19:22:23,744][PokeRLEnv y6dpb][WARNING] - 'outrage' is not in list Defaulting to random move.
[2026-03-09 19:22:23,744][PokeRLEnv y6dpb][WARNING] - 'outrage' is not in list Defaulting to random move.
[2026-03-09 19:22:23,744][PokeRLEnv y6dpb][WARNING] - 'outrage' is not in list Defaulting to random move.
[2026-03-09 19:22:23,744][PokeRLEnv y6dpb][WARNING] - 'outrage' is not in list Defaulting to random move.
[2026-03-09 19:22:23,744][PokeRLEnv y6dpb][WARNING] - 'outrage' is not in list Defaulting to random move.
[2026-03-09 19:22:23,744][PokeRLEnv y6dpb][WARNING] - 'outrage' is not in list Defaulting to random move.
[2026-03-09 19:22:23,744][PokeRLEnv y6dpb][WARNING] - 'outrage' is not in list Defaulting to random move.
[2026-03-09 19:22:23,744][PokeRLEnv y6dpb][WARNING] - 'outrage' is not in list Defaulting to random move.
[2026-03-09 19:22:23,744][PokeRLEnv y6dpb][WARNING] - 'outrage' is not in list Defaulting to random move.
[2026-03-09 19:22:23,745][PokeRLEnv y6dpb][WARNING] - 'outrage' is not in list Defaulting to random move.
[2026-03-09 19:22:23,745][PokeRLEnv y6dpb][WARNING] - 'outrage' is not in list Defaulting to random move.
[2026-03-09 19:22:23,745][PokeRLEnv y6dpb][WARNING] - 'outrage' is not in list Defaulting to random move.
[2026-03-09 19:22:23,745][PokeRLEnv y6dpb][WARNING] - 'outrage' is not in list Defaulting to random move.
[2026-03-09 19:22:23,745][PokeRLEnv y6dpb][WARNING] - 'outrage' is not in list Defaulting to random move.
[2026-03-09 19:22:23,745][PokeRLEnv y6dpb][WARNING] - 'outrage' is not in list Defaulting to random move.
[2026-03-09 19:22:23,745][PokeRLEnv y6dpb][WARNING] - 'outrage' is not in list Defaulting to random move.
[2026-03-09 19:22:23,745][PokeRLEnv y6dpb][WARNING] - 'outrage' is not in list Defaulting to random move.
[2026-03-09 19:22:23,745][PokeRLEnv y6dpb][WARNING] - 'outrage' is not in list Defaulting to random move.
[2026-03-09 19:22:23,745][PokeRLEnv y6dpb][WARNING] - 'outrage' is not in list Defaulting to random move.
[2026-03-09 19:22:23,745][PokeRLEnv y6dpb][WARNING] - 'outrage' is not in list Defaulting to random move.
[2026-03-09 19:22:23,745][PokeRLEnv y6dpb][WARNING] - 'outrage' is not in list Defaulting to random move.
[2026-03-09 19:22:23,746][PokeRLEnv y6dpb][WARNING] - 'outrage' is not in list Defaulting to random move.
[2026-03-09 19:22:23,746][PokeRLEnv y6dpb][WARNING] - 'outrage' is not in list Defaulting to random move.
[2026-03-09 19:22:23,746][PokeRLEnv y6dpb][WARNING] - 'outrage' is not in list Defaulting to random move.
[2026-03-09 19:22:23,746][PokeRLEnv y6dpb][WARNING] - 'outrage' is not in list Defaulting to random move.
[2026-03-09 19:22:23,746][PokeRLEnv y6dpb][WARNING] - 'outrage' is not in list Defaulting to random move.
[2026-03-09 19:22:23,746][PokeRLEnv y6dpb][WARNING] - 'outrage' is not in list Defaulting to random move.
[2026-03-09 19:22:23,746][PokeRLEnv y6dpb][WARNING] - 'outrage' is not in list Defaulting to random move.
[2026-03-09 19:22:23,746][PokeRLEnv y6dpb][WARNING] - 'outrage' is not in list Defaulting to random move.
[2026-03-09 19:22:23,746][PokeRLEnv y6dpb][WARNING] - 'outrage' is not in list Defaulting to random move.
[2026-03-09 19:22:23,746][PokeRLEnv y6dpb][WARNING] - 'outrage' is not in list Defaulting to random move.
[2026-03-09 19:22:23,746][PokeRLEnv y6dpb][WARNING] - 'outrage' is not in list Defaulting to random move.
[2026-03-09 19:22:23,747][PokeRLEnv y6dpb][WARNING] - 'outrage' is not in list Defaulting to random move.
[2026-03-09 19:22:23,747][PokeRLEnv y6dpb][WARNING] - 'outrage' is not in list Defaulting to random move.
[2026-03-09 19:22:23,747][PokeRLEnv y6dpb][WARNING] - 'outrage' is not in list Defaulting to random move.
[2026-03-09 19:22:23,747][PokeRLEnv y6dpb][WARNING] - 'outrage' is not in list Defaulting to random move.
[2026-03-09 19:22:23,747][PokeRLEnv y6dpb][WARNING] - 'outrage' is not in list Defaulting to random move.
[2026-03-09 19:22:23,747][PokeRLEnv y6dpb][WARNING] - 'outrage' is not in list Defaulting to random move.
[2026-03-09 19:22:23,747][PokeRLEnv y6dpb][WARNING] - 'outrage' is not in list Defaulting to random move.
[2026-03-09 19:22:23,747][PokeRLEnv y6dpb][WARNING] - 'outrage' is not in list Defaulting to random move.
[2026-03-09 19:22:23,747][PokeRLEnv y6dpb][WARNING] - 'outrage' is not in list Defaulting to random move.
[2026-03-09 19:22:23,747][PokeRLEnv y6dpb][WARNING] - 'outrage' is not in list Defaulting to random move.
[2026-03-09 19:22:23,748][PokeRLEnv y6dpb][WARNING] - 'outrage' is not in list Defaulting to random move.
[2026-03-09 19:22:23,748][PokeRLEnv y6dpb][WARNING] - 'outrage' is not in list Defaulting to random move.
[2026-03-09 19:22:23,748][PokeRLEnv y6dpb][WARNING] - 'outrage' is not in list Defaulting to random move.
[2026-03-09 19:22:23,749][PokeRLEnv y6dpb][WARNING] - 'outrage' is not in list Defaulting to random move.
[2026-03-09 19:22:23,749][PokeRLEnv y6dpb][WARNING] - 'outrage' is not in list Defaulting to random move.
[2026-03-09 19:22:23,749][PokeRLEnv y6dpb][WARNING] - 'outrage' is not in list Defaulting to random move.
[2026-03-09 19:22:23,749][PokeRLEnv y6dpb][WARNING] - 'outrage' is not in list Defaulting to random move.
[2026-03-09 19:22:23,749][PokeRLEnv y6dpb][WARNING] - 'outrage' is not in list Defaulting to random move.
[2026-03-09 19:22:23,749][PokeRLEnv y6dpb][WARNING] - 'outrage' is not in list Defaulting to random move.
[2026-03-09 19:22:23,750][PokeRLEnv y6dpb][WARNING] - 'outrage' is not in list Defaulting to random move.
[2026-03-09 19:22:23,750][PokeRLEnv y6dpb][WARNING] - 'outrage' is not in list Defaulting to random move.
[2026-03-09 19:22:23,751][PokeRLEnv y6dpb][WARNING] - 'outrage' is not in list Defaulting to random move.
[2026-03-09 19:22:23,751][PokeRLEnv y6dpb][WARNING] - 'outrage' is not in list Defaulting to random move.
[2026-03-09 19:22:23,752][PokeRLEnv y6dpb][WARNING] - 'outrage' is not in list Defaulting to random move.
[2026-03-09 19:22:23,752][PokeRLEnv y6dpb][WARNING] - 'outrage' is not in list Defaulting to random move.
[2026-03-09 19:22:23,752][PokeRLEnv y6dpb][WARNING] - 'outrage' is not in list Defaulting to random move.
[2026-03-09 19:22:23,752][PokeRLEnv y6dpb][WARNING] - 'outrage' is not in list Defaulting to random move.
[2026-03-09 19:22:23,753][PokeRLEnv y6dpb][WARNING] - 'outrage' is not in list Defaulting to random move.
[2026-03-09 19:22:23,753][PokeRLEnv y6dpb][WARNING] - 'outrage' is not in list Defaulting to random move.
[2026-03-09 19:22:23,753][PokeRLEnv y6dpb][WARNING] - 'outrage' is not in list Defaulting to random move.
[2026-03-09 19:22:23,754][PokeRLEnv y6dpb][WARNING] - 'outrage' is not in list Defaulting to random move.
[2026-03-09 19:22:23,754][PokeRLEnv y6dpb][WARNING] - 'outrage' is not in list Defaulting to random move.
[2026-03-09 19:22:23,754][PokeRLEnv y6dpb][WARNING] - 'outrage' is not in list Defaulting to random move.
[2026-03-09 19:22:23,754][PokeRLEnv y6dpb][WARNING] - 'outrage' is not in list Defaulting to random move.
[2026-03-09 19:22:23,755][PokeRLEnv y6dpb][WARNING] - 'outrage' is not in list Defaulting to random move.
[2026-03-09 19:22:23,755][PokeRLEnv y6dpb][WARNING] - 'outrage' is not in list Defaulting to random move.
[2026-03-09 19:22:23,755][PokeRLEnv y6dpb][WARNING] - 'outrage' is not in list Defaulting to random move.
[2026-03-09 19:22:23,755][PokeRLEnv y6dpb][WARNING] - 'outrage' is not in list Defaulting to random move.
[2026-03-09 19:22:23,756][PokeRLEnv y6dpb][WARNING] - 'outrage' is not in list Defaulting to random move.
[2026-03-09 19:22:23,756][PokeRLEnv y6dpb][WARNING] - 'outrage' is not in list Defaulting to random move.
[2026-03-09 19:22:23,756][PokeRLEnv y6dpb][WARNING] - 'outrage' is not in list Defaulting to random move.
[2026-03-09 19:22:23,757][PokeRLEnv y6dpb][WARNING] - 'outrage' is not in list Defaulting to random move.
[2026-03-09 19:22:23,757][PokeRLEnv y6dpb][WARNING] - 'outrage' is not in list Defaulting to random move.
[2026-03-09 19:22:23,757][PokeRLEnv y6dpb][WARNING] - 'outrage' is not in list Defaulting to random move.
[2026-03-09 19:22:23,757][PokeRLEnv y6dpb][WARNING] - 'outrage' is not in list Defaulting to random move.
[2026-03-09 19:22:23,757][PokeRLEnv y6dpb][WARNING] - 'outrage' is not in list Defaulting to random move.
[2026-03-09 19:22:23,757][PokeRLEnv y6dpb][WARNING] - 'outrage' is not in list Defaulting to random move.
[2026-03-09 19:22:23,757][PokeRLEnv y6dpb][WARNING] - 'outrage' is not in list Defaulting to random move.
[2026-03-09 19:22:23,757][PokeRLEnv y6dpb][WARNING] - 'outrage' is not in list Defaulting to random move.
[2026-03-09 19:22:23,757][PokeRLEnv y6dpb][WARNING] - 'outrage' is not in list Defaulting to random move.
[2026-03-09 19:22:23,758][PokeRLEnv y6dpb][WARNING] - 'outrage' is not in list Defaulting to random move.
[2026-03-09 19:22:23,758][PokeRLEnv y6dpb][WARNING] - 'outrage' is not in list Defaulting to random move.
[2026-03-09 19:22:23,758][PokeRLEnv y6dpb][WARNING] - 'outrage' is not in list Defaulting to random move.
[2026-03-09 19:22:23,758][PokeRLEnv y6dpb][WARNING] - 'outrage' is not in list Defaulting to random move.
[2026-03-09 19:22:23,758][PokeRLEnv y6dpb][WARNING] - 'outrage' is not in list Defaulting to random move.
[2026-03-09 19:22:23,758][PokeRLEnv y6dpb][WARNING] - 'outrage' is not in list Defaulting to random move.
[2026-03-09 19:22:23,758][PokeRLEnv y6dpb][WARNING] - 'outrage' is not in list Defaulting to random move.
[2026-03-09 19:22:23,758][PokeRLEnv y6dpb][WARNING] - 'outrage' is not in list Defaulting to random move.
[2026-03-09 19:22:23,758][PokeRLEnv y6dpb][WARNING] - 'outrage' is not in list Defaulting to random move.
[2026-03-09 19:22:23,758][PokeRLEnv y6dpb][WARNING] - 'outrage' is not in list Defaulting to random move.
[2026-03-09 19:22:23,758][PokeRLEnv y6dpb][WARNING] - 'outrage' is not in list Defaulting to random move.
[2026-03-09 19:22:23,758][PokeRLEnv y6dpb][WARNING] - 'outrage' is not in list Defaulting to random move.
[2026-03-09 19:22:23,758][PokeRLEnv y6dpb][WARNING] - 'outrage' is not in list Defaulting to random move.
[2026-03-09 19:22:23,758][PokeRLEnv y6dpb][WARNING] - 'outrage' is not in list Defaulting to random move.
[2026-03-09 19:22:23,759][PokeRLEnv y6dpb][WARNING] - 'outrage' is not in list Defaulting to random move.
[2026-03-09 19:22:23,759][PokeRLEnv y6dpb][WARNING] - 'outrage' is not in list Defaulting to random move.
[2026-03-09 19:22:23,759][PokeRLEnv y6dpb][WARNING] - 'outrage' is not in list Defaulting to random move.
[2026-03-09 19:22:23,759][PokeRLEnv y6dpb][WARNING] - 'outrage' is not in list Defaulting to random move.
[2026-03-09 19:22:23,759][PokeRLEnv y6dpb][WARNING] - 'outrage' is not in list Defaulting to random move.
[2026-03-09 19:22:23,759][PokeRLEnv y6dpb][WARNING] - 'outrage' is not in list Defaulting to random move.
[2026-03-09 19:22:23,759][PokeRLEnv y6dpb][WARNING] - 'outrage' is not in list Defaulting to random move.
[2026-03-09 19:22:23,759][PokeRLEnv y6dpb][WARNING] - 'outrage' is not in list Defaulting to random move.
[2026-03-09 19:22:23,759][PokeRLEnv y6dpb][WARNING] - 'outrage' is not in list Defaulting to random move.
[2026-03-09 19:22:23,759][PokeRLEnv y6dpb][WARNING] - 'outrage' is not in list Defaulting to random move.
[2026-03-09 19:22:23,759][PokeRLEnv y6dpb][WARNING] - 'outrage' is not in list Defaulting to random move.
[2026-03-09 19:22:23,759][PokeRLEnv y6dpb][WARNING] - 'outrage' is not in list Defaulting to random move.
[2026-03-09 19:22:23,759][PokeRLEnv y6dpb][WARNING] - 'outrage' is not in list Defaulting to random move.
[2026-03-09 19:22:23,760][PokeRLEnv y6dpb][WARNING] - 'outrage' is not in list Defaulting to random move.
[2026-03-09 19:22:23,760][PokeRLEnv y6dpb][WARNING] - 'outrage' is not in list Defaulting to random move.
[2026-03-09 19:22:23,760][PokeRLEnv y6dpb][WARNING] - 'outrage' is not in list Defaulting to random move.
[2026-03-09 19:22:23,760][PokeRLEnv y6dpb][WARNING] - 'outrage' is not in list Defaulting to random move.
[2026-03-09 19:22:23,760][PokeRLEnv y6dpb][WARNING] - 'outrage' is not in list Defaulting to random move.
[2026-03-09 19:22:23,760][PokeRLEnv y6dpb][WARNING] - 'outrage' is not in list Defaulting to random move.
[2026-03-09 19:22:23,760][PokeRLEnv y6dpb][WARNING] - 'outrage' is not in list Defaulting to random move.
[2026-03-09 19:22:23,760][PokeRLEnv y6dpb][WARNING] - 'outrage' is not in list Defaulting to random move.
[2026-03-09 19:22:23,760][PokeRLEnv y6dpb][WARNING] - 'outrage' is not in list Defaulting to random move.
[2026-03-09 19:22:23,760][PokeRLEnv y6dpb][WARNING] - 'outrage' is not in list Defaulting to random move.
[2026-03-09 19:22:23,761][PokeRLEnv y6dpb][WARNING] - 'outrage' is not in list Defaulting to random move.
[2026-03-09 19:22:23,761][PokeRLEnv y6dpb][WARNING] - 'outrage' is not in list Defaulting to random move.
[2026-03-09 19:22:23,761][PokeRLEnv y6dpb][WARNING] - 'outrage' is not in list Defaulting to random move.
[2026-03-09 19:22:23,761][PokeRLEnv y6dpb][WARNING] - 'outrage' is not in list Defaulting to random move.
[2026-03-09 19:22:23,761][PokeRLEnv y6dpb][WARNING] - 'outrage' is not in list Defaulting to random move.
[2026-03-09 19:22:23,761][PokeRLEnv y6dpb][WARNING] - 'outrage' is not in list Defaulting to random move.
[2026-03-09 19:22:23,761][PokeRLEnv y6dpb][WARNING] - 'outrage' is not in list Defaulting to random move.
[2026-03-09 19:22:23,761][PokeRLEnv y6dpb][WARNING] - 'outrage' is not in list Defaulting to random move.
[2026-03-09 19:22:23,761][PokeRLEnv y6dpb][WARNING] - 'outrage' is not in list Defaulting to random move.
[2026-03-09 19:22:23,761][PokeRLEnv y6dpb][WARNING] - 'outrage' is not in list Defaulting to random move.
[2026-03-09 19:22:23,761][PokeRLEnv y6dpb][WARNING] - 'outrage' is not in list Defaulting to random move.
[2026-03-09 19:22:23,761][PokeRLEnv y6dpb][WARNING] - 'outrage' is not in list Defaulting to random move.
[2026-03-09 19:22:23,762][PokeRLEnv y6dpb][WARNING] - 'outrage' is not in list Defaulting to random move.
[2026-03-09 19:22:23,762][PokeRLEnv y6dpb][WARNING] - 'outrage' is not in list Defaulting to random move.
[2026-03-09 19:22:23,762][PokeRLEnv y6dpb][WARNING] - 'outrage' is not in list Defaulting to random move.
[2026-03-09 19:22:23,762][PokeRLEnv y6dpb][WARNING] - 'outrage' is not in list Defaulting to random move.
[2026-03-09 19:22:23,762][PokeRLEnv y6dpb][WARNING] - 'outrage' is not in list Defaulting to random move.
[2026-03-09 19:22:23,762][PokeRLEnv y6dpb][WARNING] - 'outrage' is not in list Defaulting to random move.
[2026-03-09 19:22:23,762][PokeRLEnv y6dpb][WARNING] - 'outrage' is not in list Defaulting to random move.
[2026-03-09 19:22:23,762][PokeRLEnv y6dpb][WARNING] - 'outrage' is not in list Defaulting to random move.
[2026-03-09 19:22:23,762][PokeRLEnv y6dpb][WARNING] - 'outrage' is not in list Defaulting to random move.
[2026-03-09 19:22:23,762][PokeRLEnv y6dpb][WARNING] - 'outrage' is not in list Defaulting to random move.
[2026-03-09 19:22:23,762][PokeRLEnv y6dpb][WARNING] - 'outrage' is not in list Defaulting to random move.
[2026-03-09 19:22:23,762][PokeRLEnv y6dpb][WARNING] - 'outrage' is not in list Defaulting to random move.
[2026-03-09 19:22:23,762][PokeRLEnv y6dpb][WARNING] - 'outrage' is not in list Defaulting to random move.
[2026-03-09 19:22:23,763][PokeRLEnv y6dpb][WARNING] - 'outrage' is not in list Defaulting to random move.
[2026-03-09 19:22:23,763][PokeRLEnv y6dpb][WARNING] - 'outrage' is not in list Defaulting to random move.
[2026-03-09 19:22:23,763][PokeRLEnv y6dpb][WARNING] - 'outrage' is not in list Defaulting to random move.
[2026-03-09 19:22:23,763][PokeRLEnv y6dpb][WARNING] - 'outrage' is not in list Defaulting to random move.
[2026-03-09 19:22:23,763][PokeRLEnv y6dpb][WARNING] - 'outrage' is not in list Defaulting to random move.
[2026-03-09 19:22:23,763][PokeRLEnv y6dpb][WARNING] - 'outrage' is not in list Defaulting to random move.
[2026-03-09 19:22:23,763][PokeRLEnv y6dpb][WARNING] - 'outrage' is not in list Defaulting to random move.
[2026-03-09 19:22:23,763][PokeRLEnv y6dpb][WARNING] - 'outrage' is not in list Defaulting to random move.
[2026-03-09 19:22:23,763][PokeRLEnv y6dpb][WARNING] - 'outrage' is not in list Defaulting to random move.
[2026-03-09 19:22:23,763][PokeRLEnv y6dpb][WARNING] - 'outrage' is not in list Defaulting to random move.
[2026-03-09 19:22:23,763][PokeRLEnv y6dpb][WARNING] - 'outrage' is not in list Defaulting to random move.
[2026-03-09 19:22:23,763][PokeRLEnv y6dpb][WARNING] - 'outrage' is not in list Defaulting to random move.
[2026-03-09 19:22:23,763][PokeRLEnv y6dpb][WARNING] - 'outrage' is not in list Defaulting to random move.
[2026-03-09 19:22:23,764][PokeRLEnv y6dpb][WARNING] - 'outrage' is not in list Defaulting to random move.
[2026-03-09 19:22:23,764][PokeRLEnv y6dpb][WARNING] - 'outrage' is not in list Defaulting to random move.
[2026-03-09 19:22:23,764][PokeRLEnv y6dpb][WARNING] - 'outrage' is not in list Defaulting to random move.
[2026-03-09 19:22:23,764][PokeRLEnv y6dpb][WARNING] - 'outrage' is not in list Defaulting to random move.
[2026-03-09 19:22:23,764][PokeRLEnv y6dpb][WARNING] - 'outrage' is not in list Defaulting to random move.
[2026-03-09 19:22:23,764][PokeRLEnv y6dpb][WARNING] - 'outrage' is not in list Defaulting to random move.
[2026-03-09 19:22:23,764][PokeRLEnv y6dpb][WARNING] - 'outrage' is not in list Defaulting to random move.
[2026-03-09 19:22:23,764][PokeRLEnv y6dpb][WARNING] - 'outrage' is not in list Defaulting to random move.
[2026-03-09 19:22:23,764][PokeRLEnv y6dpb][WARNING] - 'outrage' is not in list Defaulting to random move.
[2026-03-09 19:22:23,764][PokeRLEnv y6dpb][WARNING] - 'outrage' is not in list Defaulting to random move.
[2026-03-09 19:22:23,764][PokeRLEnv y6dpb][WARNING] - 'outrage' is not in list Defaulting to random move.
[2026-03-09 19:22:23,764][PokeRLEnv y6dpb][WARNING] - 'outrage' is not in list Defaulting to random move.
[2026-03-09 19:22:23,764][PokeRLEnv y6dpb][WARNING] - 'outrage' is not in list Defaulting to random move.
[2026-03-09 19:22:23,764][PokeRLEnv y6dpb][WARNING] - 'outrage' is not in list Defaulting to random move.
[2026-03-09 19:22:23,765][PokeRLEnv y6dpb][WARNING] - 'outrage' is not in list Defaulting to random move.
[2026-03-09 19:22:23,765][PokeRLEnv y6dpb][WARNING] - 'outrage' is not in list Defaulting to random move.
[2026-03-09 19:22:23,765][PokeRLEnv y6dpb][WARNING] - 'outrage' is not in list Defaulting to random move.
[2026-03-09 19:22:23,765][PokeRLEnv y6dpb][WARNING] - 'outrage' is not in list Defaulting to random move.
[2026-03-09 19:22:23,765][PokeRLEnv y6dpb][WARNING] - 'outrage' is not in list Defaulting to random move.
[2026-03-09 19:22:23,765][PokeRLEnv y6dpb][WARNING] - 'outrage' is not in list Defaulting to random move.
[2026-03-09 19:22:23,765][PokeRLEnv y6dpb][WARNING] - 'outrage' is not in list Defaulting to random move.
[2026-03-09 19:22:23,765][PokeRLEnv y6dpb][WARNING] - 'outrage' is not in list Defaulting to random move.
[2026-03-09 19:22:23,765][PokeRLEnv y6dpb][WARNING] - 'outrage' is not in list Defaulting to random move.
[2026-03-09 19:22:23,765][PokeRLEnv y6dpb][WARNING] - 'outrage' is not in list Defaulting to random move.
[2026-03-09 19:22:23,765][PokeRLEnv y6dpb][WARNING] - 'outrage' is not in list Defaulting to random move.
[2026-03-09 19:22:23,766][PokeRLEnv y6dpb][WARNING] - 'outrage' is not in list Defaulting to random move.
[2026-03-09 19:22:23,766][PokeRLEnv y6dpb][WARNING] - 'outrage' is not in list Defaulting to random move.
[2026-03-09 19:22:23,766][PokeRLEnv y6dpb][WARNING] - 'outrage' is not in list Defaulting to random move.
[2026-03-09 19:22:23,766][PokeRLEnv y6dpb][WARNING] - 'outrage' is not in list Defaulting to random move.
[2026-03-09 19:22:23,766][PokeRLEnv y6dpb][WARNING] - 'outrage' is not in list Defaulting to random move.
[2026-03-09 19:22:23,766][PokeRLEnv y6dpb][WARNING] - 'outrage' is not in list Defaulting to random move.
[2026-03-09 19:22:23,766][PokeRLEnv y6dpb][WARNING] - 'outrage' is not in list Defaulting to random move.
[2026-03-09 19:22:23,766][PokeRLEnv y6dpb][WARNING] - 'outrage' is not in list Defaulting to random move.
[2026-03-09 19:22:23,766][PokeRLEnv y6dpb][WARNING] - 'outrage' is not in list Defaulting to random move.
[2026-03-09 19:22:23,766][PokeRLEnv y6dpb][WARNING] - 'outrage' is not in list Defaulting to random move.
[2026-03-09 19:22:23,766][PokeRLEnv y6dpb][WARNING] - 'outrage' is not in list Defaulting to random move.
[2026-03-09 19:22:23,767][PokeRLEnv y6dpb][WARNING] - 'outrage' is not in list Defaulting to random move.
[2026-03-09 19:22:23,767][PokeRLEnv y6dpb][WARNING] - 'outrage' is not in list Defaulting to random move.
[2026-03-09 19:22:23,767][PokeRLEnv y6dpb][WARNING] - 'outrage' is not in list Defaulting to random move.
[2026-03-09 19:22:23,767][PokeRLEnv y6dpb][WARNING] - 'outrage' is not in list Defaulting to random move.
[2026-03-09 19:22:23,767][PokeRLEnv y6dpb][WARNING] - 'outrage' is not in list Defaulting to random move.
[2026-03-09 19:22:23,767][PokeRLEnv y6dpb][WARNING] - 'outrage' is not in list Defaulting to random move.
[2026-03-09 19:22:23,767][PokeRLEnv y6dpb][WARNING] - 'outrage' is not in list Defaulting to random move.
[2026-03-09 19:22:23,767][PokeRLEnv y6dpb][WARNING] - 'outrage' is not in list Defaulting to random move.
[2026-03-09 19:22:23,767][PokeRLEnv y6dpb][WARNING] - 'outrage' is not in list Defaulting to random move.
[2026-03-09 19:22:23,767][PokeRLEnv y6dpb][WARNING] - 'outrage' is not in list Defaulting to random move.
[2026-03-09 19:22:23,767][PokeRLEnv y6dpb][WARNING] - 'outrage' is not in list Defaulting to random move.
[2026-03-09 19:22:23,767][PokeRLEnv y6dpb][WARNING] - 'outrage' is not in list Defaulting to random move.
[2026-03-09 19:22:23,768][PokeRLEnv y6dpb][WARNING] - 'outrage' is not in list Defaulting to random move.
[2026-03-09 19:22:23,768][PokeRLEnv y6dpb][WARNING] - 'outrage' is not in list Defaulting to random move.
[2026-03-09 19:22:23,768][PokeRLEnv y6dpb][WARNING] - 'outrage' is not in list Defaulting to random move.
[2026-03-09 19:22:23,768][PokeRLEnv y6dpb][WARNING] - 'outrage' is not in list Defaulting to random move.
[2026-03-09 19:22:23,768][PokeRLEnv y6dpb][WARNING] - 'outrage' is not in list Defaulting to random move.
[2026-03-09 19:22:23,768][PokeRLEnv y6dpb][WARNING] - 'outrage' is not in list Defaulting to random move.
[2026-03-09 19:22:23,768][PokeRLEnv y6dpb][WARNING] - 'outrage' is not in list Defaulting to random move.
[2026-03-09 19:22:23,768][PokeRLEnv y6dpb][WARNING] - 'outrage' is not in list Defaulting to random move.
[2026-03-09 19:22:23,768][PokeRLEnv y6dpb][WARNING] - 'outrage' is not in list Defaulting to random move.
[2026-03-09 19:22:23,768][PokeRLEnv y6dpb][WARNING] - 'outrage' is not in list Defaulting to random move.
[2026-03-09 19:22:23,768][PokeRLEnv y6dpb][WARNING] - 'outrage' is not in list Defaulting to random move.
[2026-03-09 19:22:23,769][PokeRLEnv y6dpb][WARNING] - 'outrage' is not in list Defaulting to random move.
[2026-03-09 19:22:23,769][PokeRLEnv y6dpb][WARNING] - 'outrage' is not in list Defaulting to random move.
[2026-03-09 19:22:23,769][PokeRLEnv y6dpb][WARNING] - 'outrage' is not in list Defaulting to random move.
[2026-03-09 19:22:23,769][PokeRLEnv y6dpb][WARNING] - 'outrage' is not in list Defaulting to random move.
[2026-03-09 19:22:23,769][PokeRLEnv y6dpb][WARNING] - 'outrage' is not in list Defaulting to random move.
[2026-03-09 19:22:23,769][PokeRLEnv y6dpb][WARNING] - 'outrage' is not in list Defaulting to random move.
[2026-03-09 19:22:23,769][PokeRLEnv y6dpb][WARNING] - 'outrage' is not in list Defaulting to random move.
[2026-03-09 19:22:23,769][PokeRLEnv y6dpb][WARNING] - 'outrage' is not in list Defaulting to random move.
[2026-03-09 19:22:23,769][PokeRLEnv y6dpb][WARNING] - 'outrage' is not in list Defaulting to random move.
[2026-03-09 19:22:23,769][PokeRLEnv y6dpb][WARNING] - 'outrage' is not in list Defaulting to random move.
[2026-03-09 19:22:23,769][PokeRLEnv y6dpb][WARNING] - 'outrage' is not in list Defaulting to random move.
[2026-03-09 19:22:23,769][PokeRLEnv y6dpb][WARNING] - 'outrage' is not in list Defaulting to random move.
[2026-03-09 19:22:23,770][PokeRLEnv y6dpb][WARNING] - 'outrage' is not in list Defaulting to random move.
[2026-03-09 19:22:23,770][PokeRLEnv y6dpb][WARNING] - 'outrage' is not in list Defaulting to random move.
[2026-03-09 19:22:23,770][PokeRLEnv y6dpb][WARNING] - 'outrage' is not in list Defaulting to random move.
[2026-03-09 19:22:23,770][PokeRLEnv y6dpb][WARNING] - 'outrage' is not in list Defaulting to random move.
[2026-03-09 19:22:23,770][PokeRLEnv y6dpb][WARNING] - 'outrage' is not in list Defaulting to random move.
[2026-03-09 19:22:23,770][PokeRLEnv y6dpb][WARNING] - 'outrage' is not in list Defaulting to random move.
[2026-03-09 19:22:23,770][PokeRLEnv y6dpb][WARNING] - 'outrage' is not in list Defaulting to random move.
[2026-03-09 19:22:23,770][PokeRLEnv y6dpb][WARNING] - 'outrage' is not in list Defaulting to random move.
[2026-03-09 19:22:23,770][PokeRLEnv y6dpb][WARNING] - 'outrage' is not in list Defaulting to random move.
[2026-03-09 19:22:23,770][PokeRLEnv y6dpb][WARNING] - 'outrage' is not in list Defaulting to random move.
[2026-03-09 19:22:23,770][PokeRLEnv y6dpb][WARNING] - 'outrage' is not in list Defaulting to random move.
[2026-03-09 19:22:23,771][PokeRLEnv y6dpb][WARNING] - 'outrage' is not in list Defaulting to random move.
[2026-03-09 19:22:23,771][PokeRLEnv y6dpb][WARNING] - 'outrage' is not in list Defaulting to random move.
[2026-03-09 19:22:23,771][PokeRLEnv y6dpb][WARNING] - 'outrage' is not in list Defaulting to random move.
[2026-03-09 19:22:23,771][PokeRLEnv y6dpb][WARNING] - 'outrage' is not in list Defaulting to random move.
[2026-03-09 19:22:23,771][PokeRLEnv y6dpb][WARNING] - 'outrage' is not in list Defaulting to random move.
[2026-03-09 19:22:23,771][PokeRLEnv y6dpb][WARNING] - 'outrage' is not in list Defaulting to random move.
[2026-03-09 19:22:23,771][PokeRLEnv y6dpb][WARNING] - 'outrage' is not in list Defaulting to random move.
[2026-03-09 19:22:23,771][PokeRLEnv y6dpb][WARNING] - 'outrage' is not in list Defaulting to random move.
[2026-03-09 19:22:23,771][PokeRLEnv y6dpb][WARNING] - 'outrage' is not in list Defaulting to random move.
[2026-03-09 19:22:23,771][PokeRLEnv y6dpb][WARNING] - 'outrage' is not in list Defaulting to random move.
[2026-03-09 19:22:23,772][PokeRLEnv y6dpb][WARNING] - 'outrage' is not in list Defaulting to random move.
[2026-03-09 19:22:23,772][PokeRLEnv y6dpb][WARNING] - 'outrage' is not in list Defaulting to random move.
[2026-03-09 19:22:23,772][PokeRLEnv y6dpb][WARNING] - 'outrage' is not in list Defaulting to random move.
[2026-03-09 19:22:23,772][PokeRLEnv y6dpb][WARNING] - 'outrage' is not in list Defaulting to random move.
[2026-03-09 19:22:23,772][PokeRLEnv y6dpb][WARNING] - 'outrage' is not in list Defaulting to random move.
[2026-03-09 19:22:23,772][PokeRLEnv y6dpb][WARNING] - 'outrage' is not in list Defaulting to random move.
[2026-03-09 19:22:23,772][PokeRLEnv y6dpb][WARNING] - 'outrage' is not in list Defaulting to random move.
[2026-03-09 19:22:23,772][PokeRLEnv y6dpb][WARNING] - 'outrage' is not in list Defaulting to random move.
[2026-03-09 19:22:23,772][PokeRLEnv y6dpb][WARNING] - 'outrage' is not in list Defaulting to random move.
[2026-03-09 19:22:23,772][PokeRLEnv y6dpb][WARNING] - 'outrage' is not in list Defaulting to random move.
[2026-03-09 19:22:23,772][PokeRLEnv y6dpb][WARNING] - 'outrage' is not in list Defaulting to random move.
[2026-03-09 19:22:23,772][PokeRLEnv y6dpb][WARNING] - 'outrage' is not in list Defaulting to random move.
[2026-03-09 19:22:23,773][PokeRLEnv y6dpb][WARNING] - 'outrage' is not in list Defaulting to random move.
[2026-03-09 19:22:23,773][PokeRLEnv y6dpb][WARNING] - 'outrage' is not in list Defaulting to random move.
[2026-03-09 19:22:23,773][PokeRLEnv y6dpb][WARNING] - 'outrage' is not in list Defaulting to random move.
[2026-03-09 19:22:23,773][PokeRLEnv y6dpb][WARNING] - 'outrage' is not in list Defaulting to random move.
[2026-03-09 19:22:23,773][PokeRLEnv y6dpb][WARNING] - 'outrage' is not in list Defaulting to random move.
[2026-03-09 19:22:23,773][PokeRLEnv y6dpb][WARNING] - 'outrage' is not in list Defaulting to random move.
[2026-03-09 19:22:23,773][PokeRLEnv y6dpb][WARNING] - 'outrage' is not in list Defaulting to random move.
[2026-03-09 19:22:23,773][PokeRLEnv y6dpb][WARNING] - 'outrage' is not in list Defaulting to random move.
[2026-03-09 19:22:23,773][PokeRLEnv y6dpb][WARNING] - 'outrage' is not in list Defaulting to random move.
[2026-03-09 19:22:23,773][PokeRLEnv y6dpb][WARNING] - 'outrage' is not in list Defaulting to random move.
[2026-03-09 19:22:23,773][PokeRLEnv y6dpb][WARNING] - 'outrage' is not in list Defaulting to random move.
[2026-03-09 19:22:23,773][PokeRLEnv y6dpb][WARNING] - 'outrage' is not in list Defaulting to random move.
[2026-03-09 19:22:23,774][PokeRLEnv y6dpb][WARNING] - 'outrage' is not in list Defaulting to random move.
[2026-03-09 19:22:23,774][PokeRLEnv y6dpb][WARNING] - 'outrage' is not in list Defaulting to random move.
[2026-03-09 19:22:23,774][PokeRLEnv y6dpb][WARNING] - 'outrage' is not in list Defaulting to random move.
[2026-03-09 19:22:23,774][PokeRLEnv y6dpb][WARNING] - 'outrage' is not in list Defaulting to random move.
[2026-03-09 19:22:23,774][PokeRLEnv y6dpb][WARNING] - 'outrage' is not in list Defaulting to random move.
[2026-03-09 19:22:23,774][PokeRLEnv y6dpb][WARNING] - 'outrage' is not in list Defaulting to random move.
[2026-03-09 19:22:23,774][PokeRLEnv y6dpb][WARNING] - 'outrage' is not in list Defaulting to random move.
[2026-03-09 19:22:23,774][PokeRLEnv y6dpb][WARNING] - 'outrage' is not in list Defaulting to random move.
[2026-03-09 19:22:23,775][PokeRLEnv y6dpb][WARNING] - 'outrage' is not in list Defaulting to random move.
[2026-03-09 19:22:23,775][PokeRLEnv y6dpb][WARNING] - 'outrage' is not in list Defaulting to random move.
[2026-03-09 19:22:23,775][PokeRLEnv y6dpb][WARNING] - 'outrage' is not in list Defaulting to random move.
[2026-03-09 19:22:23,775][PokeRLEnv y6dpb][WARNING] - 'outrage' is not in list Defaulting to random move.
[2026-03-09 19:22:23,775][PokeRLEnv y6dpb][WARNING] - 'outrage' is not in list Defaulting to random move.
[2026-03-09 19:22:23,775][PokeRLEnv y6dpb][WARNING] - 'outrage' is not in list Defaulting to random move.
[2026-03-09 19:22:23,775][PokeRLEnv y6dpb][WARNING] - 'outrage' is not in list Defaulting to random move.
[2026-03-09 19:22:23,775][PokeRLEnv y6dpb][WARNING] - 'outrage' is not in list Defaulting to random move.
[2026-03-09 19:22:23,775][PokeRLEnv y6dpb][WARNING] - 'outrage' is not in list Defaulting to random move.
[2026-03-09 19:22:23,775][PokeRLEnv y6dpb][WARNING] - 'outrage' is not in list Defaulting to random move.
[2026-03-09 19:22:23,776][PokeRLEnv y6dpb][WARNING] - 'outrage' is not in list Defaulting to random move.
[2026-03-09 19:22:23,776][PokeRLEnv y6dpb][WARNING] - 'outrage' is not in list Defaulting to random move.
[2026-03-09 19:22:23,776][PokeRLEnv y6dpb][WARNING] - 'outrage' is not in list Defaulting to random move.
[2026-03-09 19:22:23,776][PokeRLEnv y6dpb][WARNING] - 'outrage' is not in list Defaulting to random move.
[2026-03-09 19:22:23,776][PokeRLEnv y6dpb][WARNING] - 'outrage' is not in list Defaulting to random move.
[2026-03-09 19:22:23,776][PokeRLEnv y6dpb][WARNING] - 'outrage' is not in list Defaulting to random move.
[2026-03-09 19:22:23,776][PokeRLEnv y6dpb][WARNING] - 'outrage' is not in list Defaulting to random move.
[2026-03-09 19:22:23,776][PokeRLEnv y6dpb][WARNING] - 'outrage' is not in list Defaulting to random move.
[2026-03-09 19:22:23,776][PokeRLEnv y6dpb][WARNING] - 'outrage' is not in list Defaulting to random move.
[2026-03-09 19:22:23,776][PokeRLEnv y6dpb][WARNING] - 'outrage' is not in list Defaulting to random move.
[2026-03-09 19:22:23,776][PokeRLEnv y6dpb][WARNING] - 'outrage' is not in list Defaulting to random move.
[2026-03-09 19:22:23,776][PokeRLEnv y6dpb][WARNING] - 'outrage' is not in list Defaulting to random move.
[2026-03-09 19:22:23,777][PokeRLEnv y6dpb][WARNING] - 'outrage' is not in list Defaulting to random move.
[2026-03-09 19:22:23,777][PokeRLEnv y6dpb][WARNING] - 'outrage' is not in list Defaulting to random move.
[2026-03-09 19:22:23,777][PokeRLEnv y6dpb][WARNING] - 'outrage' is not in list Defaulting to random move.
[2026-03-09 19:22:23,777][PokeRLEnv y6dpb][WARNING] - 'outrage' is not in list Defaulting to random move.
[2026-03-09 19:22:23,777][PokeRLEnv y6dpb][WARNING] - 'outrage' is not in list Defaulting to random move.
[2026-03-09 19:22:23,777][PokeRLEnv y6dpb][WARNING] - 'outrage' is not in list Defaulting to random move.
[2026-03-09 19:22:23,777][PokeRLEnv y6dpb][WARNING] - 'outrage' is not in list Defaulting to random move.
[2026-03-09 19:22:23,777][PokeRLEnv y6dpb][WARNING] - 'outrage' is not in list Defaulting to random move.
[2026-03-09 19:22:23,777][PokeRLEnv y6dpb][WARNING] - 'outrage' is not in list Defaulting to random move.
[2026-03-09 19:22:23,777][PokeRLEnv y6dpb][WARNING] - 'outrage' is not in list Defaulting to random move.
[2026-03-09 19:22:23,777][PokeRLEnv y6dpb][WARNING] - 'outrage' is not in list Defaulting to random move.
[2026-03-09 19:22:23,777][PokeRLEnv y6dpb][WARNING] - 'outrage' is not in list Defaulting to random move.
[2026-03-09 19:22:23,778][PokeRLEnv y6dpb][WARNING] - 'outrage' is not in list Defaulting to random move.
[2026-03-09 19:22:23,778][PokeRLEnv y6dpb][WARNING] - 'outrage' is not in list Defaulting to random move.
[2026-03-09 19:22:23,778][PokeRLEnv y6dpb][WARNING] - 'outrage' is not in list Defaulting to random move.
[2026-03-09 19:22:23,778][PokeRLEnv y6dpb][WARNING] - 'outrage' is not in list Defaulting to random move.
[2026-03-09 19:22:23,778][PokeRLEnv y6dpb][WARNING] - 'outrage' is not in list Defaulting to random move.
[2026-03-09 19:22:23,778][PokeRLEnv y6dpb][WARNING] - 'outrage' is not in list Defaulting to random move.
[2026-03-09 19:22:23,778][PokeRLEnv y6dpb][WARNING] - 'outrage' is not in list Defaulting to random move.
[2026-03-09 19:22:23,778][PokeRLEnv y6dpb][WARNING] - 'outrage' is not in list Defaulting to random move.
[2026-03-09 19:22:23,778][PokeRLEnv y6dpb][WARNING] - 'outrage' is not in list Defaulting to random move.
[2026-03-09 19:22:23,778][PokeRLEnv y6dpb][WARNING] - 'outrage' is not in list Defaulting to random move.
[2026-03-09 19:22:23,778][PokeRLEnv y6dpb][WARNING] - 'outrage' is not in list Defaulting to random move.
[2026-03-09 19:22:23,778][PokeRLEnv y6dpb][WARNING] - 'outrage' is not in list Defaulting to random move.
[2026-03-09 19:22:23,779][PokeRLEnv y6dpb][WARNING] - 'outrage' is not in list Defaulting to random move.
[2026-03-09 19:22:23,779][PokeRLEnv y6dpb][WARNING] - 'outrage' is not in list Defaulting to random move.
[2026-03-09 19:22:23,779][PokeRLEnv y6dpb][WARNING] - 'outrage' is not in list Defaulting to random move.
[2026-03-09 19:22:23,779][PokeRLEnv y6dpb][WARNING] - 'outrage' is not in list Defaulting to random move.
[2026-03-09 19:22:23,779][PokeRLEnv y6dpb][WARNING] - 'outrage' is not in list Defaulting to random move.
[2026-03-09 19:22:23,779][PokeRLEnv y6dpb][WARNING] - 'outrage' is not in list Defaulting to random move.
[2026-03-09 19:22:23,779][PokeRLEnv y6dpb][WARNING] - 'outrage' is not in list Defaulting to random move.
[2026-03-09 19:22:23,779][PokeRLEnv y6dpb][WARNING] - 'outrage' is not in list Defaulting to random move.
[2026-03-09 19:22:23,779][PokeRLEnv y6dpb][WARNING] - 'outrage' is not in list Defaulting to random move.
[2026-03-09 19:22:23,779][PokeRLEnv y6dpb][WARNING] - 'outrage' is not in list Defaulting to random move.
[2026-03-09 19:22:23,779][PokeRLEnv y6dpb][WARNING] - 'outrage' is not in list Defaulting to random move.
[2026-03-09 19:22:23,779][PokeRLEnv y6dpb][WARNING] - 'outrage' is not in list Defaulting to random move.
[2026-03-09 19:22:23,780][PokeRLEnv y6dpb][WARNING] - 'outrage' is not in list Defaulting to random move.
[2026-03-09 19:22:23,780][PokeRLEnv y6dpb][WARNING] - 'outrage' is not in list Defaulting to random move.
[2026-03-09 19:22:23,780][PokeRLEnv y6dpb][WARNING] - 'outrage' is not in list Defaulting to random move.
[2026-03-09 19:22:23,780][PokeRLEnv y6dpb][WARNING] - 'outrage' is not in list Defaulting to random move.
[2026-03-09 19:22:23,780][PokeRLEnv y6dpb][WARNING] - 'outrage' is not in list Defaulting to random move.
[2026-03-09 19:22:23,780][PokeRLEnv y6dpb][WARNING] - 'outrage' is not in list Defaulting to random move.
[2026-03-09 19:22:23,780][PokeRLEnv y6dpb][WARNING] - 'outrage' is not in list Defaulting to random move.
[2026-03-09 19:22:23,780][PokeRLEnv y6dpb][WARNING] - 'outrage' is not in list Defaulting to random move.
[2026-03-09 19:22:23,780][PokeRLEnv y6dpb][WARNING] - 'outrage' is not in list Defaulting to random move.
[2026-03-09 19:22:23,780][PokeRLEnv y6dpb][WARNING] - 'outrage' is not in list Defaulting to random move.
[2026-03-09 19:22:23,780][PokeRLEnv y6dpb][WARNING] - 'outrage' is not in list Defaulting to random move.
[2026-03-09 19:22:23,781][PokeRLEnv y6dpb][WARNING] - 'outrage' is not in list Defaulting to random move.
[2026-03-09 19:22:23,781][PokeRLEnv y6dpb][WARNING] - 'outrage' is not in list Defaulting to random move.
[2026-03-09 19:22:23,781][PokeRLEnv y6dpb][WARNING] - 'outrage' is not in list Defaulting to random move.
[2026-03-09 19:22:23,781][PokeRLEnv y6dpb][WARNING] - 'outrage' is not in list Defaulting to random move.
[2026-03-09 19:22:23,781][PokeRLEnv y6dpb][WARNING] - 'outrage' is not in list Defaulting to random move.
[2026-03-09 19:22:23,781][PokeRLEnv y6dpb][WARNING] - 'outrage' is not in list Defaulting to random move.
[2026-03-09 19:22:23,781][PokeRLEnv y6dpb][WARNING] - 'outrage' is not in list Defaulting to random move.
[2026-03-09 19:22:23,782][PokeRLEnv y6dpb][WARNING] - 'outrage' is not in list Defaulting to random move.
[2026-03-09 19:22:23,782][PokeRLEnv y6dpb][WARNING] - 'outrage' is not in list Defaulting to random move.
[2026-03-09 19:22:23,782][PokeRLEnv y6dpb][WARNING] - 'outrage' is not in list Defaulting to random move.
[2026-03-09 19:22:23,782][PokeRLEnv y6dpb][WARNING] - 'outrage' is not in list Defaulting to random move.
[2026-03-09 19:22:23,782][PokeRLEnv y6dpb][WARNING] - 'outrage' is not in list Defaulting to random move.
[2026-03-09 19:22:23,782][PokeRLEnv y6dpb][WARNING] - 'outrage' is not in list Defaulting to random move.
[2026-03-09 19:22:23,782][PokeRLEnv y6dpb][WARNING] - 'outrage' is not in list Defaulting to random move.
[2026-03-09 19:22:23,782][PokeRLEnv y6dpb][WARNING] - 'outrage' is not in list Defaulting to random move.
[2026-03-09 19:22:23,782][PokeRLEnv y6dpb][WARNING] - 'outrage' is not in list Defaulting to random move.
[2026-03-09 19:22:23,782][PokeRLEnv y6dpb][WARNING] - 'outrage' is not in list Defaulting to random move.
[2026-03-09 19:22:23,782][PokeRLEnv y6dpb][WARNING] - 'outrage' is not in list Defaulting to random move.
[2026-03-09 19:22:23,782][PokeRLEnv y6dpb][WARNING] - 'outrage' is not in list Defaulting to random move.
[2026-03-09 19:22:23,783][PokeRLEnv y6dpb][WARNING] - 'outrage' is not in list Defaulting to random move.
[2026-03-09 19:22:23,783][PokeRLEnv y6dpb][WARNING] - 'outrage' is not in list Defaulting to random move.
[2026-03-09 19:22:23,783][PokeRLEnv y6dpb][WARNING] - 'outrage' is not in list Defaulting to random move.
[2026-03-09 19:22:23,783][PokeRLEnv y6dpb][WARNING] - 'outrage' is not in list Defaulting to random move.
[2026-03-09 19:22:23,783][PokeRLEnv y6dpb][WARNING] - 'outrage' is not in list Defaulting to random move.
[2026-03-09 19:22:23,783][PokeRLEnv y6dpb][WARNING] - 'outrage' is not in list Defaulting to random move.
[2026-03-09 19:22:23,783][PokeRLEnv y6dpb][WARNING] - 'outrage' is not in list Defaulting to random move.
[2026-03-09 19:22:23,783][PokeRLEnv y6dpb][WARNING] - 'outrage' is not in list Defaulting to random move.
[2026-03-09 19:22:23,783][PokeRLEnv y6dpb][WARNING] - 'outrage' is not in list Defaulting to random move.
[2026-03-09 19:22:23,783][PokeRLEnv y6dpb][WARNING] - 'outrage' is not in list Defaulting to random move.
[2026-03-09 19:22:23,783][PokeRLEnv y6dpb][WARNING] - 'outrage' is not in list Defaulting to random move.
[2026-03-09 19:22:23,783][PokeRLEnv y6dpb][WARNING] - 'outrage' is not in list Defaulting to random move.
[2026-03-09 19:22:23,784][PokeRLEnv y6dpb][WARNING] - 'outrage' is not in list Defaulting to random move.
[2026-03-09 19:22:23,784][PokeRLEnv y6dpb][WARNING] - 'outrage' is not in list Defaulting to random move.
[2026-03-09 19:22:23,784][PokeRLEnv y6dpb][WARNING] - 'outrage' is not in list Defaulting to random move.
[2026-03-09 19:22:23,784][PokeRLEnv y6dpb][WARNING] - 'outrage' is not in list Defaulting to random move.
[2026-03-09 19:22:23,784][PokeRLEnv y6dpb][WARNING] - 'outrage' is not in list Defaulting to random move.
[2026-03-09 19:22:23,784][PokeRLEnv y6dpb][WARNING] - 'outrage' is not in list Defaulting to random move.
[2026-03-09 19:22:23,784][PokeRLEnv y6dpb][WARNING] - 'outrage' is not in list Defaulting to random move.
[2026-03-09 19:22:23,784][PokeRLEnv y6dpb][WARNING] - 'outrage' is not in list Defaulting to random move.
[2026-03-09 19:22:23,784][PokeRLEnv y6dpb][WARNING] - 'outrage' is not in list Defaulting to random move.
[2026-03-09 19:22:23,784][PokeRLEnv y6dpb][WARNING] - 'outrage' is not in list Defaulting to random move.
[2026-03-09 19:22:23,784][PokeRLEnv y6dpb][WARNING] - 'outrage' is not in list Defaulting to random move.
[2026-03-09 19:22:23,784][PokeRLEnv y6dpb][WARNING] - 'outrage' is not in list Defaulting to random move.
[2026-03-09 19:22:23,784][PokeRLEnv y6dpb][WARNING] - 'outrage' is not in list Defaulting to random move.
[2026-03-09 19:22:23,785][PokeRLEnv y6dpb][WARNING] - 'outrage' is not in list Defaulting to random move.
[2026-03-09 19:22:23,785][PokeRLEnv y6dpb][WARNING] - 'outrage' is not in list Defaulting to random move.
[2026-03-09 19:22:23,785][PokeRLEnv y6dpb][WARNING] - 'outrage' is not in list Defaulting to random move.
[2026-03-09 19:22:23,785][PokeRLEnv y6dpb][WARNING] - 'outrage' is not in list Defaulting to random move.
[2026-03-09 19:22:23,785][PokeRLEnv y6dpb][WARNING] - 'outrage' is not in list Defaulting to random move.
[2026-03-09 19:22:23,785][PokeRLEnv y6dpb][WARNING] - 'outrage' is not in list Defaulting to random move.
[2026-03-09 19:22:23,785][PokeRLEnv y6dpb][WARNING] - 'outrage' is not in list Defaulting to random move.
[2026-03-09 19:22:23,785][PokeRLEnv y6dpb][WARNING] - 'outrage' is not in list Defaulting to random move.
[2026-03-09 19:22:23,785][PokeRLEnv y6dpb][WARNING] - 'outrage' is not in list Defaulting to random move.
[2026-03-09 19:22:23,785][PokeRLEnv y6dpb][WARNING] - 'outrage' is not in list Defaulting to random move.
[2026-03-09 19:22:23,786][PokeRLEnv y6dpb][WARNING] - 'outrage' is not in list Defaulting to random move.
[2026-03-09 19:22:23,786][PokeRLEnv y6dpb][WARNING] - 'outrage' is not in list Defaulting to random move.
[2026-03-09 19:22:23,786][PokeRLEnv y6dpb][WARNING] - 'outrage' is not in list Defaulting to random move.
[2026-03-09 19:22:23,786][PokeRLEnv y6dpb][WARNING] - 'outrage' is not in list Defaulting to random move.
[2026-03-09 19:22:23,786][PokeRLEnv y6dpb][WARNING] - 'outrage' is not in list Defaulting to random move.
[2026-03-09 19:22:23,786][PokeRLEnv y6dpb][WARNING] - 'outrage' is not in list Defaulting to random move.
[2026-03-09 19:22:23,786][PokeRLEnv y6dpb][WARNING] - 'outrage' is not in list Defaulting to random move.
[2026-03-09 19:22:23,786][PokeRLEnv y6dpb][WARNING] - 'outrage' is not in list Defaulting to random move.
[2026-03-09 19:22:23,786][PokeRLEnv y6dpb][WARNING] - 'outrage' is not in list Defaulting to random move.
[2026-03-09 19:22:23,786][PokeRLEnv y6dpb][WARNING] - 'outrage' is not in list Defaulting to random move.
[2026-03-09 19:22:23,786][PokeRLEnv y6dpb][WARNING] - 'outrage' is not in list Defaulting to random move.
[2026-03-09 19:22:23,787][PokeRLEnv y6dpb][WARNING] - 'outrage' is not in list Defaulting to random move.
[2026-03-09 19:22:23,787][PokeRLEnv y6dpb][WARNING] - 'outrage' is not in list Defaulting to random move.
[2026-03-09 19:22:23,787][PokeRLEnv y6dpb][WARNING] - 'outrage' is not in list Defaulting to random move.
[2026-03-09 19:22:23,787][PokeRLEnv y6dpb][WARNING] - 'outrage' is not in list Defaulting to random move.
[2026-03-09 19:22:23,787][PokeRLEnv y6dpb][WARNING] - 'outrage' is not in list Defaulting to random move.
[2026-03-09 19:22:23,787][PokeRLEnv y6dpb][WARNING] - 'outrage' is not in list Defaulting to random move.
[2026-03-09 19:22:23,787][PokeRLEnv y6dpb][WARNING] - 'outrage' is not in list Defaulting to random move.
[2026-03-09 19:22:23,787][PokeRLEnv y6dpb][WARNING] - 'outrage' is not in list Defaulting to random move.
[2026-03-09 19:22:23,787][PokeRLEnv y6dpb][WARNING] - 'outrage' is not in list Defaulting to random move.
[2026-03-09 19:22:23,787][PokeRLEnv y6dpb][WARNING] - 'outrage' is not in list Defaulting to random move.
[2026-03-09 19:22:23,787][PokeRLEnv y6dpb][WARNING] - 'outrage' is not in list Defaulting to random move.
[2026-03-09 19:22:23,788][PokeRLEnv y6dpb][WARNING] - 'outrage' is not in list Defaulting to random move.
[2026-03-09 19:22:23,788][PokeRLEnv y6dpb][WARNING] - 'outrage' is not in list Defaulting to random move.
[2026-03-09 19:22:23,788][PokeRLEnv y6dpb][WARNING] - 'outrage' is not in list Defaulting to random move.
[2026-03-09 19:22:23,788][PokeRLEnv y6dpb][WARNING] - 'outrage' is not in list Defaulting to random move.
[2026-03-09 19:22:23,788][PokeRLEnv y6dpb][WARNING] - 'outrage' is not in list Defaulting to random move.
[2026-03-09 19:22:23,788][PokeRLEnv y6dpb][WARNING] - 'outrage' is not in list Defaulting to random move.
[2026-03-09 19:22:23,788][PokeRLEnv y6dpb][WARNING] - 'outrage' is not in list Defaulting to random move.
[2026-03-09 19:22:23,788][PokeRLEnv y6dpb][WARNING] - 'outrage' is not in list Defaulting to random move.
[2026-03-09 19:22:23,788][PokeRLEnv y6dpb][WARNING] - 'outrage' is not in list Defaulting to random move.
[2026-03-09 19:22:23,788][PokeRLEnv y6dpb][WARNING] - 'outrage' is not in list Defaulting to random move.
[2026-03-09 19:22:23,788][PokeRLEnv y6dpb][WARNING] - 'outrage' is not in list Defaulting to random move.
[2026-03-09 19:22:23,788][PokeRLEnv y6dpb][WARNING] - 'outrage' is not in list Defaulting to random move.
[2026-03-09 19:22:23,789][PokeRLEnv y6dpb][WARNING] - 'outrage' is not in list Defaulting to random move.
[2026-03-09 19:22:23,789][PokeRLEnv y6dpb][WARNING] - 'outrage' is not in list Defaulting to random move.
[2026-03-09 19:22:23,789][PokeRLEnv y6dpb][WARNING] - 'outrage' is not in list Defaulting to random move.
[2026-03-09 19:22:23,789][PokeRLEnv y6dpb][WARNING] - 'outrage' is not in list Defaulting to random move.
[2026-03-09 19:22:23,789][PokeRLEnv y6dpb][WARNING] - 'outrage' is not in list Defaulting to random move.
[2026-03-09 19:22:23,789][PokeRLEnv y6dpb][WARNING] - 'outrage' is not in list Defaulting to random move.
[2026-03-09 19:22:23,789][PokeRLEnv y6dpb][WARNING] - 'outrage' is not in list Defaulting to random move.
[2026-03-09 19:22:23,789][PokeRLEnv y6dpb][WARNING] - 'outrage' is not in list Defaulting to random move.
[2026-03-09 19:22:23,789][PokeRLEnv y6dpb][WARNING] - 'outrage' is not in list Defaulting to random move.
[2026-03-09 19:22:23,789][PokeRLEnv y6dpb][WARNING] - 'outrage' is not in list Defaulting to random move.
[2026-03-09 19:22:23,789][PokeRLEnv y6dpb][WARNING] - 'outrage' is not in list Defaulting to random move.
[2026-03-09 19:22:23,789][PokeRLEnv y6dpb][WARNING] - 'outrage' is not in list Defaulting to random move.
[2026-03-09 19:22:23,789][PokeRLEnv y6dpb][WARNING] - 'outrage' is not in list Defaulting to random move.
[2026-03-09 19:22:23,790][PokeRLEnv y6dpb][WARNING] - 'outrage' is not in list Defaulting to random move.
[2026-03-09 19:22:23,790][PokeRLEnv y6dpb][WARNING] - 'outrage' is not in list Defaulting to random move.
[2026-03-09 19:22:23,790][PokeRLEnv y6dpb][WARNING] - 'outrage' is not in list Defaulting to random move.
[2026-03-09 19:22:23,790][PokeRLEnv y6dpb][WARNING] - 'outrage' is not in list Defaulting to random move.
[2026-03-09 19:22:23,790][PokeRLEnv y6dpb][WARNING] - 'outrage' is not in list Defaulting to random move.
[2026-03-09 19:22:23,790][PokeRLEnv y6dpb][WARNING] - 'outrage' is not in list Defaulting to random move.
[2026-03-09 19:22:23,790][PokeRLEnv y6dpb][WARNING] - 'outrage' is not in list Defaulting to random move.
[2026-03-09 19:22:23,790][PokeRLEnv y6dpb][WARNING] - 'outrage' is not in list Defaulting to random move.
[2026-03-09 19:22:23,790][PokeRLEnv y6dpb][WARNING] - 'outrage' is not in list Defaulting to random move.
[2026-03-09 19:22:23,791][PokeRLEnv y6dpb][WARNING] - 'outrage' is not in list Defaulting to random move.
[2026-03-09 19:22:23,791][PokeRLEnv y6dpb][WARNING] - 'outrage' is not in list Defaulting to random move.
[2026-03-09 19:22:23,791][PokeRLEnv y6dpb][WARNING] - 'outrage' is not in list Defaulting to random move.
[2026-03-09 19:22:23,791][PokeRLEnv y6dpb][WARNING] - 'outrage' is not in list Defaulting to random move.
[2026-03-09 19:22:23,791][PokeRLEnv y6dpb][WARNING] - 'outrage' is not in list Defaulting to random move.
[2026-03-09 19:22:23,791][PokeRLEnv y6dpb][WARNING] - 'outrage' is not in list Defaulting to random move.
[2026-03-09 19:22:23,791][PokeRLEnv y6dpb][WARNING] - 'outrage' is not in list Defaulting to random move.
[2026-03-09 19:22:23,792][PokeRLEnv y6dpb][WARNING] - 'outrage' is not in list Defaulting to random move.
[2026-03-09 19:22:23,792][PokeRLEnv y6dpb][WARNING] - 'outrage' is not in list Defaulting to random move.
[2026-03-09 19:22:23,792][PokeRLEnv y6dpb][WARNING] - 'outrage' is not in list Defaulting to random move.
[2026-03-09 19:22:23,792][PokeRLEnv y6dpb][WARNING] - 'outrage' is not in list Defaulting to random move.
[2026-03-09 19:22:23,792][PokeRLEnv y6dpb][WARNING] - 'outrage' is not in list Defaulting to random move.
[2026-03-09 19:22:23,792][PokeRLEnv y6dpb][WARNING] - 'outrage' is not in list Defaulting to random move.
[2026-03-09 19:22:23,792][PokeRLEnv y6dpb][WARNING] - 'outrage' is not in list Defaulting to random move.
[2026-03-09 19:22:23,792][PokeRLEnv y6dpb][WARNING] - 'outrage' is not in list Defaulting to random move.
[2026-03-09 19:22:23,792][PokeRLEnv y6dpb][WARNING] - 'outrage' is not in list Defaulting to random move.
[2026-03-09 19:22:23,792][PokeRLEnv y6dpb][WARNING] - 'outrage' is not in list Defaulting to random move.
[2026-03-09 19:22:23,792][PokeRLEnv y6dpb][WARNING] - 'outrage' is not in list Defaulting to random move.
[2026-03-09 19:22:23,792][PokeRLEnv y6dpb][WARNING] - 'outrage' is not in list Defaulting to random move.
[2026-03-09 19:22:23,793][PokeRLEnv y6dpb][WARNING] - 'outrage' is not in list Defaulting to random move.
[2026-03-09 19:22:23,793][PokeRLEnv y6dpb][WARNING] - 'outrage' is not in list Defaulting to random move.
[2026-03-09 19:22:23,793][PokeRLEnv y6dpb][WARNING] - 'outrage' is not in list Defaulting to random move.
[2026-03-09 19:22:23,793][PokeRLEnv y6dpb][WARNING] - 'outrage' is not in list Defaulting to random move.
[2026-03-09 19:22:23,793][PokeRLEnv y6dpb][WARNING] - 'outrage' is not in list Defaulting to random move.
[2026-03-09 19:22:23,793][PokeRLEnv y6dpb][WARNING] - 'outrage' is not in list Defaulting to random move.
[2026-03-09 19:22:23,793][PokeRLEnv y6dpb][WARNING] - 'outrage' is not in list Defaulting to random move.
[2026-03-09 19:22:23,793][PokeRLEnv y6dpb][WARNING] - 'outrage' is not in list Defaulting to random move.
[2026-03-09 19:22:23,793][PokeRLEnv y6dpb][WARNING] - 'outrage' is not in list Defaulting to random move.
[2026-03-09 19:22:23,793][PokeRLEnv y6dpb][WARNING] - 'outrage' is not in list Defaulting to random move.
[2026-03-09 19:22:23,793][PokeRLEnv y6dpb][WARNING] - 'outrage' is not in list Defaulting to random move.
[2026-03-09 19:22:23,793][PokeRLEnv y6dpb][WARNING] - 'outrage' is not in list Defaulting to random move.
[2026-03-09 19:22:23,794][PokeRLEnv y6dpb][WARNING] - 'outrage' is not in list Defaulting to random move.
[2026-03-09 19:22:23,794][PokeRLEnv y6dpb][WARNING] - 'outrage' is not in list Defaulting to random move.
[2026-03-09 19:22:23,794][PokeRLEnv y6dpb][WARNING] - 'outrage' is not in list Defaulting to random move.
[2026-03-09 19:22:23,794][PokeRLEnv y6dpb][WARNING] - 'outrage' is not in list Defaulting to random move.
[2026-03-09 19:22:23,794][PokeRLEnv y6dpb][WARNING] - 'outrage' is not in list Defaulting to random move.
[2026-03-09 19:22:23,794][PokeRLEnv y6dpb][WARNING] - 'outrage' is not in list Defaulting to random move.
[2026-03-09 19:22:23,794][PokeRLEnv y6dpb][WARNING] - 'outrage' is not in list Defaulting to random move.
[2026-03-09 19:22:23,794][PokeRLEnv y6dpb][WARNING] - 'outrage' is not in list Defaulting to random move.
[2026-03-09 19:22:23,794][PokeRLEnv y6dpb][WARNING] - 'outrage' is not in list Defaulting to random move.
[2026-03-09 19:22:23,794][PokeRLEnv y6dpb][WARNING] - 'outrage' is not in list Defaulting to random move.
[2026-03-09 19:22:23,794][PokeRLEnv y6dpb][WARNING] - 'outrage' is not in list Defaulting to random move.
[2026-03-09 19:22:23,794][PokeRLEnv y6dpb][WARNING] - 'outrage' is not in list Defaulting to random move.
[2026-03-09 19:22:23,794][PokeRLEnv y6dpb][WARNING] - 'outrage' is not in list Defaulting to random move.
[2026-03-09 19:22:23,795][PokeRLEnv y6dpb][WARNING] - 'outrage' is not in list Defaulting to random move.
[2026-03-09 19:22:23,795][PokeRLEnv y6dpb][WARNING] - 'outrage' is not in list Defaulting to random move.
[2026-03-09 19:22:23,795][PokeRLEnv y6dpb][WARNING] - 'outrage' is not in list Defaulting to random move.
[2026-03-09 19:22:23,795][PokeRLEnv y6dpb][WARNING] - 'outrage' is not in list Defaulting to random move.
[2026-03-09 19:22:23,795][PokeRLEnv y6dpb][WARNING] - 'outrage' is not in list Defaulting to random move.
[2026-03-09 19:22:23,795][PokeRLEnv y6dpb][WARNING] - 'outrage' is not in list Defaulting to random move.
[2026-03-09 19:22:23,795][PokeRLEnv y6dpb][WARNING] - 'outrage' is not in list Defaulting to random move.
[2026-03-09 19:22:23,795][PokeRLEnv y6dpb][WARNING] - 'outrage' is not in list Defaulting to random move.
[2026-03-09 19:22:23,795][PokeRLEnv y6dpb][WARNING] - 'outrage' is not in list Defaulting to random move.
[2026-03-09 19:22:23,795][PokeRLEnv y6dpb][WARNING] - 'outrage' is not in list Defaulting to random move.
[2026-03-09 19:22:23,795][PokeRLEnv y6dpb][WARNING] - 'outrage' is not in list Defaulting to random move.
[2026-03-09 19:22:23,796][PokeRLEnv y6dpb][WARNING] - 'outrage' is not in list Defaulting to random move.
[2026-03-09 19:22:23,796][PokeRLEnv y6dpb][WARNING] - 'outrage' is not in list Defaulting to random move.
[2026-03-09 19:22:23,796][PokeRLEnv y6dpb][WARNING] - 'outrage' is not in list Defaulting to random move.
[2026-03-09 19:22:23,796][PokeRLEnv y6dpb][WARNING] - 'outrage' is not in list Defaulting to random move.
[2026-03-09 19:22:23,796][PokeRLEnv y6dpb][WARNING] - 'outrage' is not in list Defaulting to random move.
[2026-03-09 19:22:23,796][PokeRLEnv y6dpb][WARNING] - 'outrage' is not in list Defaulting to random move.
[2026-03-09 19:22:23,796][PokeRLEnv y6dpb][WARNING] - 'outrage' is not in list Defaulting to random move.
[2026-03-09 19:22:23,796][PokeRLEnv y6dpb][WARNING] - 'outrage' is not in list Defaulting to random move.
[2026-03-09 19:22:23,797][PokeRLEnv y6dpb][WARNING] - 'outrage' is not in list Defaulting to random move.
[2026-03-09 19:22:23,797][PokeRLEnv y6dpb][WARNING] - 'outrage' is not in list Defaulting to random move.
[2026-03-09 19:22:23,797][PokeRLEnv y6dpb][WARNING] - 'outrage' is not in list Defaulting to random move.
[2026-03-09 19:22:23,797][PokeRLEnv y6dpb][WARNING] - 'outrage' is not in list Defaulting to random move.
[2026-03-09 19:22:23,797][PokeRLEnv y6dpb][WARNING] - 'outrage' is not in list Defaulting to random move.
[2026-03-09 19:22:23,797][PokeRLEnv y6dpb][WARNING] - 'outrage' is not in list Defaulting to random move.
[2026-03-09 19:22:23,797][PokeRLEnv y6dpb][WARNING] - 'outrage' is not in list Defaulting to random move.
[2026-03-09 19:22:23,797][PokeRLEnv y6dpb][WARNING] - 'outrage' is not in list Defaulting to random move.
[2026-03-09 19:22:23,797][PokeRLEnv y6dpb][WARNING] - 'outrage' is not in list Defaulting to random move.
[2026-03-09 19:22:23,797][PokeRLEnv y6dpb][WARNING] - 'outrage' is not in list Defaulting to random move.
[2026-03-09 19:22:23,797][PokeRLEnv y6dpb][WARNING] - 'outrage' is not in list Defaulting to random move.
[2026-03-09 19:22:23,797][PokeRLEnv y6dpb][WARNING] - 'outrage' is not in list Defaulting to random move.
[2026-03-09 19:22:23,798][PokeRLEnv y6dpb][WARNING] - 'outrage' is not in list Defaulting to random move.
[2026-03-09 19:22:23,798][PokeRLEnv y6dpb][WARNING] - 'outrage' is not in list Defaulting to random move.
[2026-03-09 19:22:23,798][PokeRLEnv y6dpb][WARNING] - 'outrage' is not in list Defaulting to random move.
[2026-03-09 19:22:23,798][PokeRLEnv y6dpb][WARNING] - 'outrage' is not in list Defaulting to random move.
[2026-03-09 19:22:23,798][PokeRLEnv y6dpb][WARNING] - 'outrage' is not in list Defaulting to random move.
[2026-03-09 19:22:23,798][PokeRLEnv y6dpb][WARNING] - 'outrage' is not in list Defaulting to random move.
[2026-03-09 19:22:23,798][PokeRLEnv y6dpb][WARNING] - 'outrage' is not in list Defaulting to random move.
[2026-03-09 19:22:23,798][PokeRLEnv y6dpb][WARNING] - 'outrage' is not in list Defaulting to random move.
[2026-03-09 19:22:23,798][PokeRLEnv y6dpb][WARNING] - 'outrage' is not in list Defaulting to random move.
[2026-03-09 19:22:23,798][PokeRLEnv y6dpb][WARNING] - 'outrage' is not in list Defaulting to random move.
[2026-03-09 19:22:23,798][PokeRLEnv y6dpb][WARNING] - 'outrage' is not in list Defaulting to random move.
[2026-03-09 19:22:23,799][PokeRLEnv y6dpb][WARNING] - 'outrage' is not in list Defaulting to random move.
[2026-03-09 19:22:23,799][PokeRLEnv y6dpb][WARNING] - 'outrage' is not in list Defaulting to random move.
[2026-03-09 19:22:23,799][PokeRLEnv y6dpb][WARNING] - 'outrage' is not in list Defaulting to random move.
[2026-03-09 19:22:23,799][PokeRLEnv y6dpb][WARNING] - 'outrage' is not in list Defaulting to random move.
[2026-03-09 19:22:23,799][PokeRLEnv y6dpb][WARNING] - 'outrage' is not in list Defaulting to random move.
[2026-03-09 19:22:23,799][PokeRLEnv y6dpb][WARNING] - 'outrage' is not in list Defaulting to random move.
[2026-03-09 19:22:23,799][PokeRLEnv y6dpb][WARNING] - 'outrage' is not in list Defaulting to random move.
[2026-03-09 19:22:23,799][PokeRLEnv y6dpb][WARNING] - 'outrage' is not in list Defaulting to random move.
[2026-03-09 19:22:23,799][PokeRLEnv y6dpb][WARNING] - 'outrage' is not in list Defaulting to random move.
[2026-03-09 19:22:23,799][PokeRLEnv y6dpb][WARNING] - 'outrage' is not in list Defaulting to random move.
[2026-03-09 19:22:23,799][PokeRLEnv y6dpb][WARNING] - 'outrage' is not in list Defaulting to random move.
[2026-03-09 19:22:23,800][PokeRLEnv y6dpb][WARNING] - 'outrage' is not in list Defaulting to random move.
[2026-03-09 19:22:23,800][PokeRLEnv y6dpb][WARNING] - 'outrage' is not in list Defaulting to random move.
[2026-03-09 19:22:23,800][PokeRLEnv y6dpb][WARNING] - 'outrage' is not in list Defaulting to random move.
[2026-03-09 19:22:23,800][PokeRLEnv y6dpb][WARNING] - 'outrage' is not in list Defaulting to random move.
[2026-03-09 19:22:23,800][PokeRLEnv y6dpb][WARNING] - 'outrage' is not in list Defaulting to random move.
[2026-03-09 19:22:23,800][PokeRLEnv y6dpb][WARNING] - 'outrage' is not in list Defaulting to random move.
[2026-03-09 19:22:23,800][PokeRLEnv y6dpb][WARNING] - 'outrage' is not in list Defaulting to random move.
[2026-03-09 19:22:23,800][PokeRLEnv y6dpb][WARNING] - 'outrage' is not in list Defaulting to random move.
[2026-03-09 19:22:23,800][PokeRLEnv y6dpb][WARNING] - 'outrage' is not in list Defaulting to random move.
[2026-03-09 19:22:23,800][PokeRLEnv y6dpb][WARNING] - 'outrage' is not in list Defaulting to random move.
[2026-03-09 19:22:23,800][PokeRLEnv y6dpb][WARNING] - 'outrage' is not in list Defaulting to random move.
[2026-03-09 19:22:23,801][PokeRLEnv y6dpb][WARNING] - 'outrage' is not in list Defaulting to random move.
[2026-03-09 19:22:23,801][PokeRLEnv y6dpb][WARNING] - 'outrage' is not in list Defaulting to random move.
[2026-03-09 19:22:23,801][PokeRLEnv y6dpb][WARNING] - 'outrage' is not in list Defaulting to random move.
[2026-03-09 19:22:23,801][PokeRLEnv y6dpb][WARNING] - 'outrage' is not in list Defaulting to random move.
[2026-03-09 19:22:23,801][PokeRLEnv y6dpb][WARNING] - 'outrage' is not in list Defaulting to random move.
[2026-03-09 19:22:23,801][PokeRLEnv y6dpb][WARNING] - 'outrage' is not in list Defaulting to random move.
[2026-03-09 19:22:23,801][PokeRLEnv y6dpb][WARNING] - 'outrage' is not in list Defaulting to random move.
[2026-03-09 19:22:23,801][PokeRLEnv y6dpb][WARNING] - 'outrage' is not in list Defaulting to random move.
[2026-03-09 19:22:23,802][PokeRLEnv y6dpb][WARNING] - 'outrage' is not in list Defaulting to random move.
[2026-03-09 19:22:23,802][PokeRLEnv y6dpb][WARNING] - 'outrage' is not in list Defaulting to random move.
[2026-03-09 19:22:23,802][PokeRLEnv y6dpb][WARNING] - 'outrage' is not in list Defaulting to random move.
[2026-03-09 19:22:23,802][PokeRLEnv y6dpb][WARNING] - 'outrage' is not in list Defaulting to random move.
[2026-03-09 19:22:23,802][PokeRLEnv y6dpb][WARNING] - 'outrage' is not in list Defaulting to random move.
[2026-03-09 19:22:23,802][PokeRLEnv y6dpb][WARNING] - 'outrage' is not in list Defaulting to random move.
[2026-03-09 19:22:23,802][PokeRLEnv y6dpb][WARNING] - 'outrage' is not in list Defaulting to random move.
[2026-03-09 19:22:23,803][PokeRLEnv y6dpb][WARNING] - 'outrage' is not in list Defaulting to random move.
[2026-03-09 19:22:23,803][PokeRLEnv y6dpb][WARNING] - 'outrage' is not in list Defaulting to random move.
[2026-03-09 19:22:23,803][PokeRLEnv y6dpb][WARNING] - 'outrage' is not in list Defaulting to random move.
[2026-03-09 19:22:23,803][PokeRLEnv y6dpb][WARNING] - 'outrage' is not in list Defaulting to random move.
[2026-03-09 19:22:23,803][PokeRLEnv y6dpb][WARNING] - 'outrage' is not in list Defaulting to random move.
[2026-03-09 19:22:23,803][PokeRLEnv y6dpb][WARNING] - 'outrage' is not in list Defaulting to random move.
[2026-03-09 19:22:23,803][PokeRLEnv y6dpb][WARNING] - 'outrage' is not in list Defaulting to random move.
[2026-03-09 19:22:23,803][PokeRLEnv y6dpb][WARNING] - 'outrage' is not in list Defaulting to random move.
[2026-03-09 19:22:23,803][PokeRLEnv y6dpb][WARNING] - 'outrage' is not in list Defaulting to random move.
[2026-03-09 19:22:23,803][PokeRLEnv y6dpb][WARNING] - 'outrage' is not in list Defaulting to random move.
[2026-03-09 19:22:23,803][PokeRLEnv y6dpb][WARNING] - 'outrage' is not in list Defaulting to random move.
[2026-03-09 19:22:23,803][PokeRLEnv y6dpb][WARNING] - 'outrage' is not in list Defaulting to random move.
[2026-03-09 19:22:23,804][PokeRLEnv y6dpb][WARNING] - 'outrage' is not in list Defaulting to random move.
[2026-03-09 19:22:23,804][PokeRLEnv y6dpb][WARNING] - 'outrage' is not in list Defaulting to random move.
[2026-03-09 19:22:23,804][PokeRLEnv y6dpb][WARNING] - 'outrage' is not in list Defaulting to random move.
[2026-03-09 19:22:23,804][PokeRLEnv y6dpb][WARNING] - 'outrage' is not in list Defaulting to random move.
[2026-03-09 19:22:23,804][PokeRLEnv y6dpb][WARNING] - 'outrage' is not in list Defaulting to random move.
[2026-03-09 19:22:23,804][PokeRLEnv y6dpb][WARNING] - 'outrage' is not in list Defaulting to random move.
[2026-03-09 19:22:23,804][PokeRLEnv y6dpb][WARNING] - 'outrage' is not in list Defaulting to random move.
[2026-03-09 19:22:23,804][PokeRLEnv y6dpb][WARNING] - 'outrage' is not in list Defaulting to random move.
[2026-03-09 19:22:23,804][PokeRLEnv y6dpb][WARNING] - 'outrage' is not in list Defaulting to random move.
[2026-03-09 19:22:23,804][PokeRLEnv y6dpb][WARNING] - 'outrage' is not in list Defaulting to random move.
[2026-03-09 19:22:23,804][PokeRLEnv y6dpb][WARNING] - 'outrage' is not in list Defaulting to random move.
[2026-03-09 19:22:23,804][PokeRLEnv y6dpb][WARNING] - 'outrage' is not in list Defaulting to random move.
[2026-03-09 19:22:23,804][PokeRLEnv y6dpb][WARNING] - 'outrage' is not in list Defaulting to random move.
[2026-03-09 19:22:23,805][PokeRLEnv y6dpb][WARNING] - 'outrage' is not in list Defaulting to random move.
[2026-03-09 19:22:23,805][PokeRLEnv y6dpb][WARNING] - 'outrage' is not in list Defaulting to random move.
[2026-03-09 19:22:23,805][PokeRLEnv y6dpb][WARNING] - 'outrage' is not in list Defaulting to random move.
[2026-03-09 19:22:23,805][PokeRLEnv y6dpb][WARNING] - 'outrage' is not in list Defaulting to random move.
[2026-03-09 19:22:23,805][PokeRLEnv y6dpb][WARNING] - 'outrage' is not in list Defaulting to random move.
[2026-03-09 19:22:23,805][PokeRLEnv y6dpb][WARNING] - 'outrage' is not in list Defaulting to random move.
[2026-03-09 19:22:23,805][PokeRLEnv y6dpb][WARNING] - 'outrage' is not in list Defaulting to random move.
[2026-03-09 19:22:23,805][PokeRLEnv y6dpb][WARNING] - 'outrage' is not in list Defaulting to random move.
[2026-03-09 19:22:23,805][PokeRLEnv y6dpb][WARNING] - 'outrage' is not in list Defaulting to random move.
[2026-03-09 19:22:23,805][PokeRLEnv y6dpb][WARNING] - 'outrage' is not in list Defaulting to random move.
[2026-03-09 19:22:23,805][PokeRLEnv y6dpb][WARNING] - 'outrage' is not in list Defaulting to random move.
[2026-03-09 19:22:23,805][PokeRLEnv y6dpb][WARNING] - 'outrage' is not in list Defaulting to random move.
[2026-03-09 19:22:23,806][PokeRLEnv y6dpb][WARNING] - 'outrage' is not in list Defaulting to random move.
[2026-03-09 19:22:23,806][PokeRLEnv y6dpb][WARNING] - 'outrage' is not in list Defaulting to random move.
[2026-03-09 19:22:23,806][PokeRLEnv y6dpb][WARNING] - 'outrage' is not in list Defaulting to random move.
[2026-03-09 19:22:23,806][PokeRLEnv y6dpb][WARNING] - 'outrage' is not in list Defaulting to random move.
[2026-03-09 19:22:23,806][PokeRLEnv y6dpb][WARNING] - 'outrage' is not in list Defaulting to random move.
[2026-03-09 19:22:23,806][PokeRLEnv y6dpb][WARNING] - 'outrage' is not in list Defaulting to random move.
[2026-03-09 19:22:23,806][PokeRLEnv y6dpb][WARNING] - 'outrage' is not in list Defaulting to random move.
[2026-03-09 19:22:23,806][PokeRLEnv y6dpb][WARNING] - 'outrage' is not in list Defaulting to random move.
[2026-03-09 19:22:23,806][PokeRLEnv y6dpb][WARNING] - 'outrage' is not in list Defaulting to random move.
[2026-03-09 19:22:23,806][PokeRLEnv y6dpb][WARNING] - 'outrage' is not in list Defaulting to random move.
[2026-03-09 19:22:23,806][PokeRLEnv y6dpb][WARNING] - 'outrage' is not in list Defaulting to random move.
[2026-03-09 19:22:23,807][PokeRLEnv y6dpb][WARNING] - 'outrage' is not in list Defaulting to random move.
[2026-03-09 19:22:23,807][PokeRLEnv y6dpb][WARNING] - 'outrage' is not in list Defaulting to random move.
[2026-03-09 19:22:23,807][PokeRLEnv y6dpb][WARNING] - 'outrage' is not in list Defaulting to random move.
[2026-03-09 19:22:23,807][PokeRLEnv y6dpb][WARNING] - 'outrage' is not in list Defaulting to random move.
[2026-03-09 19:22:23,807][PokeRLEnv y6dpb][WARNING] - 'outrage' is not in list Defaulting to random move.
[2026-03-09 19:22:23,807][PokeRLEnv y6dpb][WARNING] - 'outrage' is not in list Defaulting to random move.
[2026-03-09 19:22:23,807][PokeRLEnv y6dpb][WARNING] - 'outrage' is not in list Defaulting to random move.
[2026-03-09 19:22:23,808][PokeRLEnv y6dpb][WARNING] - 'outrage' is not in list Defaulting to random move.
[2026-03-09 19:22:23,808][PokeRLEnv y6dpb][WARNING] - 'outrage' is not in list Defaulting to random move.
[2026-03-09 19:22:23,808][PokeRLEnv y6dpb][WARNING] - 'outrage' is not in list Defaulting to random move.
[2026-03-09 19:22:23,808][PokeRLEnv y6dpb][WARNING] - 'outrage' is not in list Defaulting to random move.
[2026-03-09 19:22:23,808][PokeRLEnv y6dpb][WARNING] - 'outrage' is not in list Defaulting to random move.
[2026-03-09 19:22:23,808][PokeRLEnv y6dpb][WARNING] - 'outrage' is not in list Defaulting to random move.
[2026-03-09 19:22:23,808][PokeRLEnv y6dpb][WARNING] - 'outrage' is not in list Defaulting to random move.
[2026-03-09 19:22:23,808][PokeRLEnv y6dpb][WARNING] - 'outrage' is not in list Defaulting to random move.
[2026-03-09 19:22:23,808][PokeRLEnv y6dpb][WARNING] - 'outrage' is not in list Defaulting to random move.
[2026-03-09 19:22:23,809][PokeRLEnv y6dpb][WARNING] - 'outrage' is not in list Defaulting to random move.
[2026-03-09 19:22:23,809][PokeRLEnv y6dpb][WARNING] - 'outrage' is not in list Defaulting to random move.
[2026-03-09 19:22:23,809][PokeRLEnv y6dpb][WARNING] - 'outrage' is not in list Defaulting to random move.
[2026-03-09 19:22:23,809][PokeRLEnv y6dpb][WARNING] - 'outrage' is not in list Defaulting to random move.
[2026-03-09 19:22:23,809][PokeRLEnv y6dpb][WARNING] - 'outrage' is not in list Defaulting to random move.
[2026-03-09 19:22:23,809][PokeRLEnv y6dpb][WARNING] - 'outrage' is not in list Defaulting to random move.
[2026-03-09 19:22:23,809][PokeRLEnv y6dpb][WARNING] - 'outrage' is not in list Defaulting to random move.
[2026-03-09 19:22:23,809][PokeRLEnv y6dpb][WARNING] - 'outrage' is not in list Defaulting to random move.
[2026-03-09 19:22:23,809][PokeRLEnv y6dpb][WARNING] - 'outrage' is not in list Defaulting to random move.
[2026-03-09 19:22:23,809][PokeRLEnv y6dpb][WARNING] - 'outrage' is not in list Defaulting to random move.
[2026-03-09 19:22:23,809][PokeRLEnv y6dpb][WARNING] - 'outrage' is not in list Defaulting to random move.
[2026-03-09 19:22:23,810][PokeRLEnv y6dpb][WARNING] - 'outrage' is not in list Defaulting to random move.
[2026-03-09 19:22:23,810][PokeRLEnv y6dpb][WARNING] - 'outrage' is not in list Defaulting to random move.
[2026-03-09 19:22:23,810][PokeRLEnv y6dpb][WARNING] - 'outrage' is not in list Defaulting to random move.
[2026-03-09 19:22:23,810][PokeRLEnv y6dpb][WARNING] - 'outrage' is not in list Defaulting to random move.
[2026-03-09 19:22:23,810][PokeRLEnv y6dpb][WARNING] - 'outrage' is not in list Defaulting to random move.
[2026-03-09 19:22:23,810][PokeRLEnv y6dpb][WARNING] - 'outrage' is not in list Defaulting to random move.
[2026-03-09 19:22:23,810][PokeRLEnv y6dpb][WARNING] - 'outrage' is not in list Defaulting to random move.
[2026-03-09 19:22:23,810][PokeRLEnv y6dpb][WARNING] - 'outrage' is not in list Defaulting to random move.
[2026-03-09 19:22:23,810][PokeRLEnv y6dpb][WARNING] - 'outrage' is not in list Defaulting to random move.
[2026-03-09 19:22:23,810][PokeRLEnv y6dpb][WARNING] - 'outrage' is not in list Defaulting to random move.
[2026-03-09 19:22:23,811][PokeRLEnv y6dpb][WARNING] - 'outrage' is not in list Defaulting to random move.
[2026-03-09 19:22:23,811][PokeRLEnv y6dpb][WARNING] - 'outrage' is not in list Defaulting to random move.
[2026-03-09 19:22:23,811][PokeRLEnv y6dpb][WARNING] - 'outrage' is not in list Defaulting to random move.
[2026-03-09 19:22:23,811][PokeRLEnv y6dpb][WARNING] - 'outrage' is not in list Defaulting to random move.
[2026-03-09 19:22:23,811][PokeRLEnv y6dpb][WARNING] - 'outrage' is not in list Defaulting to random move.
[2026-03-09 19:22:23,811][PokeRLEnv y6dpb][WARNING] - 'outrage' is not in list Defaulting to random move.
[2026-03-09 19:22:23,811][PokeRLEnv y6dpb][WARNING] - 'outrage' is not in list Defaulting to random move.
[2026-03-09 19:22:23,811][PokeRLEnv y6dpb][WARNING] - 'outrage' is not in list Defaulting to random move.
[2026-03-09 19:22:23,811][PokeRLEnv y6dpb][WARNING] - 'outrage' is not in list Defaulting to random move.
[2026-03-09 19:22:23,812][PokeRLEnv y6dpb][WARNING] - 'outrage' is not in list Defaulting to random move.
[2026-03-09 19:22:23,812][PokeRLEnv y6dpb][WARNING] - 'outrage' is not in list Defaulting to random move.
[2026-03-09 19:22:23,812][PokeRLEnv y6dpb][WARNING] - 'outrage' is not in list Defaulting to random move.
[2026-03-09 19:22:23,812][PokeRLEnv y6dpb][WARNING] - 'outrage' is not in list Defaulting to random move.
[2026-03-09 19:22:23,812][PokeRLEnv y6dpb][WARNING] - 'outrage' is not in list Defaulting to random move.
[2026-03-09 19:22:23,812][PokeRLEnv y6dpb][WARNING] - 'outrage' is not in list Defaulting to random move.
[2026-03-09 19:22:23,812][PokeRLEnv y6dpb][WARNING] - 'outrage' is not in list Defaulting to random move.
[2026-03-09 19:22:23,812][PokeRLEnv y6dpb][WARNING] - 'outrage' is not in list Defaulting to random move.
[2026-03-09 19:22:23,812][PokeRLEnv y6dpb][WARNING] - 'outrage' is not in list Defaulting to random move.
[2026-03-09 19:22:23,812][PokeRLEnv y6dpb][WARNING] - 'outrage' is not in list Defaulting to random move.
[2026-03-09 19:22:23,812][PokeRLEnv y6dpb][WARNING] - 'outrage' is not in list Defaulting to random move.
[2026-03-09 19:22:23,813][PokeRLEnv y6dpb][WARNING] - 'outrage' is not in list Defaulting to random move.
[2026-03-09 19:22:23,813][PokeRLEnv y6dpb][WARNING] - 'outrage' is not in list Defaulting to random move.
[2026-03-09 19:22:23,813][PokeRLEnv y6dpb][WARNING] - 'outrage' is not in list Defaulting to random move.
[2026-03-09 19:22:23,813][PokeRLEnv y6dpb][WARNING] - 'outrage' is not in list Defaulting to random move.
[2026-03-09 19:22:23,813][PokeRLEnv y6dpb][WARNING] - 'outrage' is not in list Defaulting to random move.
[2026-03-09 19:22:23,813][PokeRLEnv y6dpb][WARNING] - 'outrage' is not in list Defaulting to random move.
[2026-03-09 19:22:23,813][PokeRLEnv y6dpb][WARNING] - 'outrage' is not in list Defaulting to random move.
[2026-03-09 19:22:23,813][PokeRLEnv y6dpb][WARNING] - 'outrage' is not in list Defaulting to random move.
[2026-03-09 19:22:23,813][PokeRLEnv y6dpb][WARNING] - 'outrage' is not in list Defaulting to random move.
[2026-03-09 19:22:23,813][PokeRLEnv y6dpb][WARNING] - 'outrage' is not in list Defaulting to random move.
[2026-03-09 19:22:23,814][PokeRLEnv y6dpb][WARNING] - 'outrage' is not in list Defaulting to random move.
[2026-03-09 19:22:23,814][PokeRLEnv y6dpb][WARNING] - 'outrage' is not in list Defaulting to random move.
[2026-03-09 19:22:23,814][PokeRLEnv y6dpb][WARNING] - 'outrage' is not in list Defaulting to random move.
[2026-03-09 19:22:23,814][PokeRLEnv y6dpb][WARNING] - 'outrage' is not in list Defaulting to random move.
[2026-03-09 19:22:23,814][PokeRLEnv y6dpb][WARNING] - 'outrage' is not in list Defaulting to random move.
[2026-03-09 19:22:23,814][PokeRLEnv y6dpb][WARNING] - 'outrage' is not in list Defaulting to random move.
[2026-03-09 19:22:23,814][PokeRLEnv y6dpb][WARNING] - 'outrage' is not in list Defaulting to random move.
[2026-03-09 19:22:23,814][PokeRLEnv y6dpb][WARNING] - 'outrage' is not in list Defaulting to random move.
[2026-03-09 19:22:23,814][PokeRLEnv y6dpb][WARNING] - 'outrage' is not in list Defaulting to random move.
[2026-03-09 19:22:23,814][PokeRLEnv y6dpb][WARNING] - 'outrage' is not in list Defaulting to random move.
[2026-03-09 19:22:23,814][PokeRLEnv y6dpb][WARNING] - 'outrage' is not in list Defaulting to random move.
[2026-03-09 19:22:23,815][PokeRLEnv y6dpb][WARNING] - 'outrage' is not in list Defaulting to random move.
[2026-03-09 19:22:23,815][PokeRLEnv y6dpb][WARNING] - 'outrage' is not in list Defaulting to random move.
[2026-03-09 19:22:23,815][PokeRLEnv y6dpb][WARNING] - 'outrage' is not in list Defaulting to random move.
[2026-03-09 19:22:23,815][PokeRLEnv y6dpb][WARNING] - 'outrage' is not in list Defaulting to random move.
[2026-03-09 19:22:23,815][PokeRLEnv y6dpb][WARNING] - 'outrage' is not in list Defaulting to random move.
[2026-03-09 19:22:23,815][PokeRLEnv y6dpb][WARNING] - 'outrage' is not in list Defaulting to random move.
[2026-03-09 19:22:23,815][PokeRLEnv y6dpb][WARNING] - 'outrage' is not in list Defaulting to random move.
[2026-03-09 19:22:23,815][PokeRLEnv y6dpb][WARNING] - 'outrage' is not in list Defaulting to random move.
[2026-03-09 19:22:23,815][PokeRLEnv y6dpb][WARNING] - 'outrage' is not in list Defaulting to random move.
[2026-03-09 19:22:23,815][PokeRLEnv y6dpb][WARNING] - 'outrage' is not in list Defaulting to random move.
[2026-03-09 19:22:23,815][PokeRLEnv y6dpb][WARNING] - 'outrage' is not in list Defaulting to random move.
[2026-03-09 19:22:23,815][PokeRLEnv y6dpb][WARNING] - 'outrage' is not in list Defaulting to random move.
[2026-03-09 19:22:23,816][PokeRLEnv y6dpb][WARNING] - 'outrage' is not in list Defaulting to random move.
[2026-03-09 19:22:23,816][PokeRLEnv y6dpb][WARNING] - 'outrage' is not in list Defaulting to random move.
[2026-03-09 19:22:23,816][PokeRLEnv y6dpb][WARNING] - 'outrage' is not in list Defaulting to random move.
[2026-03-09 19:22:23,816][PokeRLEnv y6dpb][WARNING] - 'outrage' is not in list Defaulting to random move.
[2026-03-09 19:22:23,816][PokeRLEnv y6dpb][WARNING] - 'outrage' is not in list Defaulting to random move.
[2026-03-09 19:22:23,816][PokeRLEnv y6dpb][WARNING] - 'outrage' is not in list Defaulting to random move.
[2026-03-09 19:22:23,816][PokeRLEnv y6dpb][WARNING] - 'outrage' is not in list Defaulting to random move.
[2026-03-09 19:22:23,816][PokeRLEnv y6dpb][WARNING] - 'outrage' is not in list Defaulting to random move.
[2026-03-09 19:22:23,816][PokeRLEnv y6dpb][WARNING] - 'outrage' is not in list Defaulting to random move.
[2026-03-09 19:22:23,816][PokeRLEnv y6dpb][WARNING] - 'outrage' is not in list Defaulting to random move.
[2026-03-09 19:22:23,817][PokeRLEnv y6dpb][WARNING] - 'outrage' is not in list Defaulting to random move.
[2026-03-09 19:22:23,817][PokeRLEnv y6dpb][WARNING] - 'outrage' is not in list Defaulting to random move.
[2026-03-09 19:22:23,817][PokeRLEnv y6dpb][WARNING] - 'outrage' is not in list Defaulting to random move.
[2026-03-09 19:22:23,817][PokeRLEnv y6dpb][WARNING] - 'outrage' is not in list Defaulting to random move.
[2026-03-09 19:22:23,817][PokeRLEnv y6dpb][WARNING] - 'outrage' is not in list Defaulting to random move.
[2026-03-09 19:22:23,817][PokeRLEnv y6dpb][WARNING] - 'outrage' is not in list Defaulting to random move.
[2026-03-09 19:22:23,817][PokeRLEnv y6dpb][WARNING] - 'outrage' is not in list Defaulting to random move.
[2026-03-09 19:22:23,817][PokeRLEnv y6dpb][WARNING] - 'outrage' is not in list Defaulting to random move.
[2026-03-09 19:22:23,817][PokeRLEnv y6dpb][WARNING] - 'outrage' is not in list Defaulting to random move.
[2026-03-09 19:22:23,817][PokeRLEnv y6dpb][WARNING] - 'outrage' is not in list Defaulting to random move.
[2026-03-09 19:22:23,818][PokeRLEnv y6dpb][WARNING] - 'outrage' is not in list Defaulting to random move.
[2026-03-09 19:22:23,818][PokeRLEnv y6dpb][WARNING] - 'outrage' is not in list Defaulting to random move.
[2026-03-09 19:22:23,818][PokeRLEnv y6dpb][WARNING] - 'outrage' is not in list Defaulting to random move.
[2026-03-09 19:22:23,818][PokeRLEnv y6dpb][WARNING] - 'outrage' is not in list Defaulting to random move.
[2026-03-09 19:22:23,818][PokeRLEnv y6dpb][WARNING] - 'outrage' is not in list Defaulting to random move.
[2026-03-09 19:22:23,818][PokeRLEnv y6dpb][WARNING] - 'outrage' is not in list Defaulting to random move.
[2026-03-09 19:22:23,818][PokeRLEnv y6dpb][WARNING] - 'outrage' is not in list Defaulting to random move.
[2026-03-09 19:22:23,818][PokeRLEnv y6dpb][WARNING] - 'outrage' is not in list Defaulting to random move.
[2026-03-09 19:22:23,818][PokeRLEnv y6dpb][WARNING] - 'outrage' is not in list Defaulting to random move.
[2026-03-09 19:22:23,818][PokeRLEnv y6dpb][WARNING] - 'outrage' is not in list Defaulting to random move.
[2026-03-09 19:22:23,818][PokeRLEnv y6dpb][WARNING] - 'outrage' is not in list Defaulting to random move.
[2026-03-09 19:22:23,819][PokeRLEnv y6dpb][WARNING] - 'outrage' is not in list Defaulting to random move.
[2026-03-09 19:22:23,819][PokeRLEnv y6dpb][WARNING] - 'outrage' is not in list Defaulting to random move.
[2026-03-09 19:22:23,819][PokeRLEnv y6dpb][WARNING] - 'outrage' is not in list Defaulting to random move.
[2026-03-09 19:22:23,819][PokeRLEnv y6dpb][WARNING] - 'outrage' is not in list Defaulting to random move.
[2026-03-09 19:22:23,819][PokeRLEnv y6dpb][WARNING] - 'outrage' is not in list Defaulting to random move.
[2026-03-09 19:22:23,819][PokeRLEnv y6dpb][WARNING] - 'outrage' is not in list Defaulting to random move.
[2026-03-09 19:22:23,819][PokeRLEnv y6dpb][WARNING] - 'outrage' is not in list Defaulting to random move.
[2026-03-09 19:22:23,819][PokeRLEnv y6dpb][WARNING] - 'outrage' is not in list Defaulting to random move.
[2026-03-09 19:22:23,819][PokeRLEnv y6dpb][WARNING] - 'outrage' is not in list Defaulting to random move.
[2026-03-09 19:22:23,819][PokeRLEnv y6dpb][WARNING] - 'outrage' is not in list Defaulting to random move.
[2026-03-09 19:22:23,819][PokeRLEnv y6dpb][WARNING] - 'outrage' is not in list Defaulting to random move.
[2026-03-09 19:22:23,820][PokeRLEnv y6dpb][WARNING] - 'outrage' is not in list Defaulting to random move.
[2026-03-09 19:22:23,820][PokeRLEnv y6dpb][WARNING] - 'outrage' is not in list Defaulting to random move.
[2026-03-09 19:22:23,820][PokeRLEnv y6dpb][WARNING] - 'outrage' is not in list Defaulting to random move.
[2026-03-09 19:22:23,820][PokeRLEnv y6dpb][WARNING] - 'outrage' is not in list Defaulting to random move.
[2026-03-09 19:22:23,820][PokeRLEnv y6dpb][WARNING] - 'outrage' is not in list Defaulting to random move.
[2026-03-09 19:22:23,820][PokeRLEnv y6dpb][WARNING] - 'outrage' is not in list Defaulting to random move.
[2026-03-09 19:22:23,820][PokeRLEnv y6dpb][WARNING] - 'outrage' is not in list Defaulting to random move.
[2026-03-09 19:22:23,820][PokeRLEnv y6dpb][WARNING] - 'outrage' is not in list Defaulting to random move.
[2026-03-09 19:22:23,820][PokeRLEnv y6dpb][WARNING] - 'outrage' is not in list Defaulting to random move.
[2026-03-09 19:22:23,820][PokeRLEnv y6dpb][WARNING] - 'outrage' is not in list Defaulting to random move.
[2026-03-09 19:22:23,820][PokeRLEnv y6dpb][WARNING] - 'outrage' is not in list Defaulting to random move.
[2026-03-09 19:22:23,821][PokeRLEnv y6dpb][WARNING] - 'outrage' is not in list Defaulting to random move.
[2026-03-09 19:22:23,821][PokeRLEnv y6dpb][WARNING] - 'outrage' is not in list Defaulting to random move.
[2026-03-09 19:22:23,821][PokeRLEnv y6dpb][WARNING] - 'outrage' is not in list Defaulting to random move.
[2026-03-09 19:22:23,821][PokeRLEnv y6dpb][WARNING] - 'outrage' is not in list Defaulting to random move.
[2026-03-09 19:22:23,821][PokeRLEnv y6dpb][WARNING] - 'outrage' is not in list Defaulting to random move.
[2026-03-09 19:22:23,821][PokeRLEnv y6dpb][WARNING] - 'outrage' is not in list Defaulting to random move.
[2026-03-09 19:22:23,821][PokeRLEnv y6dpb][WARNING] - 'outrage' is not in list Defaulting to random move.
[2026-03-09 19:22:23,821][PokeRLEnv y6dpb][WARNING] - 'outrage' is not in list Defaulting to random move.
[2026-03-09 19:22:23,821][PokeRLEnv y6dpb][WARNING] - 'outrage' is not in list Defaulting to random move.
[2026-03-09 19:22:23,822][PokeRLEnv y6dpb][WARNING] - 'outrage' is not in list Defaulting to random move.
[2026-03-09 19:22:23,822][PokeRLEnv y6dpb][WARNING] - 'outrage' is not in list Defaulting to random move.
[2026-03-09 19:22:23,822][PokeRLEnv y6dpb][WARNING] - 'outrage' is not in list Defaulting to random move.
[2026-03-09 19:22:23,822][PokeRLEnv y6dpb][WARNING] - 'outrage' is not in list Defaulting to random move.
[2026-03-09 19:22:23,822][PokeRLEnv y6dpb][WARNING] - 'outrage' is not in list Defaulting to random move.
[2026-03-09 19:22:23,822][PokeRLEnv y6dpb][WARNING] - 'outrage' is not in list Defaulting to random move.
[2026-03-09 19:22:23,822][PokeRLEnv y6dpb][WARNING] - 'outrage' is not in list Defaulting to random move.
[2026-03-09 19:22:23,822][PokeRLEnv y6dpb][WARNING] - 'outrage' is not in list Defaulting to random move.
[2026-03-09 19:22:23,822][PokeRLEnv y6dpb][WARNING] - 'outrage' is not in list Defaulting to random move.
[2026-03-09 19:22:23,822][PokeRLEnv y6dpb][WARNING] - 'outrage' is not in list Defaulting to random move.
[2026-03-09 19:22:23,823][PokeRLEnv y6dpb][WARNING] - 'outrage' is not in list Defaulting to random move.
[2026-03-09 19:22:23,823][PokeRLEnv y6dpb][WARNING] - 'outrage' is not in list Defaulting to random move.
[2026-03-09 19:22:23,823][PokeRLEnv y6dpb][WARNING] - 'outrage' is not in list Defaulting to random move.
[2026-03-09 19:22:23,823][PokeRLEnv y6dpb][WARNING] - 'outrage' is not in list Defaulting to random move.
[2026-03-09 19:22:23,823][PokeRLEnv y6dpb][WARNING] - 'outrage' is not in list Defaulting to random move.
[2026-03-09 19:22:23,823][PokeRLEnv y6dpb][WARNING] - 'outrage' is not in list Defaulting to random move.
[2026-03-09 19:22:23,823][PokeRLEnv y6dpb][WARNING] - 'outrage' is not in list Defaulting to random move.
[2026-03-09 19:22:23,823][PokeRLEnv y6dpb][WARNING] - 'outrage' is not in list Defaulting to random move.
[2026-03-09 19:22:23,823][PokeRLEnv y6dpb][WARNING] - 'outrage' is not in list Defaulting to random move.
[2026-03-09 19:22:23,824][PokeRLEnv y6dpb][WARNING] - 'outrage' is not in list Defaulting to random move.
[2026-03-09 19:22:23,824][PokeRLEnv y6dpb][WARNING] - 'outrage' is not in list Defaulting to random move.
[2026-03-09 19:22:23,824][PokeRLEnv y6dpb][WARNING] - 'outrage' is not in list Defaulting to random move.
[2026-03-09 19:22:23,824][PokeRLEnv y6dpb][WARNING] - 'outrage' is not in list Defaulting to random move.
[2026-03-09 19:22:23,824][PokeRLEnv y6dpb][WARNING] - 'outrage' is not in list Defaulting to random move.
[2026-03-09 19:22:23,824][PokeRLEnv y6dpb][WARNING] - 'outrage' is not in list Defaulting to random move.
[2026-03-09 19:22:23,824][PokeRLEnv y6dpb][WARNING] - 'outrage' is not in list Defaulting to random move.
[2026-03-09 19:22:23,824][PokeRLEnv y6dpb][WARNING] - 'outrage' is not in list Defaulting to random move.
[2026-03-09 19:22:23,825][PokeRLEnv y6dpb][WARNING] - 'outrage' is not in list Defaulting to random move.
[2026-03-09 19:22:23,825][PokeRLEnv y6dpb][WARNING] - 'outrage' is not in list Defaulting to random move.
[2026-03-09 19:22:23,825][PokeRLEnv y6dpb][WARNING] - 'outrage' is not in list Defaulting to random move.
[2026-03-09 19:22:23,825][PokeRLEnv y6dpb][WARNING] - 'outrage' is not in list Defaulting to random move.
[2026-03-09 19:22:23,825][PokeRLEnv y6dpb][WARNING] - 'outrage' is not in list Defaulting to random move.
[2026-03-09 19:22:23,825][PokeRLEnv y6dpb][WARNING] - 'outrage' is not in list Defaulting to random move.
[2026-03-09 19:22:23,825][PokeRLEnv y6dpb][WARNING] - 'outrage' is not in list Defaulting to random move.
[2026-03-09 19:22:23,825][PokeRLEnv y6dpb][WARNING] - 'outrage' is not in list Defaulting to random move.
[2026-03-09 19:22:23,825][PokeRLEnv y6dpb][WARNING] - 'outrage' is not in list Defaulting to random move.
[2026-03-09 19:22:23,826][PokeRLEnv y6dpb][WARNING] - 'outrage' is not in list Defaulting to random move.
[2026-03-09 19:22:23,826][PokeRLEnv y6dpb][WARNING] - 'outrage' is not in list Defaulting to random move.
[2026-03-09 19:22:23,826][PokeRLEnv y6dpb][WARNING] - 'outrage' is not in list Defaulting to random move.
[2026-03-09 19:22:23,826][PokeRLEnv y6dpb][WARNING] - 'outrage' is not in list Defaulting to random move.
[2026-03-09 19:22:23,826][PokeRLEnv y6dpb][WARNING] - 'outrage' is not in list Defaulting to random move.
[2026-03-09 19:22:23,826][PokeRLEnv y6dpb][WARNING] - 'outrage' is not in list Defaulting to random move.
[2026-03-09 19:22:23,826][PokeRLEnv y6dpb][WARNING] - 'outrage' is not in list Defaulting to random move.
[2026-03-09 19:22:23,826][PokeRLEnv y6dpb][WARNING] - 'outrage' is not in list Defaulting to random move.
[2026-03-09 19:22:23,826][PokeRLEnv y6dpb][WARNING] - 'outrage' is not in list Defaulting to random move.
[2026-03-09 19:22:23,826][PokeRLEnv y6dpb][WARNING] - 'outrage' is not in list Defaulting to random move.
[2026-03-09 19:22:23,826][PokeRLEnv y6dpb][WARNING] - 'outrage' is not in list Defaulting to random move.
[2026-03-09 19:22:23,827][PokeRLEnv y6dpb][WARNING] - 'outrage' is not in list Defaulting to random move.
[2026-03-09 19:22:23,827][PokeRLEnv y6dpb][WARNING] - 'outrage' is not in list Defaulting to random move.
[2026-03-09 19:22:23,827][PokeRLEnv y6dpb][WARNING] - 'outrage' is not in list Defaulting to random move.
[2026-03-09 19:22:23,827][PokeRLEnv y6dpb][WARNING] - 'outrage' is not in list Defaulting to random move.
[2026-03-09 19:22:23,827][PokeRLEnv y6dpb][WARNING] - 'outrage' is not in list Defaulting to random move.
[2026-03-09 19:22:23,827][PokeRLEnv y6dpb][WARNING] - 'outrage' is not in list Defaulting to random move.
[2026-03-09 19:22:23,827][PokeRLEnv y6dpb][WARNING] - 'outrage' is not in list Defaulting to random move.
[2026-03-09 19:22:23,827][PokeRLEnv y6dpb][WARNING] - 'outrage' is not in list Defaulting to random move.
[2026-03-09 19:22:23,827][PokeRLEnv y6dpb][WARNING] - 'outrage' is not in list Defaulting to random move.
[2026-03-09 19:22:23,827][PokeRLEnv y6dpb][WARNING] - 'outrage' is not in list Defaulting to random move.
[2026-03-09 19:22:23,827][PokeRLEnv y6dpb][WARNING] - 'outrage' is not in list Defaulting to random move.
[2026-03-09 19:22:23,828][PokeRLEnv y6dpb][WARNING] - 'outrage' is not in list Defaulting to random move.
[2026-03-09 19:22:23,828][PokeRLEnv y6dpb][WARNING] - 'outrage' is not in list Defaulting to random move.
[2026-03-09 19:22:23,828][PokeRLEnv y6dpb][WARNING] - 'outrage' is not in list Defaulting to random move.
[2026-03-09 19:22:23,828][PokeRLEnv y6dpb][WARNING] - 'outrage' is not in list Defaulting to random move.
[2026-03-09 19:22:23,828][PokeRLEnv y6dpb][WARNING] - 'outrage' is not in list Defaulting to random move.
[2026-03-09 19:22:23,828][PokeRLEnv y6dpb][WARNING] - 'outrage' is not in list Defaulting to random move.
[2026-03-09 19:22:23,828][PokeRLEnv y6dpb][WARNING] - 'outrage' is not in list Defaulting to random move.
[2026-03-09 19:22:23,828][PokeRLEnv y6dpb][WARNING] - 'outrage' is not in list Defaulting to random move.
[2026-03-09 19:22:23,828][PokeRLEnv y6dpb][WARNING] - 'outrage' is not in list Defaulting to random move.
[2026-03-09 19:22:23,828][PokeRLEnv y6dpb][WARNING] - 'outrage' is not in list Defaulting to random move.
[2026-03-09 19:22:23,828][PokeRLEnv y6dpb][WARNING] - 'outrage' is not in list Defaulting to random move.
[2026-03-09 19:22:23,828][PokeRLEnv y6dpb][WARNING] - 'outrage' is not in list Defaulting to random move.
[2026-03-09 19:22:23,829][PokeRLEnv y6dpb][WARNING] - 'outrage' is not in list Defaulting to random move.
[2026-03-09 19:22:23,829][PokeRLEnv y6dpb][WARNING] - 'outrage' is not in list Defaulting to random move.
[2026-03-09 19:22:23,829][PokeRLEnv y6dpb][WARNING] - 'outrage' is not in list Defaulting to random move.
[2026-03-09 19:22:23,829][PokeRLEnv y6dpb][WARNING] - 'outrage' is not in list Defaulting to random move.
[2026-03-09 19:22:23,829][PokeRLEnv y6dpb][WARNING] - 'outrage' is not in list Defaulting to random move.
[2026-03-09 19:22:23,829][PokeRLEnv y6dpb][WARNING] - 'outrage' is not in list Defaulting to random move.
[2026-03-09 19:22:23,829][PokeRLEnv y6dpb][WARNING] - 'outrage' is not in list Defaulting to random move.
[2026-03-09 19:22:23,829][PokeRLEnv y6dpb][WARNING] - 'outrage' is not in list Defaulting to random move.
[2026-03-09 19:22:23,829][PokeRLEnv y6dpb][WARNING] - 'outrage' is not in list Defaulting to random move.
[2026-03-09 19:22:23,829][PokeRLEnv y6dpb][WARNING] - 'outrage' is not in list Defaulting to random move.
[2026-03-09 19:22:23,829][PokeRLEnv y6dpb][WARNING] - 'outrage' is not in list Defaulting to random move.
[2026-03-09 19:22:23,830][PokeRLEnv y6dpb][WARNING] - 'outrage' is not in list Defaulting to random move.
[2026-03-09 19:22:23,830][PokeRLEnv y6dpb][WARNING] - 'outrage' is not in list Defaulting to random move.
[2026-03-09 19:22:23,830][PokeRLEnv y6dpb][WARNING] - 'outrage' is not in list Defaulting to random move.
[2026-03-09 19:22:23,830][PokeRLEnv y6dpb][WARNING] - 'outrage' is not in list Defaulting to random move.
[2026-03-09 19:22:23,830][PokeRLEnv y6dpb][WARNING] - 'outrage' is not in list Defaulting to random move.
[2026-03-09 19:22:23,830][PokeRLEnv y6dpb][WARNING] - 'outrage' is not in list Defaulting to random move.
[2026-03-09 19:22:23,830][PokeRLEnv y6dpb][WARNING] - 'outrage' is not in list Defaulting to random move.
[2026-03-09 19:22:23,830][PokeRLEnv y6dpb][WARNING] - 'outrage' is not in list Defaulting to random move.
[2026-03-09 19:22:23,830][PokeRLEnv y6dpb][WARNING] - 'outrage' is not in list Defaulting to random move.
[2026-03-09 19:22:23,830][PokeRLEnv y6dpb][WARNING] - 'outrage' is not in list Defaulting to random move.
[2026-03-09 19:22:23,831][PokeRLEnv y6dpb][WARNING] - 'outrage' is not in list Defaulting to random move.
[2026-03-09 19:22:23,831][PokeRLEnv y6dpb][WARNING] - 'outrage' is not in list Defaulting to random move.
[2026-03-09 19:22:23,831][PokeRLEnv y6dpb][WARNING] - 'outrage' is not in list Defaulting to random move.
[2026-03-09 19:22:23,831][PokeRLEnv y6dpb][WARNING] - 'outrage' is not in list Defaulting to random move.
[2026-03-09 19:22:23,831][PokeRLEnv y6dpb][WARNING] - 'outrage' is not in list Defaulting to random move.
[2026-03-09 19:22:23,831][PokeRLEnv y6dpb][WARNING] - 'outrage' is not in list Defaulting to random move.
[2026-03-09 19:22:23,831][PokeRLEnv y6dpb][WARNING] - 'outrage' is not in list Defaulting to random move.
[2026-03-09 19:22:23,831][PokeRLEnv y6dpb][WARNING] - 'outrage' is not in list Defaulting to random move.
[2026-03-09 19:22:23,832][PokeRLEnv y6dpb][WARNING] - 'outrage' is not in list Defaulting to random move.
[2026-03-09 19:22:23,832][PokeRLEnv y6dpb][WARNING] - 'outrage' is not in list Defaulting to random move.
[2026-03-09 19:22:23,832][PokeRLEnv y6dpb][WARNING] - 'outrage' is not in list Defaulting to random move.
[2026-03-09 19:22:23,832][PokeRLEnv y6dpb][WARNING] - 'outrage' is not in list Defaulting to random move.
[2026-03-09 19:22:23,832][PokeRLEnv y6dpb][WARNING] - 'outrage' is not in list Defaulting to random move.
[2026-03-09 19:22:23,832][PokeRLEnv y6dpb][WARNING] - 'outrage' is not in list Defaulting to random move.
[2026-03-09 19:22:23,832][PokeRLEnv y6dpb][WARNING] - 'outrage' is not in list Defaulting to random move.
[2026-03-09 19:22:23,832][PokeRLEnv y6dpb][WARNING] - 'outrage' is not in list Defaulting to random move.
[2026-03-09 19:22:23,832][PokeRLEnv y6dpb][WARNING] - 'outrage' is not in list Defaulting to random move.
[2026-03-09 19:22:23,832][PokeRLEnv y6dpb][WARNING] - 'outrage' is not in list Defaulting to random move.
[2026-03-09 19:22:23,833][PokeRLEnv y6dpb][WARNING] - 'outrage' is not in list Defaulting to random move.
[2026-03-09 19:22:23,833][PokeRLEnv y6dpb][WARNING] - 'outrage' is not in list Defaulting to random move.
[2026-03-09 19:22:23,833][PokeRLEnv y6dpb][WARNING] - 'outrage' is not in list Defaulting to random move.
[2026-03-09 19:22:23,833][PokeRLEnv y6dpb][WARNING] - 'outrage' is not in list Defaulting to random move.
[2026-03-09 19:22:23,833][PokeRLEnv y6dpb][WARNING] - 'outrage' is not in list Defaulting to random move.
[2026-03-09 19:22:23,833][PokeRLEnv y6dpb][WARNING] - 'outrage' is not in list Defaulting to random move.
[2026-03-09 19:22:23,833][PokeRLEnv y6dpb][WARNING] - 'outrage' is not in list Defaulting to random move.
[2026-03-09 19:22:23,833][PokeRLEnv y6dpb][WARNING] - 'outrage' is not in list Defaulting to random move.
[2026-03-09 19:22:23,833][PokeRLEnv y6dpb][WARNING] - 'outrage' is not in list Defaulting to random move.
[2026-03-09 19:22:23,833][PokeRLEnv y6dpb][WARNING] - 'outrage' is not in list Defaulting to random move.
[2026-03-09 19:22:23,833][PokeRLEnv y6dpb][WARNING] - 'outrage' is not in list Defaulting to random move.
[2026-03-09 19:22:23,834][PokeRLEnv y6dpb][WARNING] - 'outrage' is not in list Defaulting to random move.
[2026-03-09 19:22:23,834][PokeRLEnv y6dpb][WARNING] - 'outrage' is not in list Defaulting to random move.
[2026-03-09 19:22:23,834][PokeRLEnv y6dpb][WARNING] - 'outrage' is not in list Defaulting to random move.
[2026-03-09 19:22:23,834][PokeRLEnv y6dpb][WARNING] - 'outrage' is not in list Defaulting to random move.
[2026-03-09 19:22:23,834][PokeRLEnv y6dpb][WARNING] - 'outrage' is not in list Defaulting to random move.
[2026-03-09 19:22:23,834][PokeRLEnv y6dpb][WARNING] - 'outrage' is not in list Defaulting to random move.
[2026-03-09 19:22:23,834][PokeRLEnv y6dpb][WARNING] - 'outrage' is not in list Defaulting to random move.
[2026-03-09 19:22:23,834][PokeRLEnv y6dpb][WARNING] - 'outrage' is not in list Defaulting to random move.
[2026-03-09 19:22:23,834][PokeRLEnv y6dpb][WARNING] - 'outrage' is not in list Defaulting to random move.
[2026-03-09 19:22:23,834][PokeRLEnv y6dpb][WARNING] - 'outrage' is not in list Defaulting to random move.
[2026-03-09 19:22:23,834][PokeRLEnv y6dpb][WARNING] - 'outrage' is not in list Defaulting to random move.
[2026-03-09 19:22:23,835][PokeRLEnv y6dpb][WARNING] - 'outrage' is not in list Defaulting to random move.
[2026-03-09 19:22:23,835][PokeRLEnv y6dpb][WARNING] - 'outrage' is not in list Defaulting to random move.
[2026-03-09 19:22:23,835][PokeRLEnv y6dpb][WARNING] - 'outrage' is not in list Defaulting to random move.
[2026-03-09 19:22:23,835][PokeRLEnv y6dpb][WARNING] - 'outrage' is not in list Defaulting to random move.
[2026-03-09 19:22:23,835][PokeRLEnv y6dpb][WARNING] - 'outrage' is not in list Defaulting to random move.
[2026-03-09 19:22:23,835][PokeRLEnv y6dpb][WARNING] - 'outrage' is not in list Defaulting to random move.
[2026-03-09 19:22:23,835][PokeRLEnv y6dpb][WARNING] - 'outrage' is not in list Defaulting to random move.
[2026-03-09 19:22:23,835][PokeRLEnv y6dpb][WARNING] - 'outrage' is not in list Defaulting to random move.
[2026-03-09 19:22:23,835][PokeRLEnv y6dpb][WARNING] - 'outrage' is not in list Defaulting to random move.
[2026-03-09 19:22:23,835][PokeRLEnv y6dpb][WARNING] - 'outrage' is not in list Defaulting to random move.
[2026-03-09 19:22:23,836][PokeRLEnv y6dpb][WARNING] - 'outrage' is not in list Defaulting to random move.
[2026-03-09 19:22:23,836][PokeRLEnv y6dpb][WARNING] - 'outrage' is not in list Defaulting to random move.
[2026-03-09 19:22:23,836][PokeRLEnv y6dpb][WARNING] - 'outrage' is not in list Defaulting to random move.
[2026-03-09 19:22:23,836][PokeRLEnv y6dpb][WARNING] - 'outrage' is not in list Defaulting to random move.
[2026-03-09 19:22:23,836][PokeRLEnv y6dpb][WARNING] - 'outrage' is not in list Defaulting to random move.
[2026-03-09 19:22:23,836][PokeRLEnv y6dpb][WARNING] - 'outrage' is not in list Defaulting to random move.
[2026-03-09 19:22:23,836][PokeRLEnv y6dpb][WARNING] - 'outrage' is not in list Defaulting to random move.
[2026-03-09 19:22:23,836][PokeRLEnv y6dpb][WARNING] - 'outrage' is not in list Defaulting to random move.
[2026-03-09 19:22:23,836][PokeRLEnv y6dpb][WARNING] - 'outrage' is not in list Defaulting to random move.
[2026-03-09 19:22:23,836][PokeRLEnv y6dpb][WARNING] - 'outrage' is not in list Defaulting to random move.
[2026-03-09 19:22:23,837][PokeRLEnv y6dpb][WARNING] - 'outrage' is not in list Defaulting to random move.
[2026-03-09 19:22:23,837][PokeRLEnv y6dpb][WARNING] - 'outrage' is not in list Defaulting to random move.
[2026-03-09 19:22:23,837][PokeRLEnv y6dpb][WARNING] - 'outrage' is not in list Defaulting to random move.
[2026-03-09 19:22:23,837][PokeRLEnv y6dpb][WARNING] - 'outrage' is not in list Defaulting to random move.
[2026-03-09 19:22:23,837][PokeRLEnv y6dpb][WARNING] - 'outrage' is not in list Defaulting to random move.
[2026-03-09 19:22:23,837][PokeRLEnv y6dpb][WARNING] - 'outrage' is not in list Defaulting to random move.
[2026-03-09 19:22:23,837][PokeRLEnv y6dpb][WARNING] - 'outrage' is not in list Defaulting to random move.
[2026-03-09 19:22:23,837][PokeRLEnv y6dpb][WARNING] - 'outrage' is not in list Defaulting to random move.
[2026-03-09 19:22:23,837][PokeRLEnv y6dpb][WARNING] - 'outrage' is not in list Defaulting to random move.
[2026-03-09 19:22:23,837][PokeRLEnv y6dpb][WARNING] - 'outrage' is not in list Defaulting to random move.
[2026-03-09 19:22:23,838][PokeRLEnv y6dpb][WARNING] - 'outrage' is not in list Defaulting to random move.
[2026-03-09 19:22:23,838][PokeRLEnv y6dpb][WARNING] - 'outrage' is not in list Defaulting to random move.
[2026-03-09 19:22:23,838][PokeRLEnv y6dpb][WARNING] - 'outrage' is not in list Defaulting to random move.
[2026-03-09 19:22:23,838][PokeRLEnv y6dpb][WARNING] - 'outrage' is not in list Defaulting to random move.
[2026-03-09 19:22:23,838][PokeRLEnv y6dpb][WARNING] - 'outrage' is not in list Defaulting to random move.
[2026-03-09 19:22:23,838][PokeRLEnv y6dpb][WARNING] - 'outrage' is not in list Defaulting to random move.
[2026-03-09 19:22:23,838][PokeRLEnv y6dpb][WARNING] - 'outrage' is not in list Defaulting to random move.
[2026-03-09 19:22:23,838][PokeRLEnv y6dpb][WARNING] - 'outrage' is not in list Defaulting to random move.
[2026-03-09 19:22:23,838][PokeRLEnv y6dpb][WARNING] - 'outrage' is not in list Defaulting to random move.
[2026-03-09 19:22:23,838][PokeRLEnv y6dpb][WARNING] - 'outrage' is not in list Defaulting to random move.
[2026-03-09 19:22:23,839][PokeRLEnv y6dpb][WARNING] - 'outrage' is not in list Defaulting to random move.
[2026-03-09 19:22:23,839][PokeRLEnv y6dpb][WARNING] - 'outrage' is not in list Defaulting to random move.
[2026-03-09 19:22:23,839][PokeRLEnv y6dpb][WARNING] - 'outrage' is not in list Defaulting to random move.
[2026-03-09 19:22:23,839][PokeRLEnv y6dpb][WARNING] - 'outrage' is not in list Defaulting to random move.
[2026-03-09 19:22:23,839][PokeRLEnv y6dpb][WARNING] - 'outrage' is not in list Defaulting to random move.
[2026-03-09 19:22:23,839][PokeRLEnv y6dpb][WARNING] - 'outrage' is not in list Defaulting to random move.
[2026-03-09 19:22:23,839][PokeRLEnv y6dpb][WARNING] - 'outrage' is not in list Defaulting to random move.
[2026-03-09 19:22:23,839][PokeRLEnv y6dpb][WARNING] - 'outrage' is not in list Defaulting to random move.
[2026-03-09 19:22:23,839][PokeRLEnv y6dpb][WARNING] - 'outrage' is not in list Defaulting to random move.
[2026-03-09 19:22:23,839][PokeRLEnv y6dpb][WARNING] - 'outrage' is not in list Defaulting to random move.
[2026-03-09 19:22:23,839][PokeRLEnv y6dpb][WARNING] - 'outrage' is not in list Defaulting to random move.
[2026-03-09 19:22:23,840][PokeRLEnv y6dpb][WARNING] - 'outrage' is not in list Defaulting to random move.
[2026-03-09 19:22:23,840][PokeRLEnv y6dpb][WARNING] - 'outrage' is not in list Defaulting to random move.
[2026-03-09 19:22:23,840][PokeRLEnv y6dpb][WARNING] - 'outrage' is not in list Defaulting to random move.
[2026-03-09 19:22:23,840][PokeRLEnv y6dpb][WARNING] - 'outrage' is not in list Defaulting to random move.
[2026-03-09 19:22:23,840][PokeRLEnv y6dpb][WARNING] - 'outrage' is not in list Defaulting to random move.
[2026-03-09 19:22:23,840][PokeRLEnv y6dpb][WARNING] - 'outrage' is not in list Defaulting to random move.
[2026-03-09 19:22:23,840][PokeRLEnv y6dpb][WARNING] - 'outrage' is not in list Defaulting to random move.
[2026-03-09 19:22:23,840][PokeRLEnv y6dpb][WARNING] - 'outrage' is not in list Defaulting to random move.
[2026-03-09 19:22:23,840][PokeRLEnv y6dpb][WARNING] - 'outrage' is not in list Defaulting to random move.
[2026-03-09 19:22:23,840][PokeRLEnv y6dpb][WARNING] - 'outrage' is not in list Defaulting to random move.
[2026-03-09 19:22:23,841][PokeRLEnv y6dpb][WARNING] - 'outrage' is not in list Defaulting to random move.
[2026-03-09 19:22:23,841][PokeRLEnv y6dpb][WARNING] - 'outrage' is not in list Defaulting to random move.
[2026-03-09 19:22:23,841][PokeRLEnv y6dpb][WARNING] - 'outrage' is not in list Defaulting to random move.
[2026-03-09 19:22:23,841][PokeRLEnv y6dpb][WARNING] - 'outrage' is not in list Defaulting to random move.
[2026-03-09 19:22:23,841][PokeRLEnv y6dpb][WARNING] - 'outrage' is not in list Defaulting to random move.
[2026-03-09 19:22:23,841][PokeRLEnv y6dpb][WARNING] - 'outrage' is not in list Defaulting to random move.
[2026-03-09 19:22:23,841][PokeRLEnv y6dpb][WARNING] - 'outrage' is not in list Defaulting to random move.
[2026-03-09 19:22:23,842][PokeRLEnv y6dpb][WARNING] - 'outrage' is not in list Defaulting to random move.
[2026-03-09 19:22:23,842][PokeRLEnv y6dpb][WARNING] - 'outrage' is not in list Defaulting to random move.
[2026-03-09 19:22:23,842][PokeRLEnv y6dpb][WARNING] - 'outrage' is not in list Defaulting to random move.
[2026-03-09 19:22:23,842][PokeRLEnv y6dpb][WARNING] - 'outrage' is not in list Defaulting to random move.
[2026-03-09 19:22:23,842][PokeRLEnv y6dpb][WARNING] - 'outrage' is not in list Defaulting to random move.
[2026-03-09 19:22:23,842][PokeRLEnv y6dpb][WARNING] - 'outrage' is not in list Defaulting to random move.
[2026-03-09 19:22:23,842][PokeRLEnv y6dpb][WARNING] - 'outrage' is not in list Defaulting to random move.
[2026-03-09 19:22:23,842][PokeRLEnv y6dpb][WARNING] - 'outrage' is not in list Defaulting to random move.
[2026-03-09 19:22:23,843][PokeRLEnv y6dpb][WARNING] - 'outrage' is not in list Defaulting to random move.
[2026-03-09 19:22:23,843][PokeRLEnv y6dpb][WARNING] - 'outrage' is not in list Defaulting to random move.
[2026-03-09 19:22:23,843][PokeRLEnv y6dpb][WARNING] - 'outrage' is not in list Defaulting to random move.
[2026-03-09 19:22:23,843][PokeRLEnv y6dpb][WARNING] - 'outrage' is not in list Defaulting to random move.
[2026-03-09 19:22:23,843][PokeRLEnv y6dpb][WARNING] - 'outrage' is not in list Defaulting to random move.
[2026-03-09 19:22:23,843][PokeRLEnv y6dpb][WARNING] - 'outrage' is not in list Defaulting to random move.
[2026-03-09 19:22:23,843][PokeRLEnv y6dpb][WARNING] - 'outrage' is not in list Defaulting to random move.
[2026-03-09 19:22:23,843][PokeRLEnv y6dpb][WARNING] - 'outrage' is not in list Defaulting to random move.
[2026-03-09 19:22:23,843][PokeRLEnv y6dpb][WARNING] - 'outrage' is not in list Defaulting to random move.
[2026-03-09 19:22:23,843][PokeRLEnv y6dpb][WARNING] - 'outrage' is not in list Defaulting to random move.
[2026-03-09 19:22:23,844][PokeRLEnv y6dpb][WARNING] - 'outrage' is not in list Defaulting to random move.
[2026-03-09 19:22:23,844][PokeRLEnv y6dpb][WARNING] - 'outrage' is not in list Defaulting to random move.
[2026-03-09 19:22:23,844][PokeRLEnv y6dpb][WARNING] - 'outrage' is not in list Defaulting to random move.
[2026-03-09 19:22:23,844][PokeRLEnv y6dpb][WARNING] - 'outrage' is not in list Defaulting to random move.
[2026-03-09 19:22:23,844][PokeRLEnv y6dpb][WARNING] - 'outrage' is not in list Defaulting to random move.
[2026-03-09 19:22:23,844][PokeRLEnv y6dpb][WARNING] - 'outrage' is not in list Defaulting to random move.
[2026-03-09 19:22:23,844][PokeRLEnv y6dpb][WARNING] - 'outrage' is not in list Defaulting to random move.
[2026-03-09 19:22:23,844][PokeRLEnv y6dpb][WARNING] - 'outrage' is not in list Defaulting to random move.
[2026-03-09 19:22:23,844][PokeRLEnv y6dpb][WARNING] - 'outrage' is not in list Defaulting to random move.
[2026-03-09 19:22:23,844][PokeRLEnv y6dpb][WARNING] - 'outrage' is not in list Defaulting to random move.
[2026-03-09 19:22:23,844][PokeRLEnv y6dpb][WARNING] - 'outrage' is not in list Defaulting to random move.
[2026-03-09 19:22:23,845][PokeRLEnv y6dpb][WARNING] - 'outrage' is not in list Defaulting to random move.
[2026-03-09 19:22:23,845][PokeRLEnv y6dpb][WARNING] - 'outrage' is not in list Defaulting to random move.
[2026-03-09 19:22:23,845][PokeRLEnv y6dpb][WARNING] - 'outrage' is not in list Defaulting to random move.
[2026-03-09 19:22:23,845][PokeRLEnv y6dpb][WARNING] - 'outrage' is not in list Defaulting to random move.
[2026-03-09 19:22:23,845][PokeRLEnv y6dpb][WARNING] - 'outrage' is not in list Defaulting to random move.
[2026-03-09 19:22:23,845][PokeRLEnv y6dpb][WARNING] - 'outrage' is not in list Defaulting to random move.
[2026-03-09 19:22:23,845][PokeRLEnv y6dpb][WARNING] - 'outrage' is not in list Defaulting to random move.
[2026-03-09 19:22:23,845][PokeRLEnv y6dpb][WARNING] - 'outrage' is not in list Defaulting to random move.
[2026-03-09 19:22:23,845][PokeRLEnv y6dpb][WARNING] - 'outrage' is not in list Defaulting to random move.
[2026-03-09 19:22:23,845][PokeRLEnv y6dpb][WARNING] - 'outrage' is not in list Defaulting to random move.
[2026-03-09 19:22:23,846][PokeRLEnv y6dpb][WARNING] - 'outrage' is not in list Defaulting to random move.
[2026-03-09 19:22:23,846][PokeRLEnv y6dpb][WARNING] - 'outrage' is not in list Defaulting to random move.
[2026-03-09 19:22:23,846][PokeRLEnv y6dpb][WARNING] - 'outrage' is not in list Defaulting to random move.
[2026-03-09 19:22:23,846][PokeRLEnv y6dpb][WARNING] - 'outrage' is not in list Defaulting to random move.
[2026-03-09 19:22:23,846][PokeRLEnv y6dpb][WARNING] - 'outrage' is not in list Defaulting to random move.
[2026-03-09 19:22:23,846][PokeRLEnv y6dpb][WARNING] - 'outrage' is not in list Defaulting to random move.
[2026-03-09 19:22:23,847][PokeRLEnv y6dpb][WARNING] - 'outrage' is not in list Defaulting to random move.
[2026-03-09 19:22:23,847][PokeRLEnv y6dpb][WARNING] - 'outrage' is not in list Defaulting to random move.
[2026-03-09 19:22:23,847][PokeRLEnv y6dpb][WARNING] - 'outrage' is not in list Defaulting to random move.
[2026-03-09 19:22:23,847][PokeRLEnv y6dpb][WARNING] - 'outrage' is not in list Defaulting to random move.
[2026-03-09 19:22:23,847][PokeRLEnv y6dpb][WARNING] - 'outrage' is not in list Defaulting to random move.
[2026-03-09 19:22:23,847][PokeRLEnv y6dpb][WARNING] - 'outrage' is not in list Defaulting to random move.
[2026-03-09 19:22:23,847][PokeRLEnv y6dpb][WARNING] - 'outrage' is not in list Defaulting to random move.
[2026-03-09 19:22:23,848][PokeRLEnv y6dpb][WARNING] - 'outrage' is not in list Defaulting to random move.
[2026-03-09 19:22:23,848][PokeRLEnv y6dpb][WARNING] - 'outrage' is not in list Defaulting to random move.
[2026-03-09 19:22:23,848][PokeRLEnv y6dpb][WARNING] - 'outrage' is not in list Defaulting to random move.
[2026-03-09 19:22:23,848][PokeRLEnv y6dpb][WARNING] - 'outrage' is not in list Defaulting to random move.
[2026-03-09 19:22:23,848][PokeRLEnv y6dpb][WARNING] - 'outrage' is not in list Defaulting to random move.
[2026-03-09 19:22:23,848][PokeRLEnv y6dpb][WARNING] - 'outrage' is not in list Defaulting to random move.
[2026-03-09 19:22:23,848][PokeRLEnv y6dpb][WARNING] - 'outrage' is not in list Defaulting to random move.
[2026-03-09 19:22:23,848][PokeRLEnv y6dpb][WARNING] - 'outrage' is not in list Defaulting to random move.
[2026-03-09 19:22:23,848][PokeRLEnv y6dpb][WARNING] - 'outrage' is not in list Defaulting to random move.
[2026-03-09 19:22:23,849][PokeRLEnv y6dpb][WARNING] - 'outrage' is not in list Defaulting to random move.
[2026-03-09 19:22:23,849][PokeRLEnv y6dpb][WARNING] - 'outrage' is not in list Defaulting to random move.
[2026-03-09 19:22:23,849][PokeRLEnv y6dpb][WARNING] - 'outrage' is not in list Defaulting to random move.
[2026-03-09 19:22:23,849][PokeRLEnv y6dpb][WARNING] - 'outrage' is not in list Defaulting to random move.
[2026-03-09 19:22:23,849][PokeRLEnv y6dpb][WARNING] - 'outrage' is not in list Defaulting to random move.
[2026-03-09 19:22:23,849][PokeRLEnv y6dpb][WARNING] - 'outrage' is not in list Defaulting to random move.
[2026-03-09 19:22:23,849][PokeRLEnv y6dpb][WARNING] - 'outrage' is not in list Defaulting to random move.
[2026-03-09 19:22:23,849][PokeRLEnv y6dpb][WARNING] - 'outrage' is not in list Defaulting to random move.
[2026-03-09 19:22:23,849][PokeRLEnv y6dpb][WARNING] - 'outrage' is not in list Defaulting to random move.
[2026-03-09 19:22:23,850][PokeRLEnv y6dpb][WARNING] - 'outrage' is not in list Defaulting to random move.
[2026-03-09 19:22:23,850][PokeRLEnv y6dpb][WARNING] - 'outrage' is not in list Defaulting to random move.
[2026-03-09 19:22:23,850][PokeRLEnv y6dpb][WARNING] - 'outrage' is not in list Defaulting to random move.
[2026-03-09 19:22:23,850][PokeRLEnv y6dpb][WARNING] - 'outrage' is not in list Defaulting to random move.
[2026-03-09 19:22:23,850][PokeRLEnv y6dpb][WARNING] - 'outrage' is not in list Defaulting to random move.
[2026-03-09 19:22:23,850][PokeRLEnv y6dpb][WARNING] - 'outrage' is not in list Defaulting to random move.
[2026-03-09 19:22:23,850][PokeRLEnv y6dpb][WARNING] - 'outrage' is not in list Defaulting to random move.
[2026-03-09 19:22:23,850][PokeRLEnv y6dpb][WARNING] - 'outrage' is not in list Defaulting to random move.
[2026-03-09 19:22:23,850][PokeRLEnv y6dpb][WARNING] - 'outrage' is not in list Defaulting to random move.
[2026-03-09 19:22:23,850][PokeRLEnv y6dpb][WARNING] - 'outrage' is not in list Defaulting to random move.
[2026-03-09 19:22:23,851][PokeRLEnv y6dpb][WARNING] - 'outrage' is not in list Defaulting to random move.
[2026-03-09 19:22:23,851][PokeRLEnv y6dpb][WARNING] - 'outrage' is not in list Defaulting to random move.
[2026-03-09 19:22:23,851][PokeRLEnv y6dpb][WARNING] - 'outrage' is not in list Defaulting to random move.
[2026-03-09 19:22:23,851][PokeRLEnv y6dpb][WARNING] - 'outrage' is not in list Defaulting to random move.
[2026-03-09 19:22:23,851][PokeRLEnv y6dpb][WARNING] - 'outrage' is not in list Defaulting to random move.
[2026-03-09 19:22:23,851][PokeRLEnv y6dpb][WARNING] - 'outrage' is not in list Defaulting to random move.
[2026-03-09 19:22:23,851][PokeRLEnv y6dpb][WARNING] - 'outrage' is not in list Defaulting to random move.
[2026-03-09 19:22:23,852][PokeRLEnv y6dpb][WARNING] - 'outrage' is not in list Defaulting to random move.
[2026-03-09 19:22:23,852][PokeRLEnv y6dpb][WARNING] - 'outrage' is not in list Defaulting to random move.
[2026-03-09 19:22:23,852][PokeRLEnv y6dpb][WARNING] - 'outrage' is not in list Defaulting to random move.
[2026-03-09 19:22:23,852][PokeRLEnv y6dpb][WARNING] - 'outrage' is not in list Defaulting to random move.
[2026-03-09 19:22:23,852][PokeRLEnv y6dpb][WARNING] - 'outrage' is not in list Defaulting to random move.
[2026-03-09 19:22:23,852][PokeRLEnv y6dpb][WARNING] - 'outrage' is not in list Defaulting to random move.
[2026-03-09 19:22:23,852][PokeRLEnv y6dpb][WARNING] - 'outrage' is not in list Defaulting to random move.
[2026-03-09 19:22:23,852][PokeRLEnv y6dpb][WARNING] - 'outrage' is not in list Defaulting to random move.
[2026-03-09 19:22:23,852][PokeRLEnv y6dpb][WARNING] - 'outrage' is not in list Defaulting to random move.
[2026-03-09 19:22:23,853][PokeRLEnv y6dpb][WARNING] - 'outrage' is not in list Defaulting to random move.
[2026-03-09 19:22:23,853][PokeRLEnv y6dpb][WARNING] - 'outrage' is not in list Defaulting to random move.
[2026-03-09 19:22:23,853][PokeRLEnv y6dpb][WARNING] - 'outrage' is not in list Defaulting to random move.
[2026-03-09 19:22:23,853][PokeRLEnv y6dpb][WARNING] - 'outrage' is not in list Defaulting to random move.
[2026-03-09 19:22:23,853][PokeRLEnv y6dpb][WARNING] - 'outrage' is not in list Defaulting to random move.
[2026-03-09 19:22:23,853][PokeRLEnv y6dpb][WARNING] - 'outrage' is not in list Defaulting to random move.
[2026-03-09 19:22:23,853][PokeRLEnv y6dpb][WARNING] - 'outrage' is not in list Defaulting to random move.
[2026-03-09 19:22:23,853][PokeRLEnv y6dpb][WARNING] - 'outrage' is not in list Defaulting to random move.
[2026-03-09 19:22:23,853][PokeRLEnv y6dpb][WARNING] - 'outrage' is not in list Defaulting to random move.
[2026-03-09 19:22:23,853][PokeRLEnv y6dpb][WARNING] - 'outrage' is not in list Defaulting to random move.
[2026-03-09 19:22:23,854][PokeRLEnv y6dpb][WARNING] - 'outrage' is not in list Defaulting to random move.
[2026-03-09 19:22:23,854][PokeRLEnv y6dpb][WARNING] - 'outrage' is not in list Defaulting to random move.
[2026-03-09 19:22:23,854][PokeRLEnv y6dpb][WARNING] - 'outrage' is not in list Defaulting to random move.
[2026-03-09 19:22:23,854][PokeRLEnv y6dpb][WARNING] - 'outrage' is not in list Defaulting to random move.
[2026-03-09 19:22:23,854][PokeRLEnv y6dpb][WARNING] - 'outrage' is not in list Defaulting to random move.
[2026-03-09 19:22:23,854][PokeRLEnv y6dpb][WARNING] - 'outrage' is not in list Defaulting to random move.
[2026-03-09 19:22:23,854][PokeRLEnv y6dpb][WARNING] - 'outrage' is not in list Defaulting to random move.
[2026-03-09 19:22:23,854][PokeRLEnv y6dpb][WARNING] - 'outrage' is not in list Defaulting to random move.
[2026-03-09 19:22:23,854][PokeRLEnv y6dpb][WARNING] - 'outrage' is not in list Defaulting to random move.
[2026-03-09 19:22:23,855][PokeRLEnv y6dpb][WARNING] - 'outrage' is not in list Defaulting to random move.
[2026-03-09 19:22:23,855][PokeRLEnv y6dpb][WARNING] - 'outrage' is not in list Defaulting to random move.
[2026-03-09 19:22:23,855][PokeRLEnv y6dpb][WARNING] - 'outrage' is not in list Defaulting to random move.
[2026-03-09 19:22:23,855][PokeRLEnv y6dpb][WARNING] - 'outrage' is not in list Defaulting to random move.
[2026-03-09 19:22:23,855][PokeRLEnv y6dpb][WARNING] - 'outrage' is not in list Defaulting to random move.
[2026-03-09 19:22:23,855][PokeRLEnv y6dpb][WARNING] - 'outrage' is not in list Defaulting to random move.
[2026-03-09 19:22:23,855][PokeRLEnv y6dpb][WARNING] - 'outrage' is not in list Defaulting to random move.
[2026-03-09 19:22:23,855][PokeRLEnv y6dpb][WARNING] - 'outrage' is not in list Defaulting to random move.
[2026-03-09 19:22:23,856][PokeRLEnv y6dpb][WARNING] - 'outrage' is not in list Defaulting to random move.
[2026-03-09 19:22:23,856][PokeRLEnv y6dpb][WARNING] - 'outrage' is not in list Defaulting to random move.
[2026-03-09 19:22:23,856][PokeRLEnv y6dpb][WARNING] - 'outrage' is not in list Defaulting to random move.
[2026-03-09 19:22:23,856][PokeRLEnv y6dpb][WARNING] - 'outrage' is not in list Defaulting to random move.
[2026-03-09 19:22:23,856][PokeRLEnv y6dpb][WARNING] - 'outrage' is not in list Defaulting to random move.
[2026-03-09 19:22:23,856][PokeRLEnv y6dpb][WARNING] - 'outrage' is not in list Defaulting to random move.
[2026-03-09 19:22:23,856][PokeRLEnv y6dpb][WARNING] - 'outrage' is not in list Defaulting to random move.
[2026-03-09 19:22:23,856][PokeRLEnv y6dpb][WARNING] - 'outrage' is not in list Defaulting to random move.
[2026-03-09 19:22:23,856][PokeRLEnv y6dpb][WARNING] - 'outrage' is not in list Defaulting to random move.
[2026-03-09 19:22:23,857][PokeRLEnv y6dpb][WARNING] - 'outrage' is not in list Defaulting to random move.
[2026-03-09 19:22:23,857][PokeRLEnv y6dpb][WARNING] - 'outrage' is not in list Defaulting to random move.
[2026-03-09 19:22:23,857][PokeRLEnv y6dpb][WARNING] - 'outrage' is not in list Defaulting to random move.
[2026-03-09 19:22:23,857][PokeRLEnv y6dpb][WARNING] - 'outrage' is not in list Defaulting to random move.
[2026-03-09 19:22:23,857][PokeRLEnv y6dpb][WARNING] - 'outrage' is not in list Defaulting to random move.
[2026-03-09 19:22:23,857][PokeRLEnv y6dpb][WARNING] - 'outrage' is not in list Defaulting to random move.
[2026-03-09 19:22:23,857][PokeRLEnv y6dpb][WARNING] - 'outrage' is not in list Defaulting to random move.
[2026-03-09 19:22:23,857][PokeRLEnv y6dpb][WARNING] - 'outrage' is not in list Defaulting to random move.
[2026-03-09 19:22:23,857][PokeRLEnv y6dpb][WARNING] - 'outrage' is not in list Defaulting to random move.
[2026-03-09 19:22:23,858][PokeRLEnv y6dpb][WARNING] - 'outrage' is not in list Defaulting to random move.
[2026-03-09 19:22:23,858][PokeRLEnv y6dpb][WARNING] - 'outrage' is not in list Defaulting to random move.
[2026-03-09 19:22:23,858][PokeRLEnv y6dpb][WARNING] - 'outrage' is not in list Defaulting to random move.
[2026-03-09 19:22:23,858][PokeRLEnv y6dpb][WARNING] - 'outrage' is not in list Defaulting to random move.
[2026-03-09 19:22:23,858][PokeRLEnv y6dpb][WARNING] - 'outrage' is not in list Defaulting to random move.
[2026-03-09 19:22:23,858][PokeRLEnv y6dpb][WARNING] - 'outrage' is not in list Defaulting to random move.
[2026-03-09 19:22:23,858][PokeRLEnv y6dpb][WARNING] - 'outrage' is not in list Defaulting to random move.
[2026-03-09 19:22:23,858][PokeRLEnv y6dpb][WARNING] - 'outrage' is not in list Defaulting to random move.
[2026-03-09 19:22:23,859][PokeRLEnv y6dpb][WARNING] - 'outrage' is not in list Defaulting to random move.
[2026-03-09 19:22:23,859][PokeRLEnv y6dpb][WARNING] - 'outrage' is not in list Defaulting to random move.
[2026-03-09 19:22:23,859][PokeRLEnv y6dpb][WARNING] - 'outrage' is not in list Defaulting to random move.
[2026-03-09 19:22:23,859][PokeRLEnv y6dpb][WARNING] - 'outrage' is not in list Defaulting to random move.
[2026-03-09 19:22:23,859][PokeRLEnv y6dpb][WARNING] - 'outrage' is not in list Defaulting to random move.
[2026-03-09 19:22:23,859][PokeRLEnv y6dpb][WARNING] - 'outrage' is not in list Defaulting to random move.
[2026-03-09 19:22:23,859][PokeRLEnv y6dpb][WARNING] - 'outrage' is not in list Defaulting to random move.
[2026-03-09 19:22:23,859][PokeRLEnv y6dpb][WARNING] - 'outrage' is not in list Defaulting to random move.
[2026-03-09 19:22:23,859][PokeRLEnv y6dpb][WARNING] - 'outrage' is not in list Defaulting to random move.
[2026-03-09 19:22:23,859][PokeRLEnv y6dpb][WARNING] - 'outrage' is not in list Defaulting to random move.
[2026-03-09 19:22:23,859][PokeRLEnv y6dpb][WARNING] - 'outrage' is not in list Defaulting to random move.
[2026-03-09 19:22:23,860][PokeRLEnv y6dpb][WARNING] - 'outrage' is not in list Defaulting to random move.
[2026-03-09 19:22:23,860][PokeRLEnv y6dpb][WARNING] - 'outrage' is not in list Defaulting to random move.
[2026-03-09 19:22:23,860][PokeRLEnv y6dpb][WARNING] - 'outrage' is not in list Defaulting to random move.
[2026-03-09 19:22:23,860][PokeRLEnv y6dpb][WARNING] - 'outrage' is not in list Defaulting to random move.
[2026-03-09 19:22:23,860][PokeRLEnv y6dpb][WARNING] - 'outrage' is not in list Defaulting to random move.
[2026-03-09 19:22:23,860][PokeRLEnv y6dpb][WARNING] - 'outrage' is not in list Defaulting to random move.
[2026-03-09 19:22:23,860][PokeRLEnv y6dpb][WARNING] - 'outrage' is not in list Defaulting to random move.
[2026-03-09 19:22:23,860][PokeRLEnv y6dpb][WARNING] - 'outrage' is not in list Defaulting to random move.
[2026-03-09 19:22:23,860][PokeRLEnv y6dpb][WARNING] - 'outrage' is not in list Defaulting to random move.
[2026-03-09 19:22:23,860][PokeRLEnv y6dpb][WARNING] - 'outrage' is not in list Defaulting to random move.
[2026-03-09 19:22:23,861][PokeRLEnv y6dpb][WARNING] - 'outrage' is not in list Defaulting to random move.
[2026-03-09 19:22:23,861][PokeRLEnv y6dpb][WARNING] - 'outrage' is not in list Defaulting to random move.
[2026-03-09 19:22:23,861][PokeRLEnv y6dpb][WARNING] - 'outrage' is not in list Defaulting to random move.
[2026-03-09 19:22:23,861][PokeRLEnv y6dpb][WARNING] - 'outrage' is not in list Defaulting to random move.
[2026-03-09 19:22:23,861][PokeRLEnv y6dpb][WARNING] - 'outrage' is not in list Defaulting to random move.
[2026-03-09 19:22:23,861][PokeRLEnv y6dpb][WARNING] - 'outrage' is not in list Defaulting to random move.
[2026-03-09 19:22:23,861][PokeRLEnv y6dpb][WARNING] - 'outrage' is not in list Defaulting to random move.
[2026-03-09 19:22:23,862][PokeRLEnv y6dpb][WARNING] - 'outrage' is not in list Defaulting to random move.
[2026-03-09 19:22:23,862][PokeRLEnv y6dpb][WARNING] - 'outrage' is not in list Defaulting to random move.
[2026-03-09 19:22:23,862][PokeRLEnv y6dpb][WARNING] - 'outrage' is not in list Defaulting to random move.
[2026-03-09 19:22:23,862][PokeRLEnv y6dpb][WARNING] - 'outrage' is not in list Defaulting to random move.
[2026-03-09 19:22:23,862][PokeRLEnv y6dpb][WARNING] - 'outrage' is not in list Defaulting to random move.
[2026-03-09 19:22:23,862][PokeRLEnv y6dpb][WARNING] - 'outrage' is not in list Defaulting to random move.
[2026-03-09 19:22:23,862][PokeRLEnv y6dpb][WARNING] - 'outrage' is not in list Defaulting to random move.
[2026-03-09 19:22:23,862][PokeRLEnv y6dpb][WARNING] - 'outrage' is not in list Defaulting to random move.
[2026-03-09 19:22:23,862][PokeRLEnv y6dpb][WARNING] - 'outrage' is not in list Defaulting to random move.
[2026-03-09 19:22:23,863][PokeRLEnv y6dpb][WARNING] - 'outrage' is not in list Defaulting to random move.
[2026-03-09 19:22:23,863][PokeRLEnv y6dpb][WARNING] - 'outrage' is not in list Defaulting to random move.
[2026-03-09 19:22:23,863][PokeRLEnv y6dpb][WARNING] - 'outrage' is not in list Defaulting to random move.
[2026-03-09 19:22:23,863][PokeRLEnv y6dpb][WARNING] - 'outrage' is not in list Defaulting to random move.
[2026-03-09 19:22:23,863][PokeRLEnv y6dpb][WARNING] - 'outrage' is not in list Defaulting to random move.
[2026-03-09 19:22:23,863][PokeRLEnv y6dpb][WARNING] - 'outrage' is not in list Defaulting to random move.
[2026-03-09 19:22:23,863][PokeRLEnv y6dpb][WARNING] - 'outrage' is not in list Defaulting to random move.
[2026-03-09 19:22:23,863][PokeRLEnv y6dpb][WARNING] - 'outrage' is not in list Defaulting to random move.
[2026-03-09 19:22:23,863][PokeRLEnv y6dpb][WARNING] - 'outrage' is not in list Defaulting to random move.
[2026-03-09 19:22:23,863][PokeRLEnv y6dpb][WARNING] - 'outrage' is not in list Defaulting to random move.
[2026-03-09 19:22:23,864][PokeRLEnv y6dpb][WARNING] - 'outrage' is not in list Defaulting to random move.
[2026-03-09 19:22:23,864][PokeRLEnv y6dpb][WARNING] - 'outrage' is not in list Defaulting to random move.
[2026-03-09 19:22:23,864][PokeRLEnv y6dpb][WARNING] - 'outrage' is not in list Defaulting to random move.
[2026-03-09 19:22:23,864][PokeRLEnv y6dpb][WARNING] - 'outrage' is not in list Defaulting to random move.
[2026-03-09 19:22:23,864][PokeRLEnv y6dpb][WARNING] - 'outrage' is not in list Defaulting to random move.
[2026-03-09 19:22:23,864][PokeRLEnv y6dpb][WARNING] - 'outrage' is not in list Defaulting to random move.
[2026-03-09 19:22:23,864][PokeRLEnv y6dpb][WARNING] - 'outrage' is not in list Defaulting to random move.
[2026-03-09 19:22:23,864][PokeRLEnv y6dpb][WARNING] - 'outrage' is not in list Defaulting to random move.
[2026-03-09 19:22:23,864][PokeRLEnv y6dpb][WARNING] - 'outrage' is not in list Defaulting to random move.
[2026-03-09 19:22:23,864][PokeRLEnv y6dpb][WARNING] - 'outrage' is not in list Defaulting to random move.
[2026-03-09 19:22:23,864][PokeRLEnv y6dpb][WARNING] - 'outrage' is not in list Defaulting to random move.
[2026-03-09 19:22:23,865][PokeRLEnv y6dpb][WARNING] - 'outrage' is not in list Defaulting to random move.
[2026-03-09 19:22:23,865][PokeRLEnv y6dpb][WARNING] - 'outrage' is not in list Defaulting to random move.
[2026-03-09 19:22:23,865][PokeRLEnv y6dpb][WARNING] - 'outrage' is not in list Defaulting to random move.
[2026-03-09 19:22:23,865][PokeRLEnv y6dpb][WARNING] - 'outrage' is not in list Defaulting to random move.
[2026-03-09 19:22:23,865][PokeRLEnv y6dpb][WARNING] - 'outrage' is not in list Defaulting to random move.
[2026-03-09 19:22:23,865][PokeRLEnv y6dpb][WARNING] - 'outrage' is not in list Defaulting to random move.
[2026-03-09 19:22:23,865][PokeRLEnv y6dpb][WARNING] - 'outrage' is not in list Defaulting to random move.
[2026-03-09 19:22:23,865][PokeRLEnv y6dpb][WARNING] - 'outrage' is not in list Defaulting to random move.
[2026-03-09 19:22:23,865][PokeRLEnv y6dpb][WARNING] - 'outrage' is not in list Defaulting to random move.
[2026-03-09 19:22:23,865][PokeRLEnv y6dpb][WARNING] - 'outrage' is not in list Defaulting to random move.
[2026-03-09 19:22:23,866][PokeRLEnv y6dpb][WARNING] - 'outrage' is not in list Defaulting to random move.
[2026-03-09 19:22:23,866][PokeRLEnv y6dpb][WARNING] - 'outrage' is not in list Defaulting to random move.
[2026-03-09 19:22:23,866][PokeRLEnv y6dpb][WARNING] - 'outrage' is not in list Defaulting to random move.
[2026-03-09 19:22:23,866][PokeRLEnv y6dpb][WARNING] - 'outrage' is not in list Defaulting to random move.
[2026-03-09 19:22:23,866][PokeRLEnv y6dpb][WARNING] - 'outrage' is not in list Defaulting to random move.
[2026-03-09 19:22:23,866][PokeRLEnv y6dpb][WARNING] - 'outrage' is not in list Defaulting to random move.
[2026-03-09 19:22:23,866][PokeRLEnv y6dpb][WARNING] - 'outrage' is not in list Defaulting to random move.
[2026-03-09 19:22:23,866][PokeRLEnv y6dpb][WARNING] - 'outrage' is not in list Defaulting to random move.
[2026-03-09 19:22:23,866][PokeRLEnv y6dpb][WARNING] - 'outrage' is not in list Defaulting to random move.
[2026-03-09 19:22:23,867][PokeRLEnv y6dpb][WARNING] - 'outrage' is not in list Defaulting to random move.
[2026-03-09 19:22:23,867][PokeRLEnv y6dpb][WARNING] - 'outrage' is not in list Defaulting to random move.
[2026-03-09 19:22:23,867][PokeRLEnv y6dpb][WARNING] - 'outrage' is not in list Defaulting to random move.
[2026-03-09 19:22:23,867][PokeRLEnv y6dpb][WARNING] - 'outrage' is not in list Defaulting to random move.
[2026-03-09 19:22:23,867][PokeRLEnv y6dpb][WARNING] - 'outrage' is not in list Defaulting to random move.
[2026-03-09 19:22:23,867][PokeRLEnv y6dpb][WARNING] - 'outrage' is not in list Defaulting to random move.
[2026-03-09 19:22:23,867][PokeRLEnv y6dpb][WARNING] - 'outrage' is not in list Defaulting to random move.
[2026-03-09 19:22:23,867][PokeRLEnv y6dpb][WARNING] - 'outrage' is not in list Defaulting to random move.
[2026-03-09 19:22:23,867][PokeRLEnv y6dpb][WARNING] - 'outrage' is not in list Defaulting to random move.
[2026-03-09 19:22:23,868][PokeRLEnv y6dpb][WARNING] - 'outrage' is not in list Defaulting to random move.
[2026-03-09 19:22:23,868][PokeRLEnv y6dpb][WARNING] - 'outrage' is not in list Defaulting to random move.
[2026-03-09 19:22:23,868][PokeRLEnv y6dpb][WARNING] - 'outrage' is not in list Defaulting to random move.
[2026-03-09 19:22:23,868][PokeRLEnv y6dpb][WARNING] - 'outrage' is not in list Defaulting to random move.
[2026-03-09 19:22:23,868][PokeRLEnv y6dpb][WARNING] - 'outrage' is not in list Defaulting to random move.
[2026-03-09 19:22:23,868][PokeRLEnv y6dpb][WARNING] - 'outrage' is not in list Defaulting to random move.
[2026-03-09 19:22:23,868][PokeRLEnv y6dpb][WARNING] - 'outrage' is not in list Defaulting to random move.
[2026-03-09 19:22:23,868][PokeRLEnv y6dpb][WARNING] - 'outrage' is not in list Defaulting to random move.
[2026-03-09 19:22:23,868][PokeRLEnv y6dpb][WARNING] - 'outrage' is not in list Defaulting to random move.
[2026-03-09 19:22:23,869][PokeRLEnv y6dpb][WARNING] - 'outrage' is not in list Defaulting to random move.
[2026-03-09 19:22:23,869][PokeRLEnv y6dpb][WARNING] - 'outrage' is not in list Defaulting to random move.
[2026-03-09 19:22:23,869][PokeRLEnv y6dpb][WARNING] - 'outrage' is not in list Defaulting to random move.
[2026-03-09 19:22:23,869][PokeRLEnv y6dpb][WARNING] - 'outrage' is not in list Defaulting to random move.
[2026-03-09 19:22:23,869][PokeRLEnv y6dpb][WARNING] - 'outrage' is not in list Defaulting to random move.
[2026-03-09 19:22:23,869][PokeRLEnv y6dpb][WARNING] - 'outrage' is not in list Defaulting to random move.
[2026-03-09 19:22:23,869][PokeRLEnv y6dpb][WARNING] - 'outrage' is not in list Defaulting to random move.
[2026-03-09 19:22:23,869][PokeRLEnv y6dpb][WARNING] - 'outrage' is not in list Defaulting to random move.
[2026-03-09 19:22:23,869][PokeRLEnv y6dpb][WARNING] - 'outrage' is not in list Defaulting to random move.
[2026-03-09 19:22:23,869][PokeRLEnv y6dpb][WARNING] - 'outrage' is not in list Defaulting to random move.
[2026-03-09 19:22:23,870][PokeRLEnv y6dpb][WARNING] - 'outrage' is not in list Defaulting to random move.
[2026-03-09 19:22:23,870][PokeRLEnv y6dpb][WARNING] - 'outrage' is not in list Defaulting to random move.
[2026-03-09 19:22:23,870][PokeRLEnv y6dpb][WARNING] - 'outrage' is not in list Defaulting to random move.
[2026-03-09 19:22:23,870][PokeRLEnv y6dpb][WARNING] - 'outrage' is not in list Defaulting to random move.
[2026-03-09 19:22:23,870][PokeRLEnv y6dpb][WARNING] - 'outrage' is not in list Defaulting to random move.
[2026-03-09 19:22:23,870][PokeRLEnv y6dpb][WARNING] - 'outrage' is not in list Defaulting to random move.
[2026-03-09 19:22:23,870][PokeRLEnv y6dpb][WARNING] - 'outrage' is not in list Defaulting to random move.
[2026-03-09 19:22:23,870][PokeRLEnv y6dpb][WARNING] - 'outrage' is not in list Defaulting to random move.
[2026-03-09 19:22:23,870][PokeRLEnv y6dpb][WARNING] - 'outrage' is not in list Defaulting to random move.
[2026-03-09 19:22:23,870][PokeRLEnv y6dpb][WARNING] - 'outrage' is not in list Defaulting to random move.
[2026-03-09 19:22:23,870][PokeRLEnv y6dpb][WARNING] - 'outrage' is not in list Defaulting to random move.
[2026-03-09 19:22:23,871][PokeRLEnv y6dpb][WARNING] - 'outrage' is not in list Defaulting to random move.
[2026-03-09 19:22:23,871][PokeRLEnv y6dpb][WARNING] - 'outrage' is not in list Defaulting to random move.
[2026-03-09 19:22:23,871][PokeRLEnv y6dpb][WARNING] - 'outrage' is not in list Defaulting to random move.
[2026-03-09 19:22:23,871][PokeRLEnv y6dpb][WARNING] - 'outrage' is not in list Defaulting to random move.
[2026-03-09 19:22:23,871][PokeRLEnv y6dpb][WARNING] - 'outrage' is not in list Defaulting to random move.
[2026-03-09 19:22:23,871][PokeRLEnv y6dpb][WARNING] - 'outrage' is not in list Defaulting to random move.
[2026-03-09 19:22:23,871][PokeRLEnv y6dpb][WARNING] - 'outrage' is not in list Defaulting to random move.
[2026-03-09 19:22:23,872][PokeRLEnv y6dpb][WARNING] - 'outrage' is not in list Defaulting to random move.
[2026-03-09 19:22:23,872][PokeRLEnv y6dpb][WARNING] - 'outrage' is not in list Defaulting to random move.
[2026-03-09 19:22:23,872][PokeRLEnv y6dpb][WARNING] - 'outrage' is not in list Defaulting to random move.
[2026-03-09 19:22:23,872][PokeRLEnv y6dpb][WARNING] - 'outrage' is not in list Defaulting to random move.
[2026-03-09 19:22:23,872][PokeRLEnv y6dpb][WARNING] - 'outrage' is not in list Defaulting to random move.
[2026-03-09 19:22:23,872][PokeRLEnv y6dpb][WARNING] - 'outrage' is not in list Defaulting to random move.
[2026-03-09 19:22:23,872][PokeRLEnv y6dpb][WARNING] - 'outrage' is not in list Defaulting to random move.
[2026-03-09 19:22:23,872][PokeRLEnv y6dpb][WARNING] - 'outrage' is not in list Defaulting to random move.
[2026-03-09 19:22:23,872][PokeRLEnv y6dpb][WARNING] - 'outrage' is not in list Defaulting to random move.
[2026-03-09 19:22:23,872][PokeRLEnv y6dpb][WARNING] - 'outrage' is not in list Defaulting to random move.
[2026-03-09 19:22:23,872][PokeRLEnv y6dpb][WARNING] - 'outrage' is not in list Defaulting to random move.
[2026-03-09 19:22:23,873][PokeRLEnv y6dpb][WARNING] - 'outrage' is not in list Defaulting to random move.
[2026-03-09 19:22:23,873][PokeRLEnv y6dpb][WARNING] - 'outrage' is not in list Defaulting to random move.
[2026-03-09 19:22:23,873][PokeRLEnv y6dpb][WARNING] - 'outrage' is not in list Defaulting to random move.
[2026-03-09 19:22:23,873][PokeRLEnv y6dpb][WARNING] - 'outrage' is not in list Defaulting to random move.
[2026-03-09 19:22:23,873][PokeRLEnv y6dpb][WARNING] - 'outrage' is not in list Defaulting to random move.
[2026-03-09 19:22:23,873][PokeRLEnv y6dpb][WARNING] - 'outrage' is not in list Defaulting to random move.
[2026-03-09 19:22:23,873][PokeRLEnv y6dpb][WARNING] - 'outrage' is not in list Defaulting to random move.
[2026-03-09 19:22:23,873][PokeRLEnv y6dpb][WARNING] - 'outrage' is not in list Defaulting to random move.
[2026-03-09 19:22:23,873][PokeRLEnv y6dpb][WARNING] - 'outrage' is not in list Defaulting to random move.
[2026-03-09 19:22:23,873][PokeRLEnv y6dpb][WARNING] - 'outrage' is not in list Defaulting to random move.
[2026-03-09 19:22:23,874][PokeRLEnv y6dpb][WARNING] - 'outrage' is not in list Defaulting to random move.
[2026-03-09 19:22:23,874][PokeRLEnv y6dpb][WARNING] - 'outrage' is not in list Defaulting to random move.
[2026-03-09 19:22:23,874][PokeRLEnv y6dpb][WARNING] - 'outrage' is not in list Defaulting to random move.
[2026-03-09 19:22:23,874][PokeRLEnv y6dpb][WARNING] - 'outrage' is not in list Defaulting to random move.
[2026-03-09 19:22:23,874][PokeRLEnv y6dpb][WARNING] - 'outrage' is not in list Defaulting to random move.
[2026-03-09 19:22:23,874][PokeRLEnv y6dpb][WARNING] - 'outrage' is not in list Defaulting to random move.
[2026-03-09 19:22:23,874][PokeRLEnv y6dpb][WARNING] - 'outrage' is not in list Defaulting to random move.
[2026-03-09 19:22:23,874][PokeRLEnv y6dpb][WARNING] - 'outrage' is not in list Defaulting to random move.
[2026-03-09 19:22:23,875][PokeRLEnv y6dpb][WARNING] - 'outrage' is not in list Defaulting to random move.
[2026-03-09 19:22:23,875][PokeRLEnv y6dpb][WARNING] - 'outrage' is not in list Defaulting to random move.
[2026-03-09 19:22:23,875][PokeRLEnv y6dpb][WARNING] - 'outrage' is not in list Defaulting to random move.
[2026-03-09 19:22:23,875][PokeRLEnv y6dpb][WARNING] - 'outrage' is not in list Defaulting to random move.
[2026-03-09 19:22:23,875][PokeRLEnv y6dpb][WARNING] - 'outrage' is not in list Defaulting to random move.
[2026-03-09 19:22:23,875][PokeRLEnv y6dpb][WARNING] - 'outrage' is not in list Defaulting to random move.
[2026-03-09 19:22:23,875][PokeRLEnv y6dpb][WARNING] - 'outrage' is not in list Defaulting to random move.
[2026-03-09 19:22:23,875][PokeRLEnv y6dpb][WARNING] - 'outrage' is not in list Defaulting to random move.
[2026-03-09 19:22:23,875][PokeRLEnv y6dpb][WARNING] - 'outrage' is not in list Defaulting to random move.
[2026-03-09 19:22:23,876][PokeRLEnv y6dpb][WARNING] - 'outrage' is not in list Defaulting to random move.
[2026-03-09 19:22:23,876][PokeRLEnv y6dpb][WARNING] - 'outrage' is not in list Defaulting to random move.
[2026-03-09 19:22:23,876][PokeRLEnv y6dpb][WARNING] - 'outrage' is not in list Defaulting to random move.
[2026-03-09 19:22:23,876][PokeRLEnv y6dpb][WARNING] - 'outrage' is not in list Defaulting to random move.
[2026-03-09 19:22:23,876][PokeRLEnv y6dpb][WARNING] - 'outrage' is not in list Defaulting to random move.
[2026-03-09 19:22:23,876][PokeRLEnv y6dpb][WARNING] - 'outrage' is not in list Defaulting to random move.
[2026-03-09 19:22:23,876][PokeRLEnv y6dpb][WARNING] - 'outrage' is not in list Defaulting to random move.
[2026-03-09 19:22:23,876][PokeRLEnv y6dpb][WARNING] - 'outrage' is not in list Defaulting to random move.
[2026-03-09 19:22:23,876][PokeRLEnv y6dpb][WARNING] - 'outrage' is not in list Defaulting to random move.
[2026-03-09 19:22:23,876][PokeRLEnv y6dpb][WARNING] - 'outrage' is not in list Defaulting to random move.
[2026-03-09 19:22:23,877][PokeRLEnv y6dpb][WARNING] - 'outrage' is not in list Defaulting to random move.
[2026-03-09 19:22:23,877][PokeRLEnv y6dpb][WARNING] - 'outrage' is not in list Defaulting to random move.
[2026-03-09 19:22:23,877][PokeRLEnv y6dpb][WARNING] - 'outrage' is not in list Defaulting to random move.
[2026-03-09 19:22:23,877][PokeRLEnv y6dpb][WARNING] - 'outrage' is not in list Defaulting to random move.
[2026-03-09 19:22:23,877][PokeRLEnv y6dpb][WARNING] - 'outrage' is not in list Defaulting to random move.
[2026-03-09 19:22:23,877][PokeRLEnv y6dpb][WARNING] - 'outrage' is not in list Defaulting to random move.
[2026-03-09 19:22:23,877][PokeRLEnv y6dpb][WARNING] - 'outrage' is not in list Defaulting to random move.
[2026-03-09 19:22:23,877][PokeRLEnv y6dpb][WARNING] - 'outrage' is not in list Defaulting to random move.
[2026-03-09 19:22:23,877][PokeRLEnv y6dpb][WARNING] - 'outrage' is not in list Defaulting to random move.
[2026-03-09 19:22:23,877][PokeRLEnv y6dpb][WARNING] - 'outrage' is not in list Defaulting to random move.
[2026-03-09 19:22:23,878][PokeRLEnv y6dpb][WARNING] - 'outrage' is not in list Defaulting to random move.
[2026-03-09 19:22:23,878][PokeRLEnv y6dpb][WARNING] - 'outrage' is not in list Defaulting to random move.
[2026-03-09 19:22:23,878][PokeRLEnv y6dpb][WARNING] - 'outrage' is not in list Defaulting to random move.
[2026-03-09 19:22:23,878][PokeRLEnv y6dpb][WARNING] - 'outrage' is not in list Defaulting to random move.
[2026-03-09 19:22:23,878][PokeRLEnv y6dpb][WARNING] - 'outrage' is not in list Defaulting to random move.
[2026-03-09 19:22:23,878][PokeRLEnv y6dpb][WARNING] - 'outrage' is not in list Defaulting to random move.
[2026-03-09 19:22:23,878][PokeRLEnv y6dpb][WARNING] - 'outrage' is not in list Defaulting to random move.
[2026-03-09 19:22:23,878][PokeRLEnv y6dpb][WARNING] - 'outrage' is not in list Defaulting to random move.
[2026-03-09 19:22:23,878][PokeRLEnv y6dpb][WARNING] - 'outrage' is not in list Defaulting to random move.
[2026-03-09 19:22:23,878][PokeRLEnv y6dpb][WARNING] - 'outrage' is not in list Defaulting to random move.
[2026-03-09 19:22:23,879][PokeRLEnv y6dpb][WARNING] - 'outrage' is not in list Defaulting to random move.
[2026-03-09 19:22:23,879][PokeRLEnv y6dpb][WARNING] - 'outrage' is not in list Defaulting to random move.
[2026-03-09 19:22:23,879][PokeRLEnv y6dpb][WARNING] - 'outrage' is not in list Defaulting to random move.
[2026-03-09 19:22:23,879][PokeRLEnv y6dpb][WARNING] - 'outrage' is not in list Defaulting to random move.
[2026-03-09 19:22:23,879][PokeRLEnv y6dpb][WARNING] - 'outrage' is not in list Defaulting to random move.
[2026-03-09 19:22:23,879][PokeRLEnv y6dpb][WARNING] - 'outrage' is not in list Defaulting to random move.
[2026-03-09 19:22:23,879][PokeRLEnv y6dpb][WARNING] - 'outrage' is not in list Defaulting to random move.
[2026-03-09 19:22:23,879][PokeRLEnv y6dpb][WARNING] - 'outrage' is not in list Defaulting to random move.
[2026-03-09 19:22:23,879][PokeRLEnv y6dpb][WARNING] - 'outrage' is not in list Defaulting to random move.
[2026-03-09 19:22:23,880][PokeRLEnv y6dpb][WARNING] - 'outrage' is not in list Defaulting to random move.
[2026-03-09 19:22:23,880][PokeRLEnv y6dpb][WARNING] - 'outrage' is not in list Defaulting to random move.
[2026-03-09 19:22:23,880][PokeRLEnv y6dpb][WARNING] - 'outrage' is not in list Defaulting to random move.
[2026-03-09 19:22:23,880][PokeRLEnv y6dpb][WARNING] - 'outrage' is not in list Defaulting to random move.
[2026-03-09 19:22:23,880][PokeRLEnv y6dpb][WARNING] - 'outrage' is not in list Defaulting to random move.
[2026-03-09 19:22:23,880][PokeRLEnv y6dpb][WARNING] - 'outrage' is not in list Defaulting to random move.
[2026-03-09 19:22:23,880][PokeRLEnv y6dpb][WARNING] - 'outrage' is not in list Defaulting to random move.
[2026-03-09 19:22:23,880][PokeRLEnv y6dpb][WARNING] - 'outrage' is not in list Defaulting to random move.
[2026-03-09 19:22:23,881][PokeRLEnv y6dpb][WARNING] - 'outrage' is not in list Defaulting to random move.
[2026-03-09 19:22:23,881][PokeRLEnv y6dpb][WARNING] - 'outrage' is not in list Defaulting to random move.
[2026-03-09 19:22:23,881][PokeRLEnv y6dpb][WARNING] - 'outrage' is not in list Defaulting to random move.
[2026-03-09 19:22:23,881][PokeRLEnv y6dpb][WARNING] - 'outrage' is not in list Defaulting to random move.
[2026-03-09 19:22:23,881][PokeRLEnv y6dpb][WARNING] - 'outrage' is not in list Defaulting to random move.
[2026-03-09 19:22:23,881][PokeRLEnv y6dpb][WARNING] - 'outrage' is not in list Defaulting to random move.
[2026-03-09 19:22:23,881][PokeRLEnv y6dpb][WARNING] - 'outrage' is not in list Defaulting to random move.
[2026-03-09 19:22:23,881][PokeRLEnv y6dpb][WARNING] - 'outrage' is not in list Defaulting to random move.
[2026-03-09 19:22:23,882][PokeRLEnv y6dpb][WARNING] - 'outrage' is not in list Defaulting to random move.
[2026-03-09 19:22:23,882][PokeRLEnv y6dpb][WARNING] - 'outrage' is not in list Defaulting to random move.
[2026-03-09 19:22:23,882][PokeRLEnv y6dpb][WARNING] - 'outrage' is not in list Defaulting to random move.
[2026-03-09 19:22:23,882][PokeRLEnv y6dpb][WARNING] - 'outrage' is not in list Defaulting to random move.
[2026-03-09 19:22:23,882][PokeRLEnv y6dpb][WARNING] - 'outrage' is not in list Defaulting to random move.
[2026-03-09 19:22:23,882][PokeRLEnv y6dpb][WARNING] - 'outrage' is not in list Defaulting to random move.
[2026-03-09 19:22:23,882][PokeRLEnv y6dpb][WARNING] - 'outrage' is not in list Defaulting to random move.
[2026-03-09 19:22:23,882][PokeRLEnv y6dpb][WARNING] - 'outrage' is not in list Defaulting to random move.
[2026-03-09 19:22:23,882][PokeRLEnv y6dpb][WARNING] - 'outrage' is not in list Defaulting to random move.
[2026-03-09 19:22:23,882][PokeRLEnv y6dpb][WARNING] - 'outrage' is not in list Defaulting to random move.
[2026-03-09 19:22:23,883][PokeRLEnv y6dpb][WARNING] - 'outrage' is not in list Defaulting to random move.
[2026-03-09 19:22:23,883][PokeRLEnv y6dpb][WARNING] - 'outrage' is not in list Defaulting to random move.
[2026-03-09 19:22:23,883][PokeRLEnv y6dpb][WARNING] - 'outrage' is not in list Defaulting to random move.
[2026-03-09 19:22:23,883][PokeRLEnv y6dpb][WARNING] - 'outrage' is not in list Defaulting to random move.
[2026-03-09 19:22:23,883][PokeRLEnv y6dpb][WARNING] - 'outrage' is not in list Defaulting to random move.
[2026-03-09 19:22:23,883][PokeRLEnv y6dpb][WARNING] - 'outrage' is not in list Defaulting to random move.
[2026-03-09 19:22:23,883][PokeRLEnv y6dpb][WARNING] - 'outrage' is not in list Defaulting to random move.
[2026-03-09 19:22:23,883][PokeRLEnv y6dpb][WARNING] - 'outrage' is not in list Defaulting to random move.
[2026-03-09 19:22:23,883][PokeRLEnv y6dpb][WARNING] - 'outrage' is not in list Defaulting to random move.
[2026-03-09 19:22:23,883][PokeRLEnv y6dpb][WARNING] - 'outrage' is not in list Defaulting to random move.
[2026-03-09 19:22:23,884][PokeRLEnv y6dpb][WARNING] - 'outrage' is not in list Defaulting to random move.
[2026-03-09 19:22:23,884][PokeRLEnv y6dpb][WARNING] - 'outrage' is not in list Defaulting to random move.
[2026-03-09 19:22:23,884][PokeRLEnv y6dpb][WARNING] - 'outrage' is not in list Defaulting to random move.
[2026-03-09 19:22:23,884][PokeRLEnv y6dpb][WARNING] - 'outrage' is not in list Defaulting to random move.
[2026-03-09 19:22:23,884][PokeRLEnv y6dpb][WARNING] - 'outrage' is not in list Defaulting to random move.
[2026-03-09 19:22:23,884][PokeRLEnv y6dpb][WARNING] - 'outrage' is not in list Defaulting to random move.
[2026-03-09 19:22:23,884][PokeRLEnv y6dpb][WARNING] - 'outrage' is not in list Defaulting to random move.
[2026-03-09 19:22:23,884][PokeRLEnv y6dpb][WARNING] - 'outrage' is not in list Defaulting to random move.
[2026-03-09 19:22:23,884][PokeRLEnv y6dpb][WARNING] - 'outrage' is not in list Defaulting to random move.
[2026-03-09 19:22:23,885][PokeRLEnv y6dpb][WARNING] - 'outrage' is not in list Defaulting to random move.
[2026-03-09 19:22:23,885][PokeRLEnv y6dpb][WARNING] - 'outrage' is not in list Defaulting to random move.
[2026-03-09 19:22:23,885][PokeRLEnv y6dpb][WARNING] - 'outrage' is not in list Defaulting to random move.
[2026-03-09 19:22:23,885][PokeRLEnv y6dpb][WARNING] - 'outrage' is not in list Defaulting to random move.
[2026-03-09 19:22:23,885][PokeRLEnv y6dpb][WARNING] - 'outrage' is not in list Defaulting to random move.
[2026-03-09 19:22:23,885][PokeRLEnv y6dpb][WARNING] - 'outrage' is not in list Defaulting to random move.
[2026-03-09 19:22:23,885][PokeRLEnv y6dpb][WARNING] - 'outrage' is not in list Defaulting to random move.
[2026-03-09 19:22:23,885][PokeRLEnv y6dpb][WARNING] - 'outrage' is not in list Defaulting to random move.
[2026-03-09 19:22:23,885][PokeRLEnv y6dpb][WARNING] - 'outrage' is not in list Defaulting to random move.
[2026-03-09 19:22:23,885][PokeRLEnv y6dpb][WARNING] - 'outrage' is not in list Defaulting to random move.
[2026-03-09 19:22:23,886][PokeRLEnv y6dpb][WARNING] - 'outrage' is not in list Defaulting to random move.
[2026-03-09 19:22:23,886][PokeRLEnv y6dpb][WARNING] - 'outrage' is not in list Defaulting to random move.
[2026-03-09 19:22:23,886][PokeRLEnv y6dpb][WARNING] - 'outrage' is not in list Defaulting to random move.
[2026-03-09 19:22:23,886][PokeRLEnv y6dpb][WARNING] - 'outrage' is not in list Defaulting to random move.
[2026-03-09 19:22:23,886][PokeRLEnv y6dpb][WARNING] - 'outrage' is not in list Defaulting to random move.
[2026-03-09 19:22:23,886][PokeRLEnv y6dpb][WARNING] - 'outrage' is not in list Defaulting to random move.
[2026-03-09 19:22:23,886][PokeRLEnv y6dpb][WARNING] - 'outrage' is not in list Defaulting to random move.
[2026-03-09 19:22:23,886][PokeRLEnv y6dpb][WARNING] - 'outrage' is not in list Defaulting to random move.
[2026-03-09 19:22:23,887][PokeRLEnv y6dpb][WARNING] - 'outrage' is not in list Defaulting to random move.
[2026-03-09 19:22:23,887][PokeRLEnv y6dpb][WARNING] - 'outrage' is not in list Defaulting to random move.
[2026-03-09 19:22:23,887][PokeRLEnv y6dpb][WARNING] - 'outrage' is not in list Defaulting to random move.
[2026-03-09 19:22:23,887][PokeRLEnv y6dpb][WARNING] - 'outrage' is not in list Defaulting to random move.
[2026-03-09 19:22:23,887][PokeRLEnv y6dpb][WARNING] - 'outrage' is not in list Defaulting to random move.
[2026-03-09 19:22:23,887][PokeRLEnv y6dpb][WARNING] - 'outrage' is not in list Defaulting to random move.
[2026-03-09 19:22:23,887][PokeRLEnv y6dpb][WARNING] - 'outrage' is not in list Defaulting to random move.
[2026-03-09 19:22:23,887][PokeRLEnv y6dpb][WARNING] - 'outrage' is not in list Defaulting to random move.
[2026-03-09 19:22:23,888][PokeRLEnv y6dpb][WARNING] - 'outrage' is not in list Defaulting to random move.
[2026-03-09 19:22:23,888][PokeRLEnv y6dpb][WARNING] - 'outrage' is not in list Defaulting to random move.
[2026-03-09 19:22:23,888][PokeRLEnv y6dpb][WARNING] - 'outrage' is not in list Defaulting to random move.
[2026-03-09 19:22:23,888][PokeRLEnv y6dpb][WARNING] - 'outrage' is not in list Defaulting to random move.
[2026-03-09 19:22:23,888][PokeRLEnv y6dpb][WARNING] - 'outrage' is not in list Defaulting to random move.
[2026-03-09 19:22:23,888][PokeRLEnv y6dpb][WARNING] - 'outrage' is not in list Defaulting to random move.
[2026-03-09 19:22:23,888][PokeRLEnv y6dpb][WARNING] - 'outrage' is not in list Defaulting to random move.
[2026-03-09 19:22:23,888][PokeRLEnv y6dpb][WARNING] - 'outrage' is not in list Defaulting to random move.
[2026-03-09 19:22:23,888][PokeRLEnv y6dpb][WARNING] - 'outrage' is not in list Defaulting to random move.
[2026-03-09 19:22:23,888][PokeRLEnv y6dpb][WARNING] - 'outrage' is not in list Defaulting to random move.
[2026-03-09 19:22:23,889][PokeRLEnv y6dpb][WARNING] - 'outrage' is not in list Defaulting to random move.
[2026-03-09 19:22:23,889][PokeRLEnv y6dpb][WARNING] - 'outrage' is not in list Defaulting to random move.
[2026-03-09 19:22:23,889][PokeRLEnv y6dpb][WARNING] - 'outrage' is not in list Defaulting to random move.
[2026-03-09 19:22:23,889][PokeRLEnv y6dpb][WARNING] - 'outrage' is not in list Defaulting to random move.
[2026-03-09 19:22:23,889][PokeRLEnv y6dpb][WARNING] - 'outrage' is not in list Defaulting to random move.
[2026-03-09 19:22:23,889][PokeRLEnv y6dpb][WARNING] - 'outrage' is not in list Defaulting to random move.
[2026-03-09 19:22:23,889][PokeRLEnv y6dpb][WARNING] - 'outrage' is not in list Defaulting to random move.
[2026-03-09 19:22:23,889][PokeRLEnv y6dpb][WARNING] - 'outrage' is not in list Defaulting to random move.
[2026-03-09 19:22:23,889][PokeRLEnv y6dpb][WARNING] - 'outrage' is not in list Defaulting to random move.
[2026-03-09 19:22:23,889][PokeRLEnv y6dpb][WARNING] - 'outrage' is not in list Defaulting to random move.
[2026-03-09 19:22:23,890][PokeRLEnv y6dpb][WARNING] - 'outrage' is not in list Defaulting to random move.
[2026-03-09 19:22:23,890][PokeRLEnv y6dpb][WARNING] - 'outrage' is not in list Defaulting to random move.
[2026-03-09 19:22:23,890][PokeRLEnv y6dpb][WARNING] - 'outrage' is not in list Defaulting to random move.
[2026-03-09 19:22:23,890][PokeRLEnv y6dpb][WARNING] - 'outrage' is not in list Defaulting to random move.
[2026-03-09 19:22:23,890][PokeRLEnv y6dpb][WARNING] - 'outrage' is not in list Defaulting to random move.
[2026-03-09 19:22:23,890][PokeRLEnv y6dpb][WARNING] - 'outrage' is not in list Defaulting to random move.
[2026-03-09 19:22:23,890][PokeRLEnv y6dpb][WARNING] - 'outrage' is not in list Defaulting to random move.
[2026-03-09 19:22:23,890][PokeRLEnv y6dpb][WARNING] - 'outrage' is not in list Defaulting to random move.
[2026-03-09 19:22:23,890][PokeRLEnv y6dpb][WARNING] - 'outrage' is not in list Defaulting to random move.
[2026-03-09 19:22:23,891][PokeRLEnv y6dpb][WARNING] - 'outrage' is not in list Defaulting to random move.
[2026-03-09 19:22:23,891][PokeRLEnv y6dpb][WARNING] - 'outrage' is not in list Defaulting to random move.
[2026-03-09 19:22:23,891][PokeRLEnv y6dpb][WARNING] - 'outrage' is not in list Defaulting to random move.
[2026-03-09 19:22:23,891][PokeRLEnv y6dpb][WARNING] - 'outrage' is not in list Defaulting to random move.
[2026-03-09 19:22:23,891][PokeRLEnv y6dpb][WARNING] - 'outrage' is not in list Defaulting to random move.
[2026-03-09 19:22:23,891][PokeRLEnv y6dpb][WARNING] - 'outrage' is not in list Defaulting to random move.
[2026-03-09 19:22:23,892][PokeRLEnv y6dpb][WARNING] - 'outrage' is not in list Defaulting to random move.
[2026-03-09 19:22:23,892][PokeRLEnv y6dpb][WARNING] - 'outrage' is not in list Defaulting to random move.
[2026-03-09 19:22:23,892][PokeRLEnv y6dpb][WARNING] - 'outrage' is not in list Defaulting to random move.
[2026-03-09 19:22:23,892][PokeRLEnv y6dpb][WARNING] - 'outrage' is not in list Defaulting to random move.
[2026-03-09 19:22:23,892][PokeRLEnv y6dpb][WARNING] - 'outrage' is not in list Defaulting to random move.
[2026-03-09 19:22:23,892][PokeRLEnv y6dpb][WARNING] - 'outrage' is not in list Defaulting to random move.
[2026-03-09 19:22:23,892][PokeRLEnv y6dpb][WARNING] - 'outrage' is not in list Defaulting to random move.
[2026-03-09 19:22:23,892][PokeRLEnv y6dpb][WARNING] - 'outrage' is not in list Defaulting to random move.
[2026-03-09 19:22:23,892][PokeRLEnv y6dpb][WARNING] - 'outrage' is not in list Defaulting to random move.
[2026-03-09 19:22:23,893][PokeRLEnv y6dpb][WARNING] - 'outrage' is not in list Defaulting to random move.
[2026-03-09 19:22:23,893][PokeRLEnv y6dpb][WARNING] - 'outrage' is not in list Defaulting to random move.
[2026-03-09 19:22:23,893][PokeRLEnv y6dpb][WARNING] - 'outrage' is not in list Defaulting to random move.
[2026-03-09 19:22:23,893][PokeRLEnv y6dpb][WARNING] - 'outrage' is not in list Defaulting to random move.
[2026-03-09 19:22:23,893][PokeRLEnv y6dpb][WARNING] - 'outrage' is not in list Defaulting to random move.
[2026-03-09 19:22:23,893][PokeRLEnv y6dpb][WARNING] - 'outrage' is not in list Defaulting to random move.
[2026-03-09 19:22:23,893][PokeRLEnv y6dpb][WARNING] - 'outrage' is not in list Defaulting to random move.
[2026-03-09 19:22:23,893][PokeRLEnv y6dpb][WARNING] - 'outrage' is not in list Defaulting to random move.
[2026-03-09 19:22:23,894][PokeRLEnv y6dpb][WARNING] - 'outrage' is not in list Defaulting to random move.
[2026-03-09 19:22:23,894][PokeRLEnv y6dpb][WARNING] - 'outrage' is not in list Defaulting to random move.
[2026-03-09 19:22:23,894][PokeRLEnv y6dpb][WARNING] - 'outrage' is not in list Defaulting to random move.
[2026-03-09 19:22:23,894][PokeRLEnv y6dpb][WARNING] - 'outrage' is not in list Defaulting to random move.
[2026-03-09 19:22:23,894][PokeRLEnv y6dpb][WARNING] - 'outrage' is not in list Defaulting to random move.
[2026-03-09 19:22:23,894][PokeRLEnv y6dpb][WARNING] - 'outrage' is not in list Defaulting to random move.
[2026-03-09 19:22:23,894][PokeRLEnv y6dpb][WARNING] - 'outrage' is not in list Defaulting to random move.
[2026-03-09 19:22:23,894][PokeRLEnv y6dpb][WARNING] - 'outrage' is not in list Defaulting to random move.
[2026-03-09 19:22:23,894][PokeRLEnv y6dpb][WARNING] - 'outrage' is not in list Defaulting to random move.
[2026-03-09 19:22:23,894][PokeRLEnv y6dpb][WARNING] - 'outrage' is not in list Defaulting to random move.
[2026-03-09 19:22:23,894][PokeRLEnv y6dpb][WARNING] - 'outrage' is not in list Defaulting to random move.
[2026-03-09 19:22:23,895][PokeRLEnv y6dpb][WARNING] - 'outrage' is not in list Defaulting to random move.
[2026-03-09 19:22:23,895][PokeRLEnv y6dpb][WARNING] - 'outrage' is not in list Defaulting to random move.
[2026-03-09 19:22:23,895][PokeRLEnv y6dpb][WARNING] - 'outrage' is not in list Defaulting to random move.
[2026-03-09 19:22:23,895][PokeRLEnv y6dpb][WARNING] - 'outrage' is not in list Defaulting to random move.
[2026-03-09 19:22:23,895][PokeRLEnv y6dpb][WARNING] - 'outrage' is not in list Defaulting to random move.
[2026-03-09 19:22:23,895][PokeRLEnv y6dpb][WARNING] - 'outrage' is not in list Defaulting to random move.
[2026-03-09 19:22:23,895][PokeRLEnv y6dpb][WARNING] - 'outrage' is not in list Defaulting to random move.
[2026-03-09 19:22:23,895][PokeRLEnv y6dpb][WARNING] - 'outrage' is not in list Defaulting to random move.
[2026-03-09 19:22:23,896][PokeRLEnv y6dpb][WARNING] - 'outrage' is not in list Defaulting to random move.
[2026-03-09 19:22:23,896][PokeRLEnv y6dpb][WARNING] - 'outrage' is not in list Defaulting to random move.
[2026-03-09 19:22:23,896][PokeRLEnv y6dpb][WARNING] - 'outrage' is not in list Defaulting to random move.
[2026-03-09 19:22:23,896][PokeRLEnv y6dpb][WARNING] - 'outrage' is not in list Defaulting to random move.
[2026-03-09 19:22:23,896][PokeRLEnv y6dpb][WARNING] - 'outrage' is not in list Defaulting to random move.
[2026-03-09 19:22:23,896][PokeRLEnv y6dpb][WARNING] - 'outrage' is not in list Defaulting to random move.
[2026-03-09 19:22:23,896][PokeRLEnv y6dpb][WARNING] - 'outrage' is not in list Defaulting to random move.
[2026-03-09 19:22:23,896][PokeRLEnv y6dpb][WARNING] - 'outrage' is not in list Defaulting to random move.
[2026-03-09 19:22:23,896][PokeRLEnv y6dpb][WARNING] - 'outrage' is not in list Defaulting to random move.
[2026-03-09 19:22:23,896][PokeRLEnv y6dpb][WARNING] - 'outrage' is not in list Defaulting to random move.
[2026-03-09 19:22:23,897][PokeRLEnv y6dpb][WARNING] - 'outrage' is not in list Defaulting to random move.
[2026-03-09 19:22:23,897][PokeRLEnv y6dpb][WARNING] - 'outrage' is not in list Defaulting to random move.
[2026-03-09 19:22:23,897][PokeRLEnv y6dpb][WARNING] - 'outrage' is not in list Defaulting to random move.
[2026-03-09 19:22:23,897][PokeRLEnv y6dpb][WARNING] - 'outrage' is not in list Defaulting to random move.
[2026-03-09 19:22:23,897][PokeRLEnv y6dpb][WARNING] - 'outrage' is not in list Defaulting to random move.
[2026-03-09 19:22:23,897][PokeRLEnv y6dpb][WARNING] - 'outrage' is not in list Defaulting to random move.
[2026-03-09 19:22:23,897][PokeRLEnv y6dpb][WARNING] - 'outrage' is not in list Defaulting to random move.
[2026-03-09 19:22:23,897][PokeRLEnv y6dpb][WARNING] - 'outrage' is not in list Defaulting to random move.
[2026-03-09 19:22:23,897][PokeRLEnv y6dpb][WARNING] - 'outrage' is not in list Defaulting to random move.
[2026-03-09 19:22:23,897][PokeRLEnv y6dpb][WARNING] - 'outrage' is not in list Defaulting to random move.
[2026-03-09 19:22:23,898][PokeRLEnv y6dpb][WARNING] - 'outrage' is not in list Defaulting to random move.
[2026-03-09 19:22:23,898][PokeRLEnv y6dpb][WARNING] - 'outrage' is not in list Defaulting to random move.
[2026-03-09 19:22:23,898][PokeRLEnv y6dpb][WARNING] - 'outrage' is not in list Defaulting to random move.
[2026-03-09 19:22:23,898][PokeRLEnv y6dpb][WARNING] - 'outrage' is not in list Defaulting to random move.
[2026-03-09 19:22:23,898][PokeRLEnv y6dpb][WARNING] - 'outrage' is not in list Defaulting to random move.
[2026-03-09 19:22:23,898][PokeRLEnv y6dpb][WARNING] - 'outrage' is not in list Defaulting to random move.
[2026-03-09 19:22:23,898][PokeRLEnv y6dpb][WARNING] - 'outrage' is not in list Defaulting to random move.
[2026-03-09 19:22:23,898][PokeRLEnv y6dpb][WARNING] - 'outrage' is not in list Defaulting to random move.
[2026-03-09 19:22:23,898][PokeRLEnv y6dpb][WARNING] - 'outrage' is not in list Defaulting to random move.
[2026-03-09 19:22:23,898][PokeRLEnv y6dpb][WARNING] - 'outrage' is not in list Defaulting to random move.
[2026-03-09 19:22:23,898][PokeRLEnv y6dpb][WARNING] - 'outrage' is not in list Defaulting to random move.
[2026-03-09 19:22:23,899][PokeRLEnv y6dpb][WARNING] - 'outrage' is not in list Defaulting to random move.
[2026-03-09 19:22:23,899][PokeRLEnv y6dpb][WARNING] - 'outrage' is not in list Defaulting to random move.
[2026-03-09 19:22:23,899][PokeRLEnv y6dpb][WARNING] - 'outrage' is not in list Defaulting to random move.
[2026-03-09 19:22:23,899][PokeRLEnv y6dpb][WARNING] - 'outrage' is not in list Defaulting to random move.
[2026-03-09 19:22:23,899][PokeRLEnv y6dpb][WARNING] - 'outrage' is not in list Defaulting to random move.
[2026-03-09 19:22:23,899][PokeRLEnv y6dpb][WARNING] - 'outrage' is not in list Defaulting to random move.
[2026-03-09 19:22:23,899][PokeRLEnv y6dpb][WARNING] - 'outrage' is not in list Defaulting to random move.
[2026-03-09 19:22:23,899][PokeRLEnv y6dpb][WARNING] - 'outrage' is not in list Defaulting to random move.
[2026-03-09 19:22:23,899][PokeRLEnv y6dpb][WARNING] - 'outrage' is not in list Defaulting to random move.
[2026-03-09 19:22:23,900][PokeRLEnv y6dpb][WARNING] - 'outrage' is not in list Defaulting to random move.
[2026-03-09 19:22:23,900][PokeRLEnv y6dpb][WARNING] - 'outrage' is not in list Defaulting to random move.
[2026-03-09 19:22:23,900][PokeRLEnv y6dpb][WARNING] - 'outrage' is not in list Defaulting to random move.
[2026-03-09 19:22:23,900][PokeRLEnv y6dpb][WARNING] - 'outrage' is not in list Defaulting to random move.
[2026-03-09 19:22:23,900][PokeRLEnv y6dpb][WARNING] - 'outrage' is not in list Defaulting to random move.
[2026-03-09 19:22:23,900][PokeRLEnv y6dpb][WARNING] - 'outrage' is not in list Defaulting to random move.
[2026-03-09 19:22:23,900][PokeRLEnv y6dpb][WARNING] - 'outrage' is not in list Defaulting to random move.
[2026-03-09 19:22:23,900][PokeRLEnv y6dpb][WARNING] - 'outrage' is not in list Defaulting to random move.
[2026-03-09 19:22:23,900][PokeRLEnv y6dpb][WARNING] - 'outrage' is not in list Defaulting to random move.
[2026-03-09 19:22:23,900][PokeRLEnv y6dpb][WARNING] - 'outrage' is not in list Defaulting to random move.
[2026-03-09 19:22:23,901][PokeRLEnv y6dpb][WARNING] - 'outrage' is not in list Defaulting to random move.
[2026-03-09 19:22:23,901][PokeRLEnv y6dpb][WARNING] - 'outrage' is not in list Defaulting to random move.
[2026-03-09 19:22:23,901][PokeRLEnv y6dpb][WARNING] - 'outrage' is not in list Defaulting to random move.
[2026-03-09 19:22:23,901][PokeRLEnv y6dpb][WARNING] - 'outrage' is not in list Defaulting to random move.
[2026-03-09 19:22:23,901][PokeRLEnv y6dpb][WARNING] - 'outrage' is not in list Defaulting to random move.
[2026-03-09 19:22:23,901][PokeRLEnv y6dpb][WARNING] - 'outrage' is not in list Defaulting to random move.
[2026-03-09 19:22:23,901][PokeRLEnv y6dpb][WARNING] - 'outrage' is not in list Defaulting to random move.
[2026-03-09 19:22:23,901][PokeRLEnv y6dpb][WARNING] - 'outrage' is not in list Defaulting to random move.
[2026-03-09 19:22:23,902][PokeRLEnv y6dpb][WARNING] - 'outrage' is not in list Defaulting to random move.
[2026-03-09 19:22:23,902][PokeRLEnv y6dpb][WARNING] - 'outrage' is not in list Defaulting to random move.
[2026-03-09 19:22:23,902][PokeRLEnv y6dpb][WARNING] - 'outrage' is not in list Defaulting to random move.
[2026-03-09 19:22:23,902][PokeRLEnv y6dpb][WARNING] - 'outrage' is not in list Defaulting to random move.
[2026-03-09 19:22:23,902][PokeRLEnv y6dpb][WARNING] - 'outrage' is not in list Defaulting to random move.
[2026-03-09 19:22:23,902][PokeRLEnv y6dpb][WARNING] - 'outrage' is not in list Defaulting to random move.
[2026-03-09 19:22:23,902][PokeRLEnv y6dpb][WARNING] - 'outrage' is not in list Defaulting to random move.
[2026-03-09 19:22:23,902][PokeRLEnv y6dpb][WARNING] - 'outrage' is not in list Defaulting to random move.
[2026-03-09 19:22:23,902][PokeRLEnv y6dpb][WARNING] - 'outrage' is not in list Defaulting to random move.
[2026-03-09 19:22:23,902][PokeRLEnv y6dpb][WARNING] - 'outrage' is not in list Defaulting to random move.
[2026-03-09 19:22:23,903][PokeRLEnv y6dpb][WARNING] - 'outrage' is not in list Defaulting to random move.
[2026-03-09 19:22:23,903][PokeRLEnv y6dpb][WARNING] - 'outrage' is not in list Defaulting to random move.
[2026-03-09 19:22:23,903][PokeRLEnv y6dpb][WARNING] - 'outrage' is not in list Defaulting to random move.
[2026-03-09 19:22:23,903][PokeRLEnv y6dpb][WARNING] - 'outrage' is not in list Defaulting to random move.
[2026-03-09 19:22:23,903][PokeRLEnv y6dpb][WARNING] - 'outrage' is not in list Defaulting to random move.
[2026-03-09 19:22:23,903][PokeRLEnv y6dpb][WARNING] - 'outrage' is not in list Defaulting to random move.
[2026-03-09 19:22:23,903][PokeRLEnv y6dpb][WARNING] - 'outrage' is not in list Defaulting to random move.
[2026-03-09 19:22:23,903][PokeRLEnv y6dpb][WARNING] - 'outrage' is not in list Defaulting to random move.
[2026-03-09 19:22:23,903][PokeRLEnv y6dpb][WARNING] - 'outrage' is not in list Defaulting to random move.
[2026-03-09 19:22:23,904][PokeRLEnv y6dpb][WARNING] - 'outrage' is not in list Defaulting to random move.
[2026-03-09 19:22:23,904][PokeRLEnv y6dpb][WARNING] - 'outrage' is not in list Defaulting to random move.
[2026-03-09 19:22:23,904][PokeRLEnv y6dpb][WARNING] - 'outrage' is not in list Defaulting to random move.
[2026-03-09 19:22:23,904][PokeRLEnv y6dpb][WARNING] - 'outrage' is not in list Defaulting to random move.
[2026-03-09 19:22:23,904][PokeRLEnv y6dpb][WARNING] - 'outrage' is not in list Defaulting to random move.
[2026-03-09 19:22:23,904][PokeRLEnv y6dpb][WARNING] - 'outrage' is not in list Defaulting to random move.
[2026-03-09 19:22:23,904][PokeRLEnv y6dpb][WARNING] - 'outrage' is not in list Defaulting to random move.
[2026-03-09 19:22:23,904][PokeRLEnv y6dpb][WARNING] - 'outrage' is not in list Defaulting to random move.
[2026-03-09 19:22:23,904][PokeRLEnv y6dpb][WARNING] - 'outrage' is not in list Defaulting to random move.
[2026-03-09 19:22:23,904][PokeRLEnv y6dpb][WARNING] - 'outrage' is not in list Defaulting to random move.
[2026-03-09 19:22:23,905][PokeRLEnv y6dpb][WARNING] - 'outrage' is not in list Defaulting to random move.
[2026-03-09 19:22:23,905][PokeRLEnv y6dpb][WARNING] - 'outrage' is not in list Defaulting to random move.
[2026-03-09 19:22:23,905][PokeRLEnv y6dpb][WARNING] - 'outrage' is not in list Defaulting to random move.
[2026-03-09 19:22:23,905][PokeRLEnv y6dpb][WARNING] - 'outrage' is not in list Defaulting to random move.
[2026-03-09 19:22:23,905][PokeRLEnv y6dpb][WARNING] - 'outrage' is not in list Defaulting to random move.
[2026-03-09 19:22:23,905][PokeRLEnv y6dpb][WARNING] - 'outrage' is not in list Defaulting to random move.
[2026-03-09 19:22:23,905][PokeRLEnv y6dpb][WARNING] - 'outrage' is not in list Defaulting to random move.
[2026-03-09 19:22:23,905][PokeRLEnv y6dpb][WARNING] - 'outrage' is not in list Defaulting to random move.
[2026-03-09 19:22:23,906][PokeRLEnv y6dpb][WARNING] - 'outrage' is not in list Defaulting to random move.
[2026-03-09 19:22:23,906][PokeRLEnv y6dpb][WARNING] - 'outrage' is not in list Defaulting to random move.
[2026-03-09 19:22:23,906][PokeRLEnv y6dpb][WARNING] - 'outrage' is not in list Defaulting to random move.
[2026-03-09 19:22:23,906][PokeRLEnv y6dpb][WARNING] - 'outrage' is not in list Defaulting to random move.
[2026-03-09 19:22:23,906][PokeRLEnv y6dpb][WARNING] - 'outrage' is not in list Defaulting to random move.
[2026-03-09 19:22:23,906][PokeRLEnv y6dpb][WARNING] - 'outrage' is not in list Defaulting to random move.
[2026-03-09 19:22:23,906][PokeRLEnv y6dpb][WARNING] - 'outrage' is not in list Defaulting to random move.
[2026-03-09 19:22:23,906][PokeRLEnv y6dpb][WARNING] - 'outrage' is not in list Defaulting to random move.
[2026-03-09 19:22:23,906][PokeRLEnv y6dpb][WARNING] - 'outrage' is not in list Defaulting to random move.
[2026-03-09 19:22:23,907][PokeRLEnv y6dpb][WARNING] - 'outrage' is not in list Defaulting to random move.
[2026-03-09 19:22:23,907][PokeRLEnv y6dpb][WARNING] - 'outrage' is not in list Defaulting to random move.
[2026-03-09 19:22:23,907][PokeRLEnv y6dpb][WARNING] - 'outrage' is not in list Defaulting to random move.
[2026-03-09 19:22:23,907][PokeRLEnv y6dpb][WARNING] - 'outrage' is not in list Defaulting to random move.
[2026-03-09 19:22:23,907][PokeRLEnv y6dpb][WARNING] - 'outrage' is not in list Defaulting to random move.
[2026-03-09 19:22:23,907][PokeRLEnv y6dpb][WARNING] - 'outrage' is not in list Defaulting to random move.
[2026-03-09 19:22:23,907][PokeRLEnv y6dpb][WARNING] - 'outrage' is not in list Defaulting to random move.
[2026-03-09 19:22:23,907][PokeRLEnv y6dpb][WARNING] - 'outrage' is not in list Defaulting to random move.
[2026-03-09 19:22:23,908][PokeRLEnv y6dpb][WARNING] - 'outrage' is not in list Defaulting to random move.
[2026-03-09 19:22:23,908][PokeRLEnv y6dpb][WARNING] - 'outrage' is not in list Defaulting to random move.
[2026-03-09 19:22:23,908][PokeRLEnv y6dpb][WARNING] - 'outrage' is not in list Defaulting to random move.
[2026-03-09 19:22:23,908][PokeRLEnv y6dpb][WARNING] - 'outrage' is not in list Defaulting to random move.
[2026-03-09 19:22:23,908][PokeRLEnv y6dpb][WARNING] - 'outrage' is not in list Defaulting to random move.
[2026-03-09 19:22:23,908][PokeRLEnv y6dpb][WARNING] - 'outrage' is not in list Defaulting to random move.
[2026-03-09 19:22:23,908][PokeRLEnv y6dpb][WARNING] - 'outrage' is not in list Defaulting to random move.
[2026-03-09 19:22:23,908][PokeRLEnv y6dpb][WARNING] - 'outrage' is not in list Defaulting to random move.
[2026-03-09 19:22:23,908][PokeRLEnv y6dpb][WARNING] - 'outrage' is not in list Defaulting to random move.
[2026-03-09 19:22:23,908][PokeRLEnv y6dpb][WARNING] - 'outrage' is not in list Defaulting to random move.
[2026-03-09 19:22:23,909][PokeRLEnv y6dpb][WARNING] - 'outrage' is not in list Defaulting to random move.
[2026-03-09 19:22:23,909][PokeRLEnv y6dpb][WARNING] - 'outrage' is not in list Defaulting to random move.
[2026-03-09 19:22:23,909][PokeRLEnv y6dpb][WARNING] - 'outrage' is not in list Defaulting to random move.
[2026-03-09 19:22:23,909][PokeRLEnv y6dpb][WARNING] - 'outrage' is not in list Defaulting to random move.
[2026-03-09 19:22:23,909][PokeRLEnv y6dpb][WARNING] - 'outrage' is not in list Defaulting to random move.
[2026-03-09 19:22:23,909][PokeRLEnv y6dpb][WARNING] - 'outrage' is not in list Defaulting to random move.
[2026-03-09 19:22:23,909][PokeRLEnv y6dpb][WARNING] - 'outrage' is not in list Defaulting to random move.
[2026-03-09 19:22:23,909][PokeRLEnv y6dpb][WARNING] - 'outrage' is not in list Defaulting to random move.
[2026-03-09 19:22:23,909][PokeRLEnv y6dpb][WARNING] - 'outrage' is not in list Defaulting to random move.
[2026-03-09 19:22:23,909][PokeRLEnv y6dpb][WARNING] - 'outrage' is not in list Defaulting to random move.
[2026-03-09 19:22:23,909][PokeRLEnv y6dpb][WARNING] - 'outrage' is not in list Defaulting to random move.
[2026-03-09 19:22:23,910][PokeRLEnv y6dpb][WARNING] - 'outrage' is not in list Defaulting to random move.
[2026-03-09 19:22:23,910][PokeRLEnv y6dpb][WARNING] - 'outrage' is not in list Defaulting to random move.
[2026-03-09 19:22:23,910][PokeRLEnv y6dpb][WARNING] - 'outrage' is not in list Defaulting to random move.
[2026-03-09 19:22:23,910][PokeRLEnv y6dpb][WARNING] - 'outrage' is not in list Defaulting to random move.
[2026-03-09 19:22:23,910][PokeRLEnv y6dpb][WARNING] - 'outrage' is not in list Defaulting to random move.
[2026-03-09 19:22:23,910][PokeRLEnv y6dpb][WARNING] - 'outrage' is not in list Defaulting to random move.
[2026-03-09 19:22:23,910][PokeRLEnv y6dpb][WARNING] - 'outrage' is not in list Defaulting to random move.
[2026-03-09 19:22:23,910][PokeRLEnv y6dpb][WARNING] - 'outrage' is not in list Defaulting to random move.
[2026-03-09 19:22:23,910][PokeRLEnv y6dpb][WARNING] - 'outrage' is not in list Defaulting to random move.
[2026-03-09 19:22:23,910][PokeRLEnv y6dpb][WARNING] - 'outrage' is not in list Defaulting to random move.
[2026-03-09 19:22:23,911][PokeRLEnv y6dpb][WARNING] - 'outrage' is not in list Defaulting to random move.
[2026-03-09 19:22:23,911][PokeRLEnv y6dpb][WARNING] - 'outrage' is not in list Defaulting to random move.
[2026-03-09 19:22:23,911][PokeRLEnv y6dpb][WARNING] - 'outrage' is not in list Defaulting to random move.
[2026-03-09 19:22:23,911][PokeRLEnv y6dpb][WARNING] - 'outrage' is not in list Defaulting to random move.
[2026-03-09 19:22:23,911][PokeRLEnv y6dpb][WARNING] - 'outrage' is not in list Defaulting to random move.
[2026-03-09 19:22:23,911][PokeRLEnv y6dpb][WARNING] - 'outrage' is not in list Defaulting to random move.
[2026-03-09 19:22:23,911][PokeRLEnv y6dpb][WARNING] - 'outrage' is not in list Defaulting to random move.
[2026-03-09 19:22:23,912][PokeRLEnv y6dpb][WARNING] - 'outrage' is not in list Defaulting to random move.
[2026-03-09 19:22:23,912][PokeRLEnv y6dpb][WARNING] - 'outrage' is not in list Defaulting to random move.
[2026-03-09 19:22:23,912][PokeRLEnv y6dpb][WARNING] - 'outrage' is not in list Defaulting to random move.
[2026-03-09 19:22:23,912][PokeRLEnv y6dpb][WARNING] - 'outrage' is not in list Defaulting to random move.
[2026-03-09 19:22:23,912][PokeRLEnv y6dpb][WARNING] - 'outrage' is not in list Defaulting to random move.
[2026-03-09 19:22:23,912][PokeRLEnv y6dpb][WARNING] - 'outrage' is not in list Defaulting to random move.
[2026-03-09 19:22:23,912][PokeRLEnv y6dpb][WARNING] - 'outrage' is not in list Defaulting to random move.
[2026-03-09 19:22:23,912][PokeRLEnv y6dpb][WARNING] - 'outrage' is not in list Defaulting to random move.
[2026-03-09 19:22:23,913][PokeRLEnv y6dpb][WARNING] - 'outrage' is not in list Defaulting to random move.
[2026-03-09 19:22:23,913][PokeRLEnv y6dpb][WARNING] - 'outrage' is not in list Defaulting to random move.
[2026-03-09 19:22:23,913][PokeRLEnv y6dpb][WARNING] - 'outrage' is not in list Defaulting to random move.
[2026-03-09 19:22:23,913][PokeRLEnv y6dpb][WARNING] - 'outrage' is not in list Defaulting to random move.
[2026-03-09 19:22:23,913][PokeRLEnv y6dpb][WARNING] - 'outrage' is not in list Defaulting to random move.
[2026-03-09 19:22:23,913][PokeRLEnv y6dpb][WARNING] - 'outrage' is not in list Defaulting to random move.
[2026-03-09 19:22:23,913][PokeRLEnv y6dpb][WARNING] - 'outrage' is not in list Defaulting to random move.
[2026-03-09 19:22:23,913][PokeRLEnv y6dpb][WARNING] - 'outrage' is not in list Defaulting to random move.
[2026-03-09 19:22:23,913][PokeRLEnv y6dpb][WARNING] - 'outrage' is not in list Defaulting to random move.
[2026-03-09 19:22:23,913][PokeRLEnv y6dpb][WARNING] - 'outrage' is not in list Defaulting to random move.
[2026-03-09 19:22:23,914][PokeRLEnv y6dpb][WARNING] - 'outrage' is not in list Defaulting to random move.
[2026-03-09 19:22:23,914][PokeRLEnv y6dpb][WARNING] - 'outrage' is not in list Defaulting to random move.
[2026-03-09 19:22:23,914][PokeRLEnv y6dpb][WARNING] - 'outrage' is not in list Defaulting to random move.
[2026-03-09 19:22:23,914][PokeRLEnv y6dpb][WARNING] - 'outrage' is not in list Defaulting to random move.
[2026-03-09 19:22:23,914][PokeRLEnv y6dpb][WARNING] - 'outrage' is not in list Defaulting to random move.
[2026-03-09 19:22:23,914][PokeRLEnv y6dpb][WARNING] - 'outrage' is not in list Defaulting to random move.
[2026-03-09 19:22:23,914][PokeRLEnv y6dpb][WARNING] - 'outrage' is not in list Defaulting to random move.
[2026-03-09 19:22:23,914][PokeRLEnv y6dpb][WARNING] - 'outrage' is not in list Defaulting to random move.
[2026-03-09 19:22:23,914][PokeRLEnv y6dpb][WARNING] - 'outrage' is not in list Defaulting to random move.
[2026-03-09 19:22:23,915][PokeRLEnv y6dpb][WARNING] - 'outrage' is not in list Defaulting to random move.
[2026-03-09 19:22:23,915][PokeRLEnv y6dpb][WARNING] - 'outrage' is not in list Defaulting to random move.
[2026-03-09 19:22:23,915][PokeRLEnv y6dpb][WARNING] - 'outrage' is not in list Defaulting to random move.
[2026-03-09 19:22:23,915][PokeRLEnv y6dpb][WARNING] - 'outrage' is not in list Defaulting to random move.
[2026-03-09 19:22:23,915][PokeRLEnv y6dpb][WARNING] - 'outrage' is not in list Defaulting to random move.
[2026-03-09 19:22:23,915][PokeRLEnv y6dpb][WARNING] - 'outrage' is not in list Defaulting to random move.
[2026-03-09 19:22:23,915][PokeRLEnv y6dpb][WARNING] - 'outrage' is not in list Defaulting to random move.
[2026-03-09 19:22:23,915][PokeRLEnv y6dpb][WARNING] - 'outrage' is not in list Defaulting to random move.
[2026-03-09 19:22:23,915][PokeRLEnv y6dpb][WARNING] - 'outrage' is not in list Defaulting to random move.
[2026-03-09 19:22:23,915][PokeRLEnv y6dpb][WARNING] - 'outrage' is not in list Defaulting to random move.
[2026-03-09 19:22:23,916][PokeRLEnv y6dpb][WARNING] - 'outrage' is not in list Defaulting to random move.
[2026-03-09 19:22:23,916][PokeRLEnv y6dpb][WARNING] - 'outrage' is not in list Defaulting to random move.
[2026-03-09 19:22:23,916][PokeRLEnv y6dpb][WARNING] - 'outrage' is not in list Defaulting to random move.
[2026-03-09 19:22:23,916][PokeRLEnv y6dpb][WARNING] - 'outrage' is not in list Defaulting to random move.
[2026-03-09 19:22:23,916][PokeRLEnv y6dpb][WARNING] - 'outrage' is not in list Defaulting to random move.
[2026-03-09 19:22:23,916][PokeRLEnv y6dpb][WARNING] - 'outrage' is not in list Defaulting to random move.
[2026-03-09 19:22:23,916][PokeRLEnv y6dpb][WARNING] - 'outrage' is not in list Defaulting to random move.
[2026-03-09 19:22:23,916][PokeRLEnv y6dpb][WARNING] - 'outrage' is not in list Defaulting to random move.
[2026-03-09 19:22:23,916][PokeRLEnv y6dpb][WARNING] - 'outrage' is not in list Defaulting to random move.
[2026-03-09 19:22:23,917][PokeRLEnv y6dpb][WARNING] - 'outrage' is not in list Defaulting to random move.
[2026-03-09 19:22:23,917][PokeRLEnv y6dpb][WARNING] - 'outrage' is not in list Defaulting to random move.
[2026-03-09 19:22:23,917][PokeRLEnv y6dpb][WARNING] - 'outrage' is not in list Defaulting to random move.
[2026-03-09 19:22:23,917][PokeRLEnv y6dpb][WARNING] - 'outrage' is not in list Defaulting to random move.
[2026-03-09 19:22:23,917][PokeRLEnv y6dpb][WARNING] - 'outrage' is not in list Defaulting to random move.
[2026-03-09 19:22:23,917][PokeRLEnv y6dpb][WARNING] - 'outrage' is not in list Defaulting to random move.
[2026-03-09 19:22:23,917][PokeRLEnv y6dpb][WARNING] - 'outrage' is not in list Defaulting to random move.
[2026-03-09 19:22:23,917][PokeRLEnv y6dpb][WARNING] - 'outrage' is not in list Defaulting to random move.
[2026-03-09 19:22:23,917][PokeRLEnv y6dpb][WARNING] - 'outrage' is not in list Defaulting to random move.
[2026-03-09 19:22:23,918][PokeRLEnv y6dpb][WARNING] - 'outrage' is not in list Defaulting to random move.
[2026-03-09 19:22:23,918][PokeRLEnv y6dpb][WARNING] - 'outrage' is not in list Defaulting to random move.
[2026-03-09 19:22:23,918][PokeRLEnv y6dpb][WARNING] - 'outrage' is not in list Defaulting to random move.
[2026-03-09 19:22:23,918][PokeRLEnv y6dpb][WARNING] - 'outrage' is not in list Defaulting to random move.
[2026-03-09 19:22:23,918][PokeRLEnv y6dpb][WARNING] - 'outrage' is not in list Defaulting to random move.
[2026-03-09 19:22:23,918][PokeRLEnv y6dpb][WARNING] - 'outrage' is not in list Defaulting to random move.
[2026-03-09 19:22:23,918][PokeRLEnv y6dpb][WARNING] - 'outrage' is not in list Defaulting to random move.
[2026-03-09 19:22:23,918][PokeRLEnv y6dpb][WARNING] - 'outrage' is not in list Defaulting to random move.
[2026-03-09 19:22:23,919][PokeRLEnv y6dpb][WARNING] - 'outrage' is not in list Defaulting to random move.
[2026-03-09 19:22:23,919][PokeRLEnv y6dpb][WARNING] - 'outrage' is not in list Defaulting to random move.
[2026-03-09 19:22:23,919][PokeRLEnv y6dpb][WARNING] - 'outrage' is not in list Defaulting to random move.
[2026-03-09 19:22:23,919][PokeRLEnv y6dpb][WARNING] - 'outrage' is not in list Defaulting to random move.
[2026-03-09 19:22:23,919][PokeRLEnv y6dpb][WARNING] - 'outrage' is not in list Defaulting to random move.
[2026-03-09 19:22:23,919][PokeRLEnv y6dpb][WARNING] - 'outrage' is not in list Defaulting to random move.
[2026-03-09 19:22:23,919][PokeRLEnv y6dpb][WARNING] - 'outrage' is not in list Defaulting to random move.
[2026-03-09 19:22:23,919][PokeRLEnv y6dpb][WARNING] - 'outrage' is not in list Defaulting to random move.
[2026-03-09 19:22:23,919][PokeRLEnv y6dpb][WARNING] - 'outrage' is not in list Defaulting to random move.
[2026-03-09 19:22:23,919][PokeRLEnv y6dpb][WARNING] - 'outrage' is not in list Defaulting to random move.
[2026-03-09 19:22:23,920][PokeRLEnv y6dpb][WARNING] - 'outrage' is not in list Defaulting to random move.
[2026-03-09 19:22:23,920][PokeRLEnv y6dpb][WARNING] - 'outrage' is not in list Defaulting to random move.
[2026-03-09 19:22:23,920][PokeRLEnv y6dpb][WARNING] - 'outrage' is not in list Defaulting to random move.
[2026-03-09 19:22:23,920][PokeRLEnv y6dpb][WARNING] - 'outrage' is not in list Defaulting to random move.
[2026-03-09 19:22:23,920][PokeRLEnv y6dpb][WARNING] - 'outrage' is not in list Defaulting to random move.
[2026-03-09 19:22:23,920][PokeRLEnv y6dpb][WARNING] - 'outrage' is not in list Defaulting to random move.
[2026-03-09 19:22:23,920][PokeRLEnv y6dpb][WARNING] - 'outrage' is not in list Defaulting to random move.
[2026-03-09 19:22:23,920][PokeRLEnv y6dpb][WARNING] - 'outrage' is not in list Defaulting to random move.
[2026-03-09 19:22:23,920][PokeRLEnv y6dpb][WARNING] - 'outrage' is not in list Defaulting to random move.
[2026-03-09 19:23:11,608][SimpleHeuristics 1][INFO] - Starting listening to showdown websocket
[2026-03-09 19:23:11,613][SimpleHeuristics 2][INFO] - Starting listening to showdown websocket
[2026-03-09 19:23:12,236][RandomPlayer 1][INFO] - Starting listening to showdown websocket
[2026-03-09 19:23:12,338][SimpleHeuristics 1][INFO] - [92m[1m<<<[0m |updateuser| Guest 1|0|1|{"blockChallenges":false,"blockPMs":false,"ignoreTickets":false,"hideBattlesFromTrainerCard":false,"blockInvites":false,"doNotDisturb":false,"blockFriendRequests":false,"allowFriendNotifications":false,"displayBattlesToFriends":false,"hideLogins":false,"hiddenNextBattle":false,"inviteOnlyNextBattle":false,"language":null}
|customgroups|[{"symbol":"~","name":"Administrator","type":"leadership"},{"symbol":"#","name":"Room Owner","type":"leadership"},{"symbol":"★","name":"Host","type":"leadership"},{"symbol":"@","name":"Moderator","type":"staff"},{"symbol":"%","name":"Driver","type":"staff"},{"symbol":"*","name":"Bot","type":"normal"},{"symbol":"☆","name":"Player","type":"normal"},{"symbol":"+","name":"Voice","type":"normal"},{"symbol":"^","name":"Prize Winner","type":"normal"},{"symbol":"whitelist","name":"Whitelist","type":"normal"},{"symbol":" ","name":null,"type":"normal"},{"symbol":"‽","name":"Locked","type":"punishment"},{"symbol":"!","name":"Muted","type":"punishment"}]
|formats|,LL|,1|S/V Singles|[Gen 9] Random Battle,4f|[Gen 9] Unrated Random Battle,b|[Gen 9] Free-For-All Random Battle,7|[Gen 9] Random Battle (Blitz),4f|[Gen 9] Multi Random Battle,5|[Gen 9] OU,e|[Gen 9] Ubers,e|[Gen 9] UU,e|[Gen 9] RU,e|[Gen 9] NU,e|[Gen 9] PU,e|[Gen 9] LC,e|[Gen 9] Monotype,e|[Gen 9] CAP,e|[Gen 9] BSS Reg I,5e|[Gen 9] BSS Reg J,5c|[Gen 9] Custom Game,c|,1|S/V Doubles|[Gen 9] Random Doubles Battle,4f|[Gen 9] Doubles OU,e|[Gen 9] Doubles Ubers,e|[Gen 9] Doubles UU,e|[Gen 9] Doubles LC,c|[Gen 9] VGC 2023 Reg C,5c|[Gen 9] VGC 2023 Reg D,5c|[Gen 9] VGC 2024 Reg G,5c|[Gen 9] VGC 2026 Reg I,5e|[Gen 9] VGC 2026 Reg F,5e|[Gen 9] VGC 2026 Reg F (Bo3),1e|[Gen 9] Doubles Custom Game,c|,1|Unofficial Metagames|[Gen 9] 1v1,e|[Gen 9] 2v2 Doubles,e|[Gen 9] Anything Goes,e|[Gen 9] ZU,e|[Gen 9] Free-For-All,6|[Gen 9] LC UU,c|[Gen 9] NFE,c|[Gen 9] Ubers UU,c|,1|Draft|[Gen 9] Draft,8c|[Gen 9] 6v6 Doubles Draft,8c|[Gen 9] 4v4 Doubles Draft,dc|[Gen 9] NatDex Draft,8c|[Gen 9] NatDex 6v6 Doubles Draft,8c|[Gen 9] NatDex LC Draft,8c|[Gen 8] Draft,c|[Gen 8] NatDex Draft,c|[Gen 8] NatDex 4v4 Doubles Draft,1c|[Gen 7] Draft,c|[Gen 6] Draft,c|[Gen 5] Draft,c|[Gen 4] Draft,c|[Gen 3] Draft,c|,2|Ladder Spotlight|[Gen 9] BSS Factory (Bo3),1f|[Gen 9] Linked,e|[Gen 9] 350 Cup,e|[Gen 9] Pokebilities AAA,e|[Gen 9] 4v4 Doubles UU,5e|[Gen 9] National Dex RU,e|[Gen 6] Megas Revisited Random Battle,4f|[Gen 9] ChatBats,f|[Gen 4] Ubers,e|[Gen 6] NU,e|[Gen 4] VGC 2009,5e|,2|Other Metagames|[Gen 9] Almost Any Ability,e|[Gen 9] Balanced Hackmons,e|[Gen 9] Godly Gift,e|[Gen 9] Mix and Mega,e|[Gen 9] Shared Power,e|[Gen 9] STABmons,e|[Gen 6] Pure Hackmons,e|,2|Challengeable OMs|[Gen 9] 1-2 Switch,c|[Gen 9] Alphabet Cup,c|[Gen 9] Bad 'n Boosted,c|[Gen 9] Battlefields,c|[Gen 9] Bio Mech Mons,c|[Gen 9] Camomons,c|[Gen 9] Category Swap,c|[Gen 9] Convergence,c|[Gen 9] Cross Evolution,c|[Gen 9] Fervent Impersonation,c|[Gen 9] Flipped,c|[Gen 9] Foresighters,c|[Gen 9] Formemons,c|[Gen 9] Fortemons,c|[Gen 9] Frantic Fusions,c|[Gen 9] Full Potential,c|[Gen 9] Inheritance,c|[Gen 9] Inverse,c|[Gen 9] Nature Swap,c|[Gen 9] Partners in Crime,c|[Gen 9] Passive Aggressive,c|[Gen 9] Pokebilities,c|[Gen 9] Pokemoves,c|[Gen 9] Pure Hackmons,c|[Gen 9] Relay Race,c|[Gen 9] Revelationmons,c|[Gen 9] Sharing is Caring,c|[Gen 9] Tera Donation,c|[Gen 9] Tera Override,c|[Gen 9] The Card Game,c|[Gen 9] The Loser's Game,c|[Gen 9] Tier Shift,c|[Gen 9] Trademarked,c|[Gen 9] Triples,c|[Gen 9] Type Split,c|[Gen 9] VoltTurn Mayhem,c|[Gen 7] Pure Hackmons,c|,2|Temporary Tour Metas|[Gen 9] Mix and Mega LC,c|[Gen 8] Mix and Mega,c|[Gen 7] Mix and Mega,c|[Gen 6] Mix and Mega,c|,2|National Dex|[Gen 9] National Dex,e|[Gen 8] National Dex,e|,2|National Dex Other Tiers|[Gen 9] National Dex 35 Pokes,c|[Gen 9] National Dex Ubers,e|[Gen 9] National Dex UU,e|[Gen 9] National Dex Ubers UU,c|[Gen 9] National Dex LC,c|[Gen 9] National Dex Monotype,e|[Gen 9] National Dex Doubles,e|[Gen 9] National Dex Doubles Ubers,c|[Gen 9] National Dex 1v1,c|[Gen 9] National Dex AG,c|[Gen 9] National Dex AAA,c|[Gen 9] National Dex BH,c|[Gen 9] National Dex Godly Gift,c|[Gen 9] National Dex STABmons,c|[Gen 8] National Dex UU,c|[Gen 8] National Dex RU,c|[Gen 8] National Dex Doubles,e|[Gen 8] National Dex Monotype,c|[Gen 8 DLC 1] National Dex AG,c|,2|Pet Mods|[Gen 6] Megas Revisited,c|[Gen 9] Legends Z-A OU,e|,3|Randomized Metas|[Gen 9] Random Roulette,4f|[Gen 9] Super Staff Bros Ultimate,4f|[Gen 9] Monotype Random Battle,4f|[Gen 9] Random Battle (Shared Power, B12P6),4f|[Gen 9] Random Battle Mayhem,4f|[Gen 9] Battle Factory,4f|[Gen 9] 1v1 Factory,4f|[Gen 9] BSS Factory,5d|[Gen 9] Draft Factory,4d|[Gen 9] Baby Random Battle,4f|[Gen 9] Hackmons Cup,4f|[Gen 9] Doubles Hackmons Cup,4d|[Gen 9] Broken Cup,4f|[Gen 9] Challenge Cup 1v1,4f|[Gen 9] Challenge Cup 2v2,4f|[Gen 9] Challenge Cup 6v6,4d|[Gen 9] Metronome Battle,4e|[Gen 8] Random Battle,4f|[Gen 8] Random Doubles Battle,4d|[Gen 8] Free-For-All Random Battle,5|[Gen 8] Multi Random Battle,5|[Gen 8] Battle Factory,4d|[Gen 8] BSS Factory,5d|[Gen 8] Hackmons Cup,4d|[Gen 8] CAP 1v1,4d|[Gen 8 BDSP] Random Battle,4d|[Gen 7] Random Battle,4f|[Gen 7] Battle Factory,4d|[Gen 7] BSS Factory,5d|[Gen 7] Hackmons Cup,9|[Gen 7 Let's Go] Random Battle,4d|[Gen 6] Random Battle,4f|[Gen 6] Battle Factory,9|[Gen 5] Random Battle,4f|[Gen 4] Random Battle,4f|[Gen 3] Random Battle,4f|[Gen 2] Random Battle,4f|[Gen 1] Random Battle,4f|[Gen 1] Challenge Cup,9|[Gen 1] Hackmons Cup,9|,4|Past Gens OU|[Gen 8] OU,e|[Gen 7] OU,e|[Gen 6] OU,e|[Gen 5] OU,e|[Gen 4] OU,e|[Gen 3] OU,e|[Gen 2] OU,e|[Gen 1] OU,e|,4|Past Gens Doubles OU|[Gen 8] Doubles OU,e|[Gen 7] Doubles OU,e|[Gen 6] Doubles OU,e|[Gen 5] Doubles OU,c|[Gen 4] Doubles OU,c|[Gen 3] Doubles OU,c|,4|Sw/Sh Singles|[Gen 8] Ubers,c|[Gen 8] UU,c|[Gen 8] RU,c|[Gen 8] NU,c|[Gen 8] PU,c|[Gen 8] LC,c|[Gen 8] Monotype,c|[Gen 8] 1v1,c|[Gen 8] Anything Goes,c|[Gen 8] ZU,c|[Gen 8] CAP,c|[Gen 8] Battle Stadium Singles,5c|[Gen 8 BDSP] OU,c|[Gen 8 BDSP] Ubers,c|[Gen 8] Custom Game,c|,4|Sw/Sh Doubles|[Gen 8] Doubles Ubers,c|[Gen 8] Doubles UU,c|[Gen 8] VGC 2022,5c|[Gen 8] VGC 2021,5c|[Gen 8] VGC 2020,5c|[Gen 8 BDSP] Doubles OU,c|[Gen 8 BDSP] Battle Festival Doubles,1c|[Gen 8] Doubles Custom Game,c|,4|US/UM Singles|[Gen 7] Ubers,c|[Gen 7] UU,c|[Gen 7] RU,c|[Gen 7] NU,c|[Gen 7] PU,c|[Gen 7] LC,c|[Gen 7] Monotype,c|[Gen 7] 1v1,c|[Gen 7] Anything Goes,c|[Gen 7] ZU,c|[Gen 7] CAP,c|[Gen 7] Battle Spot Singles,5c|[Gen 7 Let's Go] OU,1c|[Gen 7] Custom Game,c|,4|US/UM Doubles|[Gen 7] Doubles UU,c|[Gen 7] VGC 2019,5c|[Gen 7] VGC 2018,5c|[Gen 7] VGC 2017,5c|[Gen 7] Battle Spot Doubles,5c|[Gen 7 Let's Go] Doubles OU,1c|[Gen 7] Doubles Custom Game,c|,4|OR/AS Singles|[Gen 6] Ubers,c|[Gen 6] UU,c|[Gen 6] RU,c|[Gen 6] PU,c|[Gen 6] LC,c|[Gen 6] Monotype,c|[Gen 6] 1v1,c|[Gen 6] Anything Goes,c|[Gen 6] ZU,c|[Gen 6] CAP,c|[Gen 6] Battle Spot Singles,5c|[Gen 6] Custom Game,c|,4|OR/AS Doubles/Triples|[Gen 6] VGC 2016,5c|[Gen 6] VGC 2015,5c|[Gen 6] VGC 2014,5c|[Gen 6] Battle Spot Doubles,5c|[Gen 6] Doubles Custom Game,c|[Gen 6] Battle Spot Triples,1c|[Gen 6] Triples Custom Game,c|,4|B2/W2 Singles|[Gen 5] Ubers,c|[Gen 5] UU,c|[Gen 5] RU,c|[Gen 5] NU,c|[Gen 5] PU,c|[Gen 5] Monotype,c|[Gen 5] LC,c|[Gen 5] 1v1,c|[Gen 5] CAP,c|[Gen 5] ZU,c|[Gen 5] BW1 OU,c|[Gen 5] GBU Singles,5c|[Gen 5] Custom Game,c|,4|B2/W2 Doubles|[Gen 5] VGC 2013,5c|[Gen 5] VGC 2012,5c|[Gen 5] VGC 2011,5c|[Gen 5] Doubles Custom Game,c|[Gen 5] Triples Custom Game,c|,4|DPP Singles|[Gen 4] UU,c|[Gen 4] NU,c|[Gen 4] LC,c|[Gen 4] Anything Goes,c|[Gen 4] 1v1,c|[Gen 4] CAP,c|[Gen 4] PU,c|[Gen 4] ZU,c|[Gen 4] Custom Game,c|,4|DPP Doubles|[Gen 4] VGC 2010,5c|[Gen 4] Doubles Custom Game,c|,4|Past Generations|[Gen 3] Ubers,c|[Gen 3] UU,c|[Gen 3] RU,c|[Gen 3] NU,c|[Gen 3] PU,c|[Gen 3] LC,c|[Gen 3] 1v1,c|[Gen 3] UUBL,c|[Gen 3] ZU,c|[Gen 3] ADV 200,c|[Gen 3] ADV 200 Doubles,c|[Gen 3] Orre Colosseum,4c|[Gen 3] Custom Game,c|[Gen 3] Doubles Custom Game,c|[Gen 2] Ubers,c|[Gen 2] UU,c|[Gen 2] NU,c|[Gen 2] PU,c|[Gen 2] 1v1,c|[Gen 2] ZU,c|[Gen 2] NC 2000,4c|[Gen 2] Stadium OU,c|[Gen 2] Custom Game,c|[Gen 1] Ubers,c|[Gen 1] UU,c|[Gen 1] NU,c|[Gen 1] PU,c|[Gen 1] ZU,c|[Gen 1] LC,c|[Gen 1] 1v1,c|[Gen 1] NC 1997,4c|[Gen 1] Japanese OU,c|[Gen 1] Stadium OU,c|[Gen 1] Tradebacks OU,c|[Gen 1] Custom Game,c
[2026-03-09 19:23:12,340][SimpleHeuristics 1][INFO] - [92m[1m<<<[0m |challstr|4|cbf4bd5e91a2d135d1243f2dadcab52e618a03b49c5ce01c0f7dfda840f5bff032ae84d36ee6ffb97c0e8fa78c0eca0e6f092c43e3573083b39f1f47da4667443c067c47596de574ba25a7b3416cbd26c1ae6b816e618f3cde157fb0126f3044338fafb5ddf9335f11271fdd624b2accee10f8f239e80c8f8d26f2f09cf1e3ed
[2026-03-09 19:23:12,341][SimpleHeuristics 1][INFO] - Bypassing authentication request
[2026-03-09 19:23:12,341][SimpleHeuristics 1][INFO] - [93m[1m>>>[0m |/trn SimpleHeuristics 1,0,
[2026-03-09 19:23:12,341][SimpleHeuristics 2][INFO] - [92m[1m<<<[0m |updateuser| Guest 4|0|169|{"blockChallenges":false,"blockPMs":false,"ignoreTickets":false,"hideBattlesFromTrainerCard":false,"blockInvites":false,"doNotDisturb":false,"blockFriendRequests":false,"allowFriendNotifications":false,"displayBattlesToFriends":false,"hideLogins":false,"hiddenNextBattle":false,"inviteOnlyNextBattle":false,"language":null}
|customgroups|[{"symbol":"~","name":"Administrator","type":"leadership"},{"symbol":"#","name":"Room Owner","type":"leadership"},{"symbol":"★","name":"Host","type":"leadership"},{"symbol":"@","name":"Moderator","type":"staff"},{"symbol":"%","name":"Driver","type":"staff"},{"symbol":"*","name":"Bot","type":"normal"},{"symbol":"☆","name":"Player","type":"normal"},{"symbol":"+","name":"Voice","type":"normal"},{"symbol":"^","name":"Prize Winner","type":"normal"},{"symbol":"whitelist","name":"Whitelist","type":"normal"},{"symbol":" ","name":null,"type":"normal"},{"symbol":"‽","name":"Locked","type":"punishment"},{"symbol":"!","name":"Muted","type":"punishment"}]
|formats|,LL|,1|S/V Singles|[Gen 9] Random Battle,4f|[Gen 9] Unrated Random Battle,b|[Gen 9] Free-For-All Random Battle,7|[Gen 9] Random Battle (Blitz),4f|[Gen 9] Multi Random Battle,5|[Gen 9] OU,e|[Gen 9] Ubers,e|[Gen 9] UU,e|[Gen 9] RU,e|[Gen 9] NU,e|[Gen 9] PU,e|[Gen 9] LC,e|[Gen 9] Monotype,e|[Gen 9] CAP,e|[Gen 9] BSS Reg I,5e|[Gen 9] BSS Reg J,5c|[Gen 9] Custom Game,c|,1|S/V Doubles|[Gen 9] Random Doubles Battle,4f|[Gen 9] Doubles OU,e|[Gen 9] Doubles Ubers,e|[Gen 9] Doubles UU,e|[Gen 9] Doubles LC,c|[Gen 9] VGC 2023 Reg C,5c|[Gen 9] VGC 2023 Reg D,5c|[Gen 9] VGC 2024 Reg G,5c|[Gen 9] VGC 2026 Reg I,5e|[Gen 9] VGC 2026 Reg F,5e|[Gen 9] VGC 2026 Reg F (Bo3),1e|[Gen 9] Doubles Custom Game,c|,1|Unofficial Metagames|[Gen 9] 1v1,e|[Gen 9] 2v2 Doubles,e|[Gen 9] Anything Goes,e|[Gen 9] ZU,e|[Gen 9] Free-For-All,6|[Gen 9] LC UU,c|[Gen 9] NFE,c|[Gen 9] Ubers UU,c|,1|Draft|[Gen 9] Draft,8c|[Gen 9] 6v6 Doubles Draft,8c|[Gen 9] 4v4 Doubles Draft,dc|[Gen 9] NatDex Draft,8c|[Gen 9] NatDex 6v6 Doubles Draft,8c|[Gen 9] NatDex LC Draft,8c|[Gen 8] Draft,c|[Gen 8] NatDex Draft,c|[Gen 8] NatDex 4v4 Doubles Draft,1c|[Gen 7] Draft,c|[Gen 6] Draft,c|[Gen 5] Draft,c|[Gen 4] Draft,c|[Gen 3] Draft,c|,2|Ladder Spotlight|[Gen 9] BSS Factory (Bo3),1f|[Gen 9] Linked,e|[Gen 9] 350 Cup,e|[Gen 9] Pokebilities AAA,e|[Gen 9] 4v4 Doubles UU,5e|[Gen 9] National Dex RU,e|[Gen 6] Megas Revisited Random Battle,4f|[Gen 9] ChatBats,f|[Gen 4] Ubers,e|[Gen 6] NU,e|[Gen 4] VGC 2009,5e|,2|Other Metagames|[Gen 9] Almost Any Ability,e|[Gen 9] Balanced Hackmons,e|[Gen 9] Godly Gift,e|[Gen 9] Mix and Mega,e|[Gen 9] Shared Power,e|[Gen 9] STABmons,e|[Gen 6] Pure Hackmons,e|,2|Challengeable OMs|[Gen 9] 1-2 Switch,c|[Gen 9] Alphabet Cup,c|[Gen 9] Bad 'n Boosted,c|[Gen 9] Battlefields,c|[Gen 9] Bio Mech Mons,c|[Gen 9] Camomons,c|[Gen 9] Category Swap,c|[Gen 9] Convergence,c|[Gen 9] Cross Evolution,c|[Gen 9] Fervent Impersonation,c|[Gen 9] Flipped,c|[Gen 9] Foresighters,c|[Gen 9] Formemons,c|[Gen 9] Fortemons,c|[Gen 9] Frantic Fusions,c|[Gen 9] Full Potential,c|[Gen 9] Inheritance,c|[Gen 9] Inverse,c|[Gen 9] Nature Swap,c|[Gen 9] Partners in Crime,c|[Gen 9] Passive Aggressive,c|[Gen 9] Pokebilities,c|[Gen 9] Pokemoves,c|[Gen 9] Pure Hackmons,c|[Gen 9] Relay Race,c|[Gen 9] Revelationmons,c|[Gen 9] Sharing is Caring,c|[Gen 9] Tera Donation,c|[Gen 9] Tera Override,c|[Gen 9] The Card Game,c|[Gen 9] The Loser's Game,c|[Gen 9] Tier Shift,c|[Gen 9] Trademarked,c|[Gen 9] Triples,c|[Gen 9] Type Split,c|[Gen 9] VoltTurn Mayhem,c|[Gen 7] Pure Hackmons,c|,2|Temporary Tour Metas|[Gen 9] Mix and Mega LC,c|[Gen 8] Mix and Mega,c|[Gen 7] Mix and Mega,c|[Gen 6] Mix and Mega,c|,2|National Dex|[Gen 9] National Dex,e|[Gen 8] National Dex,e|,2|National Dex Other Tiers|[Gen 9] National Dex 35 Pokes,c|[Gen 9] National Dex Ubers,e|[Gen 9] National Dex UU,e|[Gen 9] National Dex Ubers UU,c|[Gen 9] National Dex LC,c|[Gen 9] National Dex Monotype,e|[Gen 9] National Dex Doubles,e|[Gen 9] National Dex Doubles Ubers,c|[Gen 9] National Dex 1v1,c|[Gen 9] National Dex AG,c|[Gen 9] National Dex AAA,c|[Gen 9] National Dex BH,c|[Gen 9] National Dex Godly Gift,c|[Gen 9] National Dex STABmons,c|[Gen 8] National Dex UU,c|[Gen 8] National Dex RU,c|[Gen 8] National Dex Doubles,e|[Gen 8] National Dex Monotype,c|[Gen 8 DLC 1] National Dex AG,c|,2|Pet Mods|[Gen 6] Megas Revisited,c|[Gen 9] Legends Z-A OU,e|,3|Randomized Metas|[Gen 9] Random Roulette,4f|[Gen 9] Super Staff Bros Ultimate,4f|[Gen 9] Monotype Random Battle,4f|[Gen 9] Random Battle (Shared Power, B12P6),4f|[Gen 9] Random Battle Mayhem,4f|[Gen 9] Battle Factory,4f|[Gen 9] 1v1 Factory,4f|[Gen 9] BSS Factory,5d|[Gen 9] Draft Factory,4d|[Gen 9] Baby Random Battle,4f|[Gen 9] Hackmons Cup,4f|[Gen 9] Doubles Hackmons Cup,4d|[Gen 9] Broken Cup,4f|[Gen 9] Challenge Cup 1v1,4f|[Gen 9] Challenge Cup 2v2,4f|[Gen 9] Challenge Cup 6v6,4d|[Gen 9] Metronome Battle,4e|[Gen 8] Random Battle,4f|[Gen 8] Random Doubles Battle,4d|[Gen 8] Free-For-All Random Battle,5|[Gen 8] Multi Random Battle,5|[Gen 8] Battle Factory,4d|[Gen 8] BSS Factory,5d|[Gen 8] Hackmons Cup,4d|[Gen 8] CAP 1v1,4d|[Gen 8 BDSP] Random Battle,4d|[Gen 7] Random Battle,4f|[Gen 7] Battle Factory,4d|[Gen 7] BSS Factory,5d|[Gen 7] Hackmons Cup,9|[Gen 7 Let's Go] Random Battle,4d|[Gen 6] Random Battle,4f|[Gen 6] Battle Factory,9|[Gen 5] Random Battle,4f|[Gen 4] Random Battle,4f|[Gen 3] Random Battle,4f|[Gen 2] Random Battle,4f|[Gen 1] Random Battle,4f|[Gen 1] Challenge Cup,9|[Gen 1] Hackmons Cup,9|,4|Past Gens OU|[Gen 8] OU,e|[Gen 7] OU,e|[Gen 6] OU,e|[Gen 5] OU,e|[Gen 4] OU,e|[Gen 3] OU,e|[Gen 2] OU,e|[Gen 1] OU,e|,4|Past Gens Doubles OU|[Gen 8] Doubles OU,e|[Gen 7] Doubles OU,e|[Gen 6] Doubles OU,e|[Gen 5] Doubles OU,c|[Gen 4] Doubles OU,c|[Gen 3] Doubles OU,c|,4|Sw/Sh Singles|[Gen 8] Ubers,c|[Gen 8] UU,c|[Gen 8] RU,c|[Gen 8] NU,c|[Gen 8] PU,c|[Gen 8] LC,c|[Gen 8] Monotype,c|[Gen 8] 1v1,c|[Gen 8] Anything Goes,c|[Gen 8] ZU,c|[Gen 8] CAP,c|[Gen 8] Battle Stadium Singles,5c|[Gen 8 BDSP] OU,c|[Gen 8 BDSP] Ubers,c|[Gen 8] Custom Game,c|,4|Sw/Sh Doubles|[Gen 8] Doubles Ubers,c|[Gen 8] Doubles UU,c|[Gen 8] VGC 2022,5c|[Gen 8] VGC 2021,5c|[Gen 8] VGC 2020,5c|[Gen 8 BDSP] Doubles OU,c|[Gen 8 BDSP] Battle Festival Doubles,1c|[Gen 8] Doubles Custom Game,c|,4|US/UM Singles|[Gen 7] Ubers,c|[Gen 7] UU,c|[Gen 7] RU,c|[Gen 7] NU,c|[Gen 7] PU,c|[Gen 7] LC,c|[Gen 7] Monotype,c|[Gen 7] 1v1,c|[Gen 7] Anything Goes,c|[Gen 7] ZU,c|[Gen 7] CAP,c|[Gen 7] Battle Spot Singles,5c|[Gen 7 Let's Go] OU,1c|[Gen 7] Custom Game,c|,4|US/UM Doubles|[Gen 7] Doubles UU,c|[Gen 7] VGC 2019,5c|[Gen 7] VGC 2018,5c|[Gen 7] VGC 2017,5c|[Gen 7] Battle Spot Doubles,5c|[Gen 7 Let's Go] Doubles OU,1c|[Gen 7] Doubles Custom Game,c|,4|OR/AS Singles|[Gen 6] Ubers,c|[Gen 6] UU,c|[Gen 6] RU,c|[Gen 6] PU,c|[Gen 6] LC,c|[Gen 6] Monotype,c|[Gen 6] 1v1,c|[Gen 6] Anything Goes,c|[Gen 6] ZU,c|[Gen 6] CAP,c|[Gen 6] Battle Spot Singles,5c|[Gen 6] Custom Game,c|,4|OR/AS Doubles/Triples|[Gen 6] VGC 2016,5c|[Gen 6] VGC 2015,5c|[Gen 6] VGC 2014,5c|[Gen 6] Battle Spot Doubles,5c|[Gen 6] Doubles Custom Game,c|[Gen 6] Battle Spot Triples,1c|[Gen 6] Triples Custom Game,c|,4|B2/W2 Singles|[Gen 5] Ubers,c|[Gen 5] UU,c|[Gen 5] RU,c|[Gen 5] NU,c|[Gen 5] PU,c|[Gen 5] Monotype,c|[Gen 5] LC,c|[Gen 5] 1v1,c|[Gen 5] CAP,c|[Gen 5] ZU,c|[Gen 5] BW1 OU,c|[Gen 5] GBU Singles,5c|[Gen 5] Custom Game,c|,4|B2/W2 Doubles|[Gen 5] VGC 2013,5c|[Gen 5] VGC 2012,5c|[Gen 5] VGC 2011,5c|[Gen 5] Doubles Custom Game,c|[Gen 5] Triples Custom Game,c|,4|DPP Singles|[Gen 4] UU,c|[Gen 4] NU,c|[Gen 4] LC,c|[Gen 4] Anything Goes,c|[Gen 4] 1v1,c|[Gen 4] CAP,c|[Gen 4] PU,c|[Gen 4] ZU,c|[Gen 4] Custom Game,c|,4|DPP Doubles|[Gen 4] VGC 2010,5c|[Gen 4] Doubles Custom Game,c|,4|Past Generations|[Gen 3] Ubers,c|[Gen 3] UU,c|[Gen 3] RU,c|[Gen 3] NU,c|[Gen 3] PU,c|[Gen 3] LC,c|[Gen 3] 1v1,c|[Gen 3] UUBL,c|[Gen 3] ZU,c|[Gen 3] ADV 200,c|[Gen 3] ADV 200 Doubles,c|[Gen 3] Orre Colosseum,4c|[Gen 3] Custom Game,c|[Gen 3] Doubles Custom Game,c|[Gen 2] Ubers,c|[Gen 2] UU,c|[Gen 2] NU,c|[Gen 2] PU,c|[Gen 2] 1v1,c|[Gen 2] ZU,c|[Gen 2] NC 2000,4c|[Gen 2] Stadium OU,c|[Gen 2] Custom Game,c|[Gen 1] Ubers,c|[Gen 1] UU,c|[Gen 1] NU,c|[Gen 1] PU,c|[Gen 1] ZU,c|[Gen 1] LC,c|[Gen 1] 1v1,c|[Gen 1] NC 1997,4c|[Gen 1] Japanese OU,c|[Gen 1] Stadium OU,c|[Gen 1] Tradebacks OU,c|[Gen 1] Custom Game,c
[2026-03-09 19:23:12,343][SimpleHeuristics 2][INFO] - [92m[1m<<<[0m |challstr|4|854da89ed0544bb90c30425450154aadb0f1b185e27167808e1e5717fcab95053d7d79be77bcf24ec306e3161b0946b7006eac5761018d636746f2e40a1e1f67f7e11b9fae10d36d2cb186b13d4ee57c8b6c6c403a7edb34dbcc5c48c30b73881ac12cc784b308d71539afdacc39136e0666c969e01c6543f4a46cddee0d1267
[2026-03-09 19:23:12,343][SimpleHeuristics 2][INFO] - Bypassing authentication request
[2026-03-09 19:23:12,343][SimpleHeuristics 2][INFO] - [93m[1m>>>[0m |/trn SimpleHeuristics 2,0,
[2026-03-09 19:23:12,343][RandomPlayer 1][INFO] - [92m[1m<<<[0m |updateuser| Guest 7|0|2|{"blockChallenges":false,"blockPMs":false,"ignoreTickets":false,"hideBattlesFromTrainerCard":false,"blockInvites":false,"doNotDisturb":false,"blockFriendRequests":false,"allowFriendNotifications":false,"displayBattlesToFriends":false,"hideLogins":false,"hiddenNextBattle":false,"inviteOnlyNextBattle":false,"language":null}
|customgroups|[{"symbol":"~","name":"Administrator","type":"leadership"},{"symbol":"#","name":"Room Owner","type":"leadership"},{"symbol":"★","name":"Host","type":"leadership"},{"symbol":"@","name":"Moderator","type":"staff"},{"symbol":"%","name":"Driver","type":"staff"},{"symbol":"*","name":"Bot","type":"normal"},{"symbol":"☆","name":"Player","type":"normal"},{"symbol":"+","name":"Voice","type":"normal"},{"symbol":"^","name":"Prize Winner","type":"normal"},{"symbol":"whitelist","name":"Whitelist","type":"normal"},{"symbol":" ","name":null,"type":"normal"},{"symbol":"‽","name":"Locked","type":"punishment"},{"symbol":"!","name":"Muted","type":"punishment"}]
|formats|,LL|,1|S/V Singles|[Gen 9] Random Battle,4f|[Gen 9] Unrated Random Battle,b|[Gen 9] Free-For-All Random Battle,7|[Gen 9] Random Battle (Blitz),4f|[Gen 9] Multi Random Battle,5|[Gen 9] OU,e|[Gen 9] Ubers,e|[Gen 9] UU,e|[Gen 9] RU,e|[Gen 9] NU,e|[Gen 9] PU,e|[Gen 9] LC,e|[Gen 9] Monotype,e|[Gen 9] CAP,e|[Gen 9] BSS Reg I,5e|[Gen 9] BSS Reg J,5c|[Gen 9] Custom Game,c|,1|S/V Doubles|[Gen 9] Random Doubles Battle,4f|[Gen 9] Doubles OU,e|[Gen 9] Doubles Ubers,e|[Gen 9] Doubles UU,e|[Gen 9] Doubles LC,c|[Gen 9] VGC 2023 Reg C,5c|[Gen 9] VGC 2023 Reg D,5c|[Gen 9] VGC 2024 Reg G,5c|[Gen 9] VGC 2026 Reg I,5e|[Gen 9] VGC 2026 Reg F,5e|[Gen 9] VGC 2026 Reg F (Bo3),1e|[Gen 9] Doubles Custom Game,c|,1|Unofficial Metagames|[Gen 9] 1v1,e|[Gen 9] 2v2 Doubles,e|[Gen 9] Anything Goes,e|[Gen 9] ZU,e|[Gen 9] Free-For-All,6|[Gen 9] LC UU,c|[Gen 9] NFE,c|[Gen 9] Ubers UU,c|,1|Draft|[Gen 9] Draft,8c|[Gen 9] 6v6 Doubles Draft,8c|[Gen 9] 4v4 Doubles Draft,dc|[Gen 9] NatDex Draft,8c|[Gen 9] NatDex 6v6 Doubles Draft,8c|[Gen 9] NatDex LC Draft,8c|[Gen 8] Draft,c|[Gen 8] NatDex Draft,c|[Gen 8] NatDex 4v4 Doubles Draft,1c|[Gen 7] Draft,c|[Gen 6] Draft,c|[Gen 5] Draft,c|[Gen 4] Draft,c|[Gen 3] Draft,c|,2|Ladder Spotlight|[Gen 9] BSS Factory (Bo3),1f|[Gen 9] Linked,e|[Gen 9] 350 Cup,e|[Gen 9] Pokebilities AAA,e|[Gen 9] 4v4 Doubles UU,5e|[Gen 9] National Dex RU,e|[Gen 6] Megas Revisited Random Battle,4f|[Gen 9] ChatBats,f|[Gen 4] Ubers,e|[Gen 6] NU,e|[Gen 4] VGC 2009,5e|,2|Other Metagames|[Gen 9] Almost Any Ability,e|[Gen 9] Balanced Hackmons,e|[Gen 9] Godly Gift,e|[Gen 9] Mix and Mega,e|[Gen 9] Shared Power,e|[Gen 9] STABmons,e|[Gen 6] Pure Hackmons,e|,2|Challengeable OMs|[Gen 9] 1-2 Switch,c|[Gen 9] Alphabet Cup,c|[Gen 9] Bad 'n Boosted,c|[Gen 9] Battlefields,c|[Gen 9] Bio Mech Mons,c|[Gen 9] Camomons,c|[Gen 9] Category Swap,c|[Gen 9] Convergence,c|[Gen 9] Cross Evolution,c|[Gen 9] Fervent Impersonation,c|[Gen 9] Flipped,c|[Gen 9] Foresighters,c|[Gen 9] Formemons,c|[Gen 9] Fortemons,c|[Gen 9] Frantic Fusions,c|[Gen 9] Full Potential,c|[Gen 9] Inheritance,c|[Gen 9] Inverse,c|[Gen 9] Nature Swap,c|[Gen 9] Partners in Crime,c|[Gen 9] Passive Aggressive,c|[Gen 9] Pokebilities,c|[Gen 9] Pokemoves,c|[Gen 9] Pure Hackmons,c|[Gen 9] Relay Race,c|[Gen 9] Revelationmons,c|[Gen 9] Sharing is Caring,c|[Gen 9] Tera Donation,c|[Gen 9] Tera Override,c|[Gen 9] The Card Game,c|[Gen 9] The Loser's Game,c|[Gen 9] Tier Shift,c|[Gen 9] Trademarked,c|[Gen 9] Triples,c|[Gen 9] Type Split,c|[Gen 9] VoltTurn Mayhem,c|[Gen 7] Pure Hackmons,c|,2|Temporary Tour Metas|[Gen 9] Mix and Mega LC,c|[Gen 8] Mix and Mega,c|[Gen 7] Mix and Mega,c|[Gen 6] Mix and Mega,c|,2|National Dex|[Gen 9] National Dex,e|[Gen 8] National Dex,e|,2|National Dex Other Tiers|[Gen 9] National Dex 35 Pokes,c|[Gen 9] National Dex Ubers,e|[Gen 9] National Dex UU,e|[Gen 9] National Dex Ubers UU,c|[Gen 9] National Dex LC,c|[Gen 9] National Dex Monotype,e|[Gen 9] National Dex Doubles,e|[Gen 9] National Dex Doubles Ubers,c|[Gen 9] National Dex 1v1,c|[Gen 9] National Dex AG,c|[Gen 9] National Dex AAA,c|[Gen 9] National Dex BH,c|[Gen 9] National Dex Godly Gift,c|[Gen 9] National Dex STABmons,c|[Gen 8] National Dex UU,c|[Gen 8] National Dex RU,c|[Gen 8] National Dex Doubles,e|[Gen 8] National Dex Monotype,c|[Gen 8 DLC 1] National Dex AG,c|,2|Pet Mods|[Gen 6] Megas Revisited,c|[Gen 9] Legends Z-A OU,e|,3|Randomized Metas|[Gen 9] Random Roulette,4f|[Gen 9] Super Staff Bros Ultimate,4f|[Gen 9] Monotype Random Battle,4f|[Gen 9] Random Battle (Shared Power, B12P6),4f|[Gen 9] Random Battle Mayhem,4f|[Gen 9] Battle Factory,4f|[Gen 9] 1v1 Factory,4f|[Gen 9] BSS Factory,5d|[Gen 9] Draft Factory,4d|[Gen 9] Baby Random Battle,4f|[Gen 9] Hackmons Cup,4f|[Gen 9] Doubles Hackmons Cup,4d|[Gen 9] Broken Cup,4f|[Gen 9] Challenge Cup 1v1,4f|[Gen 9] Challenge Cup 2v2,4f|[Gen 9] Challenge Cup 6v6,4d|[Gen 9] Metronome Battle,4e|[Gen 8] Random Battle,4f|[Gen 8] Random Doubles Battle,4d|[Gen 8] Free-For-All Random Battle,5|[Gen 8] Multi Random Battle,5|[Gen 8] Battle Factory,4d|[Gen 8] BSS Factory,5d|[Gen 8] Hackmons Cup,4d|[Gen 8] CAP 1v1,4d|[Gen 8 BDSP] Random Battle,4d|[Gen 7] Random Battle,4f|[Gen 7] Battle Factory,4d|[Gen 7] BSS Factory,5d|[Gen 7] Hackmons Cup,9|[Gen 7 Let's Go] Random Battle,4d|[Gen 6] Random Battle,4f|[Gen 6] Battle Factory,9|[Gen 5] Random Battle,4f|[Gen 4] Random Battle,4f|[Gen 3] Random Battle,4f|[Gen 2] Random Battle,4f|[Gen 1] Random Battle,4f|[Gen 1] Challenge Cup,9|[Gen 1] Hackmons Cup,9|,4|Past Gens OU|[Gen 8] OU,e|[Gen 7] OU,e|[Gen 6] OU,e|[Gen 5] OU,e|[Gen 4] OU,e|[Gen 3] OU,e|[Gen 2] OU,e|[Gen 1] OU,e|,4|Past Gens Doubles OU|[Gen 8] Doubles OU,e|[Gen 7] Doubles OU,e|[Gen 6] Doubles OU,e|[Gen 5] Doubles OU,c|[Gen 4] Doubles OU,c|[Gen 3] Doubles OU,c|,4|Sw/Sh Singles|[Gen 8] Ubers,c|[Gen 8] UU,c|[Gen 8] RU,c|[Gen 8] NU,c|[Gen 8] PU,c|[Gen 8] LC,c|[Gen 8] Monotype,c|[Gen 8] 1v1,c|[Gen 8] Anything Goes,c|[Gen 8] ZU,c|[Gen 8] CAP,c|[Gen 8] Battle Stadium Singles,5c|[Gen 8 BDSP] OU,c|[Gen 8 BDSP] Ubers,c|[Gen 8] Custom Game,c|,4|Sw/Sh Doubles|[Gen 8] Doubles Ubers,c|[Gen 8] Doubles UU,c|[Gen 8] VGC 2022,5c|[Gen 8] VGC 2021,5c|[Gen 8] VGC 2020,5c|[Gen 8 BDSP] Doubles OU,c|[Gen 8 BDSP] Battle Festival Doubles,1c|[Gen 8] Doubles Custom Game,c|,4|US/UM Singles|[Gen 7] Ubers,c|[Gen 7] UU,c|[Gen 7] RU,c|[Gen 7] NU,c|[Gen 7] PU,c|[Gen 7] LC,c|[Gen 7] Monotype,c|[Gen 7] 1v1,c|[Gen 7] Anything Goes,c|[Gen 7] ZU,c|[Gen 7] CAP,c|[Gen 7] Battle Spot Singles,5c|[Gen 7 Let's Go] OU,1c|[Gen 7] Custom Game,c|,4|US/UM Doubles|[Gen 7] Doubles UU,c|[Gen 7] VGC 2019,5c|[Gen 7] VGC 2018,5c|[Gen 7] VGC 2017,5c|[Gen 7] Battle Spot Doubles,5c|[Gen 7 Let's Go] Doubles OU,1c|[Gen 7] Doubles Custom Game,c|,4|OR/AS Singles|[Gen 6] Ubers,c|[Gen 6] UU,c|[Gen 6] RU,c|[Gen 6] PU,c|[Gen 6] LC,c|[Gen 6] Monotype,c|[Gen 6] 1v1,c|[Gen 6] Anything Goes,c|[Gen 6] ZU,c|[Gen 6] CAP,c|[Gen 6] Battle Spot Singles,5c|[Gen 6] Custom Game,c|,4|OR/AS Doubles/Triples|[Gen 6] VGC 2016,5c|[Gen 6] VGC 2015,5c|[Gen 6] VGC 2014,5c|[Gen 6] Battle Spot Doubles,5c|[Gen 6] Doubles Custom Game,c|[Gen 6] Battle Spot Triples,1c|[Gen 6] Triples Custom Game,c|,4|B2/W2 Singles|[Gen 5] Ubers,c|[Gen 5] UU,c|[Gen 5] RU,c|[Gen 5] NU,c|[Gen 5] PU,c|[Gen 5] Monotype,c|[Gen 5] LC,c|[Gen 5] 1v1,c|[Gen 5] CAP,c|[Gen 5] ZU,c|[Gen 5] BW1 OU,c|[Gen 5] GBU Singles,5c|[Gen 5] Custom Game,c|,4|B2/W2 Doubles|[Gen 5] VGC 2013,5c|[Gen 5] VGC 2012,5c|[Gen 5] VGC 2011,5c|[Gen 5] Doubles Custom Game,c|[Gen 5] Triples Custom Game,c|,4|DPP Singles|[Gen 4] UU,c|[Gen 4] NU,c|[Gen 4] LC,c|[Gen 4] Anything Goes,c|[Gen 4] 1v1,c|[Gen 4] CAP,c|[Gen 4] PU,c|[Gen 4] ZU,c|[Gen 4] Custom Game,c|,4|DPP Doubles|[Gen 4] VGC 2010,5c|[Gen 4] Doubles Custom Game,c|,4|Past Generations|[Gen 3] Ubers,c|[Gen 3] UU,c|[Gen 3] RU,c|[Gen 3] NU,c|[Gen 3] PU,c|[Gen 3] LC,c|[Gen 3] 1v1,c|[Gen 3] UUBL,c|[Gen 3] ZU,c|[Gen 3] ADV 200,c|[Gen 3] ADV 200 Doubles,c|[Gen 3] Orre Colosseum,4c|[Gen 3] Custom Game,c|[Gen 3] Doubles Custom Game,c|[Gen 2] Ubers,c|[Gen 2] UU,c|[Gen 2] NU,c|[Gen 2] PU,c|[Gen 2] 1v1,c|[Gen 2] ZU,c|[Gen 2] NC 2000,4c|[Gen 2] Stadium OU,c|[Gen 2] Custom Game,c|[Gen 1] Ubers,c|[Gen 1] UU,c|[Gen 1] NU,c|[Gen 1] PU,c|[Gen 1] ZU,c|[Gen 1] LC,c|[Gen 1] 1v1,c|[Gen 1] NC 1997,4c|[Gen 1] Japanese OU,c|[Gen 1] Stadium OU,c|[Gen 1] Tradebacks OU,c|[Gen 1] Custom Game,c
[2026-03-09 19:23:12,345][RandomPlayer 1][INFO] - [92m[1m<<<[0m |challstr|4|f73cf55ead777275c2d65c8f8219373fc12998d23359907df9ae20abb565a97928dd36b1712e441e5fda55077d71d7acc050ba308fae93cd192aa7330ecbd83f2c50dfda126b18e04674328b00f95d1562d319e156de7425ec5f262b045399415a9c2c6300323e1404c1577cdb5c399f3db02f784203c84266a373b678e58b19
[2026-03-09 19:23:12,345][RandomPlayer 1][INFO] - Bypassing authentication request
[2026-03-09 19:23:12,346][RandomPlayer 1][INFO] - [93m[1m>>>[0m |/trn RandomPlayer 1,0,
[2026-03-09 19:23:12,406][SimpleHeuristics 1][INFO] - [92m[1m<<<[0m |updatesearch|{"searching":[],"games":null}
[2026-03-09 19:23:12,406][SimpleHeuristics 1][INFO] - [92m[1m<<<[0m |updateuser| SimpleHeuristics 1|1|1|{"blockChallenges":false,"blockPMs":false,"ignoreTickets":false,"hideBattlesFromTrainerCard":false,"blockInvites":false,"doNotDisturb":false,"blockFriendRequests":false,"allowFriendNotifications":false,"displayBattlesToFriends":false,"hideLogins":false,"hiddenNextBattle":false,"inviteOnlyNextBattle":false,"language":null}
[2026-03-09 19:23:12,407][SimpleHeuristics 2][INFO] - [92m[1m<<<[0m |updatesearch|{"searching":[],"games":null}
[2026-03-09 19:23:12,407][SimpleHeuristics 2][INFO] - [92m[1m<<<[0m |updateuser| SimpleHeuristics 2|1|169|{"blockChallenges":false,"blockPMs":false,"ignoreTickets":false,"hideBattlesFromTrainerCard":false,"blockInvites":false,"doNotDisturb":false,"blockFriendRequests":false,"allowFriendNotifications":false,"displayBattlesToFriends":false,"hideLogins":false,"hiddenNextBattle":false,"inviteOnlyNextBattle":false,"language":null}
[2026-03-09 19:23:12,408][RandomPlayer 1][INFO] - [92m[1m<<<[0m |updatesearch|{"searching":[],"games":null}
[2026-03-09 19:23:12,408][RandomPlayer 1][INFO] - [92m[1m<<<[0m |updateuser| RandomPlayer 1|1|2|{"blockChallenges":false,"blockPMs":false,"ignoreTickets":false,"hideBattlesFromTrainerCard":false,"blockInvites":false,"doNotDisturb":false,"blockFriendRequests":false,"allowFriendNotifications":false,"displayBattlesToFriends":false,"hideLogins":false,"hiddenNextBattle":false,"inviteOnlyNextBattle":false,"language":null}
[2026-03-09 19:26:42,045][SimpleHeuristics 4][INFO] - Starting listening to showdown websocket
[2026-03-09 19:26:42,049][SimpleHeuristics 4][INFO] - [92m[1m<<<[0m |updateuser| Guest 10|0|2|{"blockChallenges":false,"blockPMs":false,"ignoreTickets":false,"hideBattlesFromTrainerCard":false,"blockInvites":false,"doNotDisturb":false,"blockFriendRequests":false,"allowFriendNotifications":false,"displayBattlesToFriends":false,"hideLogins":false,"hiddenNextBattle":false,"inviteOnlyNextBattle":false,"language":null}
|customgroups|[{"symbol":"~","name":"Administrator","type":"leadership"},{"symbol":"#","name":"Room Owner","type":"leadership"},{"symbol":"★","name":"Host","type":"leadership"},{"symbol":"@","name":"Moderator","type":"staff"},{"symbol":"%","name":"Driver","type":"staff"},{"symbol":"*","name":"Bot","type":"normal"},{"symbol":"☆","name":"Player","type":"normal"},{"symbol":"+","name":"Voice","type":"normal"},{"symbol":"^","name":"Prize Winner","type":"normal"},{"symbol":"whitelist","name":"Whitelist","type":"normal"},{"symbol":" ","name":null,"type":"normal"},{"symbol":"‽","name":"Locked","type":"punishment"},{"symbol":"!","name":"Muted","type":"punishment"}]
|formats|,LL|,1|S/V Singles|[Gen 9] Random Battle,4f|[Gen 9] Unrated Random Battle,b|[Gen 9] Free-For-All Random Battle,7|[Gen 9] Random Battle (Blitz),4f|[Gen 9] Multi Random Battle,5|[Gen 9] OU,e|[Gen 9] Ubers,e|[Gen 9] UU,e|[Gen 9] RU,e|[Gen 9] NU,e|[Gen 9] PU,e|[Gen 9] LC,e|[Gen 9] Monotype,e|[Gen 9] CAP,e|[Gen 9] BSS Reg I,5e|[Gen 9] BSS Reg J,5c|[Gen 9] Custom Game,c|,1|S/V Doubles|[Gen 9] Random Doubles Battle,4f|[Gen 9] Doubles OU,e|[Gen 9] Doubles Ubers,e|[Gen 9] Doubles UU,e|[Gen 9] Doubles LC,c|[Gen 9] VGC 2023 Reg C,5c|[Gen 9] VGC 2023 Reg D,5c|[Gen 9] VGC 2024 Reg G,5c|[Gen 9] VGC 2026 Reg I,5e|[Gen 9] VGC 2026 Reg F,5e|[Gen 9] VGC 2026 Reg F (Bo3),1e|[Gen 9] Doubles Custom Game,c|,1|Unofficial Metagames|[Gen 9] 1v1,e|[Gen 9] 2v2 Doubles,e|[Gen 9] Anything Goes,e|[Gen 9] ZU,e|[Gen 9] Free-For-All,6|[Gen 9] LC UU,c|[Gen 9] NFE,c|[Gen 9] Ubers UU,c|,1|Draft|[Gen 9] Draft,8c|[Gen 9] 6v6 Doubles Draft,8c|[Gen 9] 4v4 Doubles Draft,dc|[Gen 9] NatDex Draft,8c|[Gen 9] NatDex 6v6 Doubles Draft,8c|[Gen 9] NatDex LC Draft,8c|[Gen 8] Draft,c|[Gen 8] NatDex Draft,c|[Gen 8] NatDex 4v4 Doubles Draft,1c|[Gen 7] Draft,c|[Gen 6] Draft,c|[Gen 5] Draft,c|[Gen 4] Draft,c|[Gen 3] Draft,c|,2|Ladder Spotlight|[Gen 9] BSS Factory (Bo3),1f|[Gen 9] Linked,e|[Gen 9] 350 Cup,e|[Gen 9] Pokebilities AAA,e|[Gen 9] 4v4 Doubles UU,5e|[Gen 9] National Dex RU,e|[Gen 6] Megas Revisited Random Battle,4f|[Gen 9] ChatBats,f|[Gen 4] Ubers,e|[Gen 6] NU,e|[Gen 4] VGC 2009,5e|,2|Other Metagames|[Gen 9] Almost Any Ability,e|[Gen 9] Balanced Hackmons,e|[Gen 9] Godly Gift,e|[Gen 9] Mix and Mega,e|[Gen 9] Shared Power,e|[Gen 9] STABmons,e|[Gen 6] Pure Hackmons,e|,2|Challengeable OMs|[Gen 9] 1-2 Switch,c|[Gen 9] Alphabet Cup,c|[Gen 9] Bad 'n Boosted,c|[Gen 9] Battlefields,c|[Gen 9] Bio Mech Mons,c|[Gen 9] Camomons,c|[Gen 9] Category Swap,c|[Gen 9] Convergence,c|[Gen 9] Cross Evolution,c|[Gen 9] Fervent Impersonation,c|[Gen 9] Flipped,c|[Gen 9] Foresighters,c|[Gen 9] Formemons,c|[Gen 9] Fortemons,c|[Gen 9] Frantic Fusions,c|[Gen 9] Full Potential,c|[Gen 9] Inheritance,c|[Gen 9] Inverse,c|[Gen 9] Nature Swap,c|[Gen 9] Partners in Crime,c|[Gen 9] Passive Aggressive,c|[Gen 9] Pokebilities,c|[Gen 9] Pokemoves,c|[Gen 9] Pure Hackmons,c|[Gen 9] Relay Race,c|[Gen 9] Revelationmons,c|[Gen 9] Sharing is Caring,c|[Gen 9] Tera Donation,c|[Gen 9] Tera Override,c|[Gen 9] The Card Game,c|[Gen 9] The Loser's Game,c|[Gen 9] Tier Shift,c|[Gen 9] Trademarked,c|[Gen 9] Triples,c|[Gen 9] Type Split,c|[Gen 9] VoltTurn Mayhem,c|[Gen 7] Pure Hackmons,c|,2|Temporary Tour Metas|[Gen 9] Mix and Mega LC,c|[Gen 8] Mix and Mega,c|[Gen 7] Mix and Mega,c|[Gen 6] Mix and Mega,c|,2|National Dex|[Gen 9] National Dex,e|[Gen 8] National Dex,e|,2|National Dex Other Tiers|[Gen 9] National Dex 35 Pokes,c|[Gen 9] National Dex Ubers,e|[Gen 9] National Dex UU,e|[Gen 9] National Dex Ubers UU,c|[Gen 9] National Dex LC,c|[Gen 9] National Dex Monotype,e|[Gen 9] National Dex Doubles,e|[Gen 9] National Dex Doubles Ubers,c|[Gen 9] National Dex 1v1,c|[Gen 9] National Dex AG,c|[Gen 9] National Dex AAA,c|[Gen 9] National Dex BH,c|[Gen 9] National Dex Godly Gift,c|[Gen 9] National Dex STABmons,c|[Gen 8] National Dex UU,c|[Gen 8] National Dex RU,c|[Gen 8] National Dex Doubles,e|[Gen 8] National Dex Monotype,c|[Gen 8 DLC 1] National Dex AG,c|,2|Pet Mods|[Gen 6] Megas Revisited,c|[Gen 9] Legends Z-A OU,e|,3|Randomized Metas|[Gen 9] Random Roulette,4f|[Gen 9] Super Staff Bros Ultimate,4f|[Gen 9] Monotype Random Battle,4f|[Gen 9] Random Battle (Shared Power, B12P6),4f|[Gen 9] Random Battle Mayhem,4f|[Gen 9] Battle Factory,4f|[Gen 9] 1v1 Factory,4f|[Gen 9] BSS Factory,5d|[Gen 9] Draft Factory,4d|[Gen 9] Baby Random Battle,4f|[Gen 9] Hackmons Cup,4f|[Gen 9] Doubles Hackmons Cup,4d|[Gen 9] Broken Cup,4f|[Gen 9] Challenge Cup 1v1,4f|[Gen 9] Challenge Cup 2v2,4f|[Gen 9] Challenge Cup 6v6,4d|[Gen 9] Metronome Battle,4e|[Gen 8] Random Battle,4f|[Gen 8] Random Doubles Battle,4d|[Gen 8] Free-For-All Random Battle,5|[Gen 8] Multi Random Battle,5|[Gen 8] Battle Factory,4d|[Gen 8] BSS Factory,5d|[Gen 8] Hackmons Cup,4d|[Gen 8] CAP 1v1,4d|[Gen 8 BDSP] Random Battle,4d|[Gen 7] Random Battle,4f|[Gen 7] Battle Factory,4d|[Gen 7] BSS Factory,5d|[Gen 7] Hackmons Cup,9|[Gen 7 Let's Go] Random Battle,4d|[Gen 6] Random Battle,4f|[Gen 6] Battle Factory,9|[Gen 5] Random Battle,4f|[Gen 4] Random Battle,4f|[Gen 3] Random Battle,4f|[Gen 2] Random Battle,4f|[Gen 1] Random Battle,4f|[Gen 1] Challenge Cup,9|[Gen 1] Hackmons Cup,9|,4|Past Gens OU|[Gen 8] OU,e|[Gen 7] OU,e|[Gen 6] OU,e|[Gen 5] OU,e|[Gen 4] OU,e|[Gen 3] OU,e|[Gen 2] OU,e|[Gen 1] OU,e|,4|Past Gens Doubles OU|[Gen 8] Doubles OU,e|[Gen 7] Doubles OU,e|[Gen 6] Doubles OU,e|[Gen 5] Doubles OU,c|[Gen 4] Doubles OU,c|[Gen 3] Doubles OU,c|,4|Sw/Sh Singles|[Gen 8] Ubers,c|[Gen 8] UU,c|[Gen 8] RU,c|[Gen 8] NU,c|[Gen 8] PU,c|[Gen 8] LC,c|[Gen 8] Monotype,c|[Gen 8] 1v1,c|[Gen 8] Anything Goes,c|[Gen 8] ZU,c|[Gen 8] CAP,c|[Gen 8] Battle Stadium Singles,5c|[Gen 8 BDSP] OU,c|[Gen 8 BDSP] Ubers,c|[Gen 8] Custom Game,c|,4|Sw/Sh Doubles|[Gen 8] Doubles Ubers,c|[Gen 8] Doubles UU,c|[Gen 8] VGC 2022,5c|[Gen 8] VGC 2021,5c|[Gen 8] VGC 2020,5c|[Gen 8 BDSP] Doubles OU,c|[Gen 8 BDSP] Battle Festival Doubles,1c|[Gen 8] Doubles Custom Game,c|,4|US/UM Singles|[Gen 7] Ubers,c|[Gen 7] UU,c|[Gen 7] RU,c|[Gen 7] NU,c|[Gen 7] PU,c|[Gen 7] LC,c|[Gen 7] Monotype,c|[Gen 7] 1v1,c|[Gen 7] Anything Goes,c|[Gen 7] ZU,c|[Gen 7] CAP,c|[Gen 7] Battle Spot Singles,5c|[Gen 7 Let's Go] OU,1c|[Gen 7] Custom Game,c|,4|US/UM Doubles|[Gen 7] Doubles UU,c|[Gen 7] VGC 2019,5c|[Gen 7] VGC 2018,5c|[Gen 7] VGC 2017,5c|[Gen 7] Battle Spot Doubles,5c|[Gen 7 Let's Go] Doubles OU,1c|[Gen 7] Doubles Custom Game,c|,4|OR/AS Singles|[Gen 6] Ubers,c|[Gen 6] UU,c|[Gen 6] RU,c|[Gen 6] PU,c|[Gen 6] LC,c|[Gen 6] Monotype,c|[Gen 6] 1v1,c|[Gen 6] Anything Goes,c|[Gen 6] ZU,c|[Gen 6] CAP,c|[Gen 6] Battle Spot Singles,5c|[Gen 6] Custom Game,c|,4|OR/AS Doubles/Triples|[Gen 6] VGC 2016,5c|[Gen 6] VGC 2015,5c|[Gen 6] VGC 2014,5c|[Gen 6] Battle Spot Doubles,5c|[Gen 6] Doubles Custom Game,c|[Gen 6] Battle Spot Triples,1c|[Gen 6] Triples Custom Game,c|,4|B2/W2 Singles|[Gen 5] Ubers,c|[Gen 5] UU,c|[Gen 5] RU,c|[Gen 5] NU,c|[Gen 5] PU,c|[Gen 5] Monotype,c|[Gen 5] LC,c|[Gen 5] 1v1,c|[Gen 5] CAP,c|[Gen 5] ZU,c|[Gen 5] BW1 OU,c|[Gen 5] GBU Singles,5c|[Gen 5] Custom Game,c|,4|B2/W2 Doubles|[Gen 5] VGC 2013,5c|[Gen 5] VGC 2012,5c|[Gen 5] VGC 2011,5c|[Gen 5] Doubles Custom Game,c|[Gen 5] Triples Custom Game,c|,4|DPP Singles|[Gen 4] UU,c|[Gen 4] NU,c|[Gen 4] LC,c|[Gen 4] Anything Goes,c|[Gen 4] 1v1,c|[Gen 4] CAP,c|[Gen 4] PU,c|[Gen 4] ZU,c|[Gen 4] Custom Game,c|,4|DPP Doubles|[Gen 4] VGC 2010,5c|[Gen 4] Doubles Custom Game,c|,4|Past Generations|[Gen 3] Ubers,c|[Gen 3] UU,c|[Gen 3] RU,c|[Gen 3] NU,c|[Gen 3] PU,c|[Gen 3] LC,c|[Gen 3] 1v1,c|[Gen 3] UUBL,c|[Gen 3] ZU,c|[Gen 3] ADV 200,c|[Gen 3] ADV 200 Doubles,c|[Gen 3] Orre Colosseum,4c|[Gen 3] Custom Game,c|[Gen 3] Doubles Custom Game,c|[Gen 2] Ubers,c|[Gen 2] UU,c|[Gen 2] NU,c|[Gen 2] PU,c|[Gen 2] 1v1,c|[Gen 2] ZU,c|[Gen 2] NC 2000,4c|[Gen 2] Stadium OU,c|[Gen 2] Custom Game,c|[Gen 1] Ubers,c|[Gen 1] UU,c|[Gen 1] NU,c|[Gen 1] PU,c|[Gen 1] ZU,c|[Gen 1] LC,c|[Gen 1] 1v1,c|[Gen 1] NC 1997,4c|[Gen 1] Japanese OU,c|[Gen 1] Stadium OU,c|[Gen 1] Tradebacks OU,c|[Gen 1] Custom Game,c
[2026-03-09 19:26:42,050][SimpleHeuristics 4][INFO] - [92m[1m<<<[0m |challstr|4|dda618c4b1ca5b3b93e3b871cb2ee8e5ce9ff53e1ced98388e3591ebe7d6f413d56260827e2fa1ade2a1f3c160af39a8b89626e0ff7bf7d3201e947ac02d5a769880d551153488cf0c8aa3e69a67abf17c6b551beda3bb972e5f4c3f46723b19647c840ae6fa438bee0ddb302a5d0aae6fe24c87daf165566d9af9065d70988a
[2026-03-09 19:26:42,051][SimpleHeuristics 4][INFO] - Bypassing authentication request
[2026-03-09 19:26:42,051][SimpleHeuristics 4][INFO] - [93m[1m>>>[0m |/trn SimpleHeuristics 4,0,
[2026-03-09 19:26:42,054][SimpleHeuristics 4][INFO] - [92m[1m<<<[0m |updatesearch|{"searching":[],"games":null}
[2026-03-09 19:26:42,054][SimpleHeuristics 4][INFO] - [92m[1m<<<[0m |updateuser| SimpleHeuristics 4|1|2|{"blockChallenges":false,"blockPMs":false,"ignoreTickets":false,"hideBattlesFromTrainerCard":false,"blockInvites":false,"doNotDisturb":false,"blockFriendRequests":false,"allowFriendNotifications":false,"displayBattlesToFriends":false,"hideLogins":false,"hiddenNextBattle":false,"inviteOnlyNextBattle":false,"language":null}
[2026-03-09 19:28:54,364][MaxBasePowerPlay 1][INFO] - Starting listening to showdown websocket
[2026-03-09 19:28:54,367][MaxBasePowerPlay 1][INFO] - [92m[1m<<<[0m |updateuser| Guest 13|0|169|{"blockChallenges":false,"blockPMs":false,"ignoreTickets":false,"hideBattlesFromTrainerCard":false,"blockInvites":false,"doNotDisturb":false,"blockFriendRequests":false,"allowFriendNotifications":false,"displayBattlesToFriends":false,"hideLogins":false,"hiddenNextBattle":false,"inviteOnlyNextBattle":false,"language":null}
|customgroups|[{"symbol":"~","name":"Administrator","type":"leadership"},{"symbol":"#","name":"Room Owner","type":"leadership"},{"symbol":"★","name":"Host","type":"leadership"},{"symbol":"@","name":"Moderator","type":"staff"},{"symbol":"%","name":"Driver","type":"staff"},{"symbol":"*","name":"Bot","type":"normal"},{"symbol":"☆","name":"Player","type":"normal"},{"symbol":"+","name":"Voice","type":"normal"},{"symbol":"^","name":"Prize Winner","type":"normal"},{"symbol":"whitelist","name":"Whitelist","type":"normal"},{"symbol":" ","name":null,"type":"normal"},{"symbol":"‽","name":"Locked","type":"punishment"},{"symbol":"!","name":"Muted","type":"punishment"}]
|formats|,LL|,1|S/V Singles|[Gen 9] Random Battle,4f|[Gen 9] Unrated Random Battle,b|[Gen 9] Free-For-All Random Battle,7|[Gen 9] Random Battle (Blitz),4f|[Gen 9] Multi Random Battle,5|[Gen 9] OU,e|[Gen 9] Ubers,e|[Gen 9] UU,e|[Gen 9] RU,e|[Gen 9] NU,e|[Gen 9] PU,e|[Gen 9] LC,e|[Gen 9] Monotype,e|[Gen 9] CAP,e|[Gen 9] BSS Reg I,5e|[Gen 9] BSS Reg J,5c|[Gen 9] Custom Game,c|,1|S/V Doubles|[Gen 9] Random Doubles Battle,4f|[Gen 9] Doubles OU,e|[Gen 9] Doubles Ubers,e|[Gen 9] Doubles UU,e|[Gen 9] Doubles LC,c|[Gen 9] VGC 2023 Reg C,5c|[Gen 9] VGC 2023 Reg D,5c|[Gen 9] VGC 2024 Reg G,5c|[Gen 9] VGC 2026 Reg I,5e|[Gen 9] VGC 2026 Reg F,5e|[Gen 9] VGC 2026 Reg F (Bo3),1e|[Gen 9] Doubles Custom Game,c|,1|Unofficial Metagames|[Gen 9] 1v1,e|[Gen 9] 2v2 Doubles,e|[Gen 9] Anything Goes,e|[Gen 9] ZU,e|[Gen 9] Free-For-All,6|[Gen 9] LC UU,c|[Gen 9] NFE,c|[Gen 9] Ubers UU,c|,1|Draft|[Gen 9] Draft,8c|[Gen 9] 6v6 Doubles Draft,8c|[Gen 9] 4v4 Doubles Draft,dc|[Gen 9] NatDex Draft,8c|[Gen 9] NatDex 6v6 Doubles Draft,8c|[Gen 9] NatDex LC Draft,8c|[Gen 8] Draft,c|[Gen 8] NatDex Draft,c|[Gen 8] NatDex 4v4 Doubles Draft,1c|[Gen 7] Draft,c|[Gen 6] Draft,c|[Gen 5] Draft,c|[Gen 4] Draft,c|[Gen 3] Draft,c|,2|Ladder Spotlight|[Gen 9] BSS Factory (Bo3),1f|[Gen 9] Linked,e|[Gen 9] 350 Cup,e|[Gen 9] Pokebilities AAA,e|[Gen 9] 4v4 Doubles UU,5e|[Gen 9] National Dex RU,e|[Gen 6] Megas Revisited Random Battle,4f|[Gen 9] ChatBats,f|[Gen 4] Ubers,e|[Gen 6] NU,e|[Gen 4] VGC 2009,5e|,2|Other Metagames|[Gen 9] Almost Any Ability,e|[Gen 9] Balanced Hackmons,e|[Gen 9] Godly Gift,e|[Gen 9] Mix and Mega,e|[Gen 9] Shared Power,e|[Gen 9] STABmons,e|[Gen 6] Pure Hackmons,e|,2|Challengeable OMs|[Gen 9] 1-2 Switch,c|[Gen 9] Alphabet Cup,c|[Gen 9] Bad 'n Boosted,c|[Gen 9] Battlefields,c|[Gen 9] Bio Mech Mons,c|[Gen 9] Camomons,c|[Gen 9] Category Swap,c|[Gen 9] Convergence,c|[Gen 9] Cross Evolution,c|[Gen 9] Fervent Impersonation,c|[Gen 9] Flipped,c|[Gen 9] Foresighters,c|[Gen 9] Formemons,c|[Gen 9] Fortemons,c|[Gen 9] Frantic Fusions,c|[Gen 9] Full Potential,c|[Gen 9] Inheritance,c|[Gen 9] Inverse,c|[Gen 9] Nature Swap,c|[Gen 9] Partners in Crime,c|[Gen 9] Passive Aggressive,c|[Gen 9] Pokebilities,c|[Gen 9] Pokemoves,c|[Gen 9] Pure Hackmons,c|[Gen 9] Relay Race,c|[Gen 9] Revelationmons,c|[Gen 9] Sharing is Caring,c|[Gen 9] Tera Donation,c|[Gen 9] Tera Override,c|[Gen 9] The Card Game,c|[Gen 9] The Loser's Game,c|[Gen 9] Tier Shift,c|[Gen 9] Trademarked,c|[Gen 9] Triples,c|[Gen 9] Type Split,c|[Gen 9] VoltTurn Mayhem,c|[Gen 7] Pure Hackmons,c|,2|Temporary Tour Metas|[Gen 9] Mix and Mega LC,c|[Gen 8] Mix and Mega,c|[Gen 7] Mix and Mega,c|[Gen 6] Mix and Mega,c|,2|National Dex|[Gen 9] National Dex,e|[Gen 8] National Dex,e|,2|National Dex Other Tiers|[Gen 9] National Dex 35 Pokes,c|[Gen 9] National Dex Ubers,e|[Gen 9] National Dex UU,e|[Gen 9] National Dex Ubers UU,c|[Gen 9] National Dex LC,c|[Gen 9] National Dex Monotype,e|[Gen 9] National Dex Doubles,e|[Gen 9] National Dex Doubles Ubers,c|[Gen 9] National Dex 1v1,c|[Gen 9] National Dex AG,c|[Gen 9] National Dex AAA,c|[Gen 9] National Dex BH,c|[Gen 9] National Dex Godly Gift,c|[Gen 9] National Dex STABmons,c|[Gen 8] National Dex UU,c|[Gen 8] National Dex RU,c|[Gen 8] National Dex Doubles,e|[Gen 8] National Dex Monotype,c|[Gen 8 DLC 1] National Dex AG,c|,2|Pet Mods|[Gen 6] Megas Revisited,c|[Gen 9] Legends Z-A OU,e|,3|Randomized Metas|[Gen 9] Random Roulette,4f|[Gen 9] Super Staff Bros Ultimate,4f|[Gen 9] Monotype Random Battle,4f|[Gen 9] Random Battle (Shared Power, B12P6),4f|[Gen 9] Random Battle Mayhem,4f|[Gen 9] Battle Factory,4f|[Gen 9] 1v1 Factory,4f|[Gen 9] BSS Factory,5d|[Gen 9] Draft Factory,4d|[Gen 9] Baby Random Battle,4f|[Gen 9] Hackmons Cup,4f|[Gen 9] Doubles Hackmons Cup,4d|[Gen 9] Broken Cup,4f|[Gen 9] Challenge Cup 1v1,4f|[Gen 9] Challenge Cup 2v2,4f|[Gen 9] Challenge Cup 6v6,4d|[Gen 9] Metronome Battle,4e|[Gen 8] Random Battle,4f|[Gen 8] Random Doubles Battle,4d|[Gen 8] Free-For-All Random Battle,5|[Gen 8] Multi Random Battle,5|[Gen 8] Battle Factory,4d|[Gen 8] BSS Factory,5d|[Gen 8] Hackmons Cup,4d|[Gen 8] CAP 1v1,4d|[Gen 8 BDSP] Random Battle,4d|[Gen 7] Random Battle,4f|[Gen 7] Battle Factory,4d|[Gen 7] BSS Factory,5d|[Gen 7] Hackmons Cup,9|[Gen 7 Let's Go] Random Battle,4d|[Gen 6] Random Battle,4f|[Gen 6] Battle Factory,9|[Gen 5] Random Battle,4f|[Gen 4] Random Battle,4f|[Gen 3] Random Battle,4f|[Gen 2] Random Battle,4f|[Gen 1] Random Battle,4f|[Gen 1] Challenge Cup,9|[Gen 1] Hackmons Cup,9|,4|Past Gens OU|[Gen 8] OU,e|[Gen 7] OU,e|[Gen 6] OU,e|[Gen 5] OU,e|[Gen 4] OU,e|[Gen 3] OU,e|[Gen 2] OU,e|[Gen 1] OU,e|,4|Past Gens Doubles OU|[Gen 8] Doubles OU,e|[Gen 7] Doubles OU,e|[Gen 6] Doubles OU,e|[Gen 5] Doubles OU,c|[Gen 4] Doubles OU,c|[Gen 3] Doubles OU,c|,4|Sw/Sh Singles|[Gen 8] Ubers,c|[Gen 8] UU,c|[Gen 8] RU,c|[Gen 8] NU,c|[Gen 8] PU,c|[Gen 8] LC,c|[Gen 8] Monotype,c|[Gen 8] 1v1,c|[Gen 8] Anything Goes,c|[Gen 8] ZU,c|[Gen 8] CAP,c|[Gen 8] Battle Stadium Singles,5c|[Gen 8 BDSP] OU,c|[Gen 8 BDSP] Ubers,c|[Gen 8] Custom Game,c|,4|Sw/Sh Doubles|[Gen 8] Doubles Ubers,c|[Gen 8] Doubles UU,c|[Gen 8] VGC 2022,5c|[Gen 8] VGC 2021,5c|[Gen 8] VGC 2020,5c|[Gen 8 BDSP] Doubles OU,c|[Gen 8 BDSP] Battle Festival Doubles,1c|[Gen 8] Doubles Custom Game,c|,4|US/UM Singles|[Gen 7] Ubers,c|[Gen 7] UU,c|[Gen 7] RU,c|[Gen 7] NU,c|[Gen 7] PU,c|[Gen 7] LC,c|[Gen 7] Monotype,c|[Gen 7] 1v1,c|[Gen 7] Anything Goes,c|[Gen 7] ZU,c|[Gen 7] CAP,c|[Gen 7] Battle Spot Singles,5c|[Gen 7 Let's Go] OU,1c|[Gen 7] Custom Game,c|,4|US/UM Doubles|[Gen 7] Doubles UU,c|[Gen 7] VGC 2019,5c|[Gen 7] VGC 2018,5c|[Gen 7] VGC 2017,5c|[Gen 7] Battle Spot Doubles,5c|[Gen 7 Let's Go] Doubles OU,1c|[Gen 7] Doubles Custom Game,c|,4|OR/AS Singles|[Gen 6] Ubers,c|[Gen 6] UU,c|[Gen 6] RU,c|[Gen 6] PU,c|[Gen 6] LC,c|[Gen 6] Monotype,c|[Gen 6] 1v1,c|[Gen 6] Anything Goes,c|[Gen 6] ZU,c|[Gen 6] CAP,c|[Gen 6] Battle Spot Singles,5c|[Gen 6] Custom Game,c|,4|OR/AS Doubles/Triples|[Gen 6] VGC 2016,5c|[Gen 6] VGC 2015,5c|[Gen 6] VGC 2014,5c|[Gen 6] Battle Spot Doubles,5c|[Gen 6] Doubles Custom Game,c|[Gen 6] Battle Spot Triples,1c|[Gen 6] Triples Custom Game,c|,4|B2/W2 Singles|[Gen 5] Ubers,c|[Gen 5] UU,c|[Gen 5] RU,c|[Gen 5] NU,c|[Gen 5] PU,c|[Gen 5] Monotype,c|[Gen 5] LC,c|[Gen 5] 1v1,c|[Gen 5] CAP,c|[Gen 5] ZU,c|[Gen 5] BW1 OU,c|[Gen 5] GBU Singles,5c|[Gen 5] Custom Game,c|,4|B2/W2 Doubles|[Gen 5] VGC 2013,5c|[Gen 5] VGC 2012,5c|[Gen 5] VGC 2011,5c|[Gen 5] Doubles Custom Game,c|[Gen 5] Triples Custom Game,c|,4|DPP Singles|[Gen 4] UU,c|[Gen 4] NU,c|[Gen 4] LC,c|[Gen 4] Anything Goes,c|[Gen 4] 1v1,c|[Gen 4] CAP,c|[Gen 4] PU,c|[Gen 4] ZU,c|[Gen 4] Custom Game,c|,4|DPP Doubles|[Gen 4] VGC 2010,5c|[Gen 4] Doubles Custom Game,c|,4|Past Generations|[Gen 3] Ubers,c|[Gen 3] UU,c|[Gen 3] RU,c|[Gen 3] NU,c|[Gen 3] PU,c|[Gen 3] LC,c|[Gen 3] 1v1,c|[Gen 3] UUBL,c|[Gen 3] ZU,c|[Gen 3] ADV 200,c|[Gen 3] ADV 200 Doubles,c|[Gen 3] Orre Colosseum,4c|[Gen 3] Custom Game,c|[Gen 3] Doubles Custom Game,c|[Gen 2] Ubers,c|[Gen 2] UU,c|[Gen 2] NU,c|[Gen 2] PU,c|[Gen 2] 1v1,c|[Gen 2] ZU,c|[Gen 2] NC 2000,4c|[Gen 2] Stadium OU,c|[Gen 2] Custom Game,c|[Gen 1] Ubers,c|[Gen 1] UU,c|[Gen 1] NU,c|[Gen 1] PU,c|[Gen 1] ZU,c|[Gen 1] LC,c|[Gen 1] 1v1,c|[Gen 1] NC 1997,4c|[Gen 1] Japanese OU,c|[Gen 1] Stadium OU,c|[Gen 1] Tradebacks OU,c|[Gen 1] Custom Game,c
[2026-03-09 19:28:54,367][MaxBasePowerPlay 1][INFO] - [92m[1m<<<[0m |challstr|4|d71cf794eeb3f8cfba3921110c820bc96ed1851d58d87ee72d9754ae18bf686ce5ef9e25834e94724145fcf466e973d07429167a7e4a1db02b7ef293d9bd3a983fd54b5863f17729bd163956c8035d5dfe178ff9cbae63cef39401f30aefe787f10df3ec794dccd21e4c85f2b1bc84bba95f4abed4c4f487642d9117793e9dfc
[2026-03-09 19:28:54,367][MaxBasePowerPlay 1][INFO] - Bypassing authentication request
[2026-03-09 19:28:54,367][MaxBasePowerPlay 1][INFO] - [93m[1m>>>[0m |/trn MaxBasePowerPlay 1,0,
[2026-03-09 19:28:54,368][MaxBasePowerPlay 1][INFO] - [92m[1m<<<[0m |updatesearch|{"searching":[],"games":null}
[2026-03-09 19:28:54,368][MaxBasePowerPlay 1][INFO] - [92m[1m<<<[0m |updateuser| MaxBasePowerPlay 1|1|169|{"blockChallenges":false,"blockPMs":false,"ignoreTickets":false,"hideBattlesFromTrainerCard":false,"blockInvites":false,"doNotDisturb":false,"blockFriendRequests":false,"allowFriendNotifications":false,"displayBattlesToFriends":false,"hideLogins":false,"hiddenNextBattle":false,"inviteOnlyNextBattle":false,"language":null}
[2026-03-09 19:31:10,491][RandomPlayer 2][INFO] - Starting listening to showdown websocket
[2026-03-09 19:31:10,495][RandomPlayer 2][INFO] - [92m[1m<<<[0m |updateuser| Guest 16|0|266|{"blockChallenges":false,"blockPMs":false,"ignoreTickets":false,"hideBattlesFromTrainerCard":false,"blockInvites":false,"doNotDisturb":false,"blockFriendRequests":false,"allowFriendNotifications":false,"displayBattlesToFriends":false,"hideLogins":false,"hiddenNextBattle":false,"inviteOnlyNextBattle":false,"language":null}
|customgroups|[{"symbol":"~","name":"Administrator","type":"leadership"},{"symbol":"#","name":"Room Owner","type":"leadership"},{"symbol":"★","name":"Host","type":"leadership"},{"symbol":"@","name":"Moderator","type":"staff"},{"symbol":"%","name":"Driver","type":"staff"},{"symbol":"*","name":"Bot","type":"normal"},{"symbol":"☆","name":"Player","type":"normal"},{"symbol":"+","name":"Voice","type":"normal"},{"symbol":"^","name":"Prize Winner","type":"normal"},{"symbol":"whitelist","name":"Whitelist","type":"normal"},{"symbol":" ","name":null,"type":"normal"},{"symbol":"‽","name":"Locked","type":"punishment"},{"symbol":"!","name":"Muted","type":"punishment"}]
|formats|,LL|,1|S/V Singles|[Gen 9] Random Battle,4f|[Gen 9] Unrated Random Battle,b|[Gen 9] Free-For-All Random Battle,7|[Gen 9] Random Battle (Blitz),4f|[Gen 9] Multi Random Battle,5|[Gen 9] OU,e|[Gen 9] Ubers,e|[Gen 9] UU,e|[Gen 9] RU,e|[Gen 9] NU,e|[Gen 9] PU,e|[Gen 9] LC,e|[Gen 9] Monotype,e|[Gen 9] CAP,e|[Gen 9] BSS Reg I,5e|[Gen 9] BSS Reg J,5c|[Gen 9] Custom Game,c|,1|S/V Doubles|[Gen 9] Random Doubles Battle,4f|[Gen 9] Doubles OU,e|[Gen 9] Doubles Ubers,e|[Gen 9] Doubles UU,e|[Gen 9] Doubles LC,c|[Gen 9] VGC 2023 Reg C,5c|[Gen 9] VGC 2023 Reg D,5c|[Gen 9] VGC 2024 Reg G,5c|[Gen 9] VGC 2026 Reg I,5e|[Gen 9] VGC 2026 Reg F,5e|[Gen 9] VGC 2026 Reg F (Bo3),1e|[Gen 9] Doubles Custom Game,c|,1|Unofficial Metagames|[Gen 9] 1v1,e|[Gen 9] 2v2 Doubles,e|[Gen 9] Anything Goes,e|[Gen 9] ZU,e|[Gen 9] Free-For-All,6|[Gen 9] LC UU,c|[Gen 9] NFE,c|[Gen 9] Ubers UU,c|,1|Draft|[Gen 9] Draft,8c|[Gen 9] 6v6 Doubles Draft,8c|[Gen 9] 4v4 Doubles Draft,dc|[Gen 9] NatDex Draft,8c|[Gen 9] NatDex 6v6 Doubles Draft,8c|[Gen 9] NatDex LC Draft,8c|[Gen 8] Draft,c|[Gen 8] NatDex Draft,c|[Gen 8] NatDex 4v4 Doubles Draft,1c|[Gen 7] Draft,c|[Gen 6] Draft,c|[Gen 5] Draft,c|[Gen 4] Draft,c|[Gen 3] Draft,c|,2|Ladder Spotlight|[Gen 9] BSS Factory (Bo3),1f|[Gen 9] Linked,e|[Gen 9] 350 Cup,e|[Gen 9] Pokebilities AAA,e|[Gen 9] 4v4 Doubles UU,5e|[Gen 9] National Dex RU,e|[Gen 6] Megas Revisited Random Battle,4f|[Gen 9] ChatBats,f|[Gen 4] Ubers,e|[Gen 6] NU,e|[Gen 4] VGC 2009,5e|,2|Other Metagames|[Gen 9] Almost Any Ability,e|[Gen 9] Balanced Hackmons,e|[Gen 9] Godly Gift,e|[Gen 9] Mix and Mega,e|[Gen 9] Shared Power,e|[Gen 9] STABmons,e|[Gen 6] Pure Hackmons,e|,2|Challengeable OMs|[Gen 9] 1-2 Switch,c|[Gen 9] Alphabet Cup,c|[Gen 9] Bad 'n Boosted,c|[Gen 9] Battlefields,c|[Gen 9] Bio Mech Mons,c|[Gen 9] Camomons,c|[Gen 9] Category Swap,c|[Gen 9] Convergence,c|[Gen 9] Cross Evolution,c|[Gen 9] Fervent Impersonation,c|[Gen 9] Flipped,c|[Gen 9] Foresighters,c|[Gen 9] Formemons,c|[Gen 9] Fortemons,c|[Gen 9] Frantic Fusions,c|[Gen 9] Full Potential,c|[Gen 9] Inheritance,c|[Gen 9] Inverse,c|[Gen 9] Nature Swap,c|[Gen 9] Partners in Crime,c|[Gen 9] Passive Aggressive,c|[Gen 9] Pokebilities,c|[Gen 9] Pokemoves,c|[Gen 9] Pure Hackmons,c|[Gen 9] Relay Race,c|[Gen 9] Revelationmons,c|[Gen 9] Sharing is Caring,c|[Gen 9] Tera Donation,c|[Gen 9] Tera Override,c|[Gen 9] The Card Game,c|[Gen 9] The Loser's Game,c|[Gen 9] Tier Shift,c|[Gen 9] Trademarked,c|[Gen 9] Triples,c|[Gen 9] Type Split,c|[Gen 9] VoltTurn Mayhem,c|[Gen 7] Pure Hackmons,c|,2|Temporary Tour Metas|[Gen 9] Mix and Mega LC,c|[Gen 8] Mix and Mega,c|[Gen 7] Mix and Mega,c|[Gen 6] Mix and Mega,c|,2|National Dex|[Gen 9] National Dex,e|[Gen 8] National Dex,e|,2|National Dex Other Tiers|[Gen 9] National Dex 35 Pokes,c|[Gen 9] National Dex Ubers,e|[Gen 9] National Dex UU,e|[Gen 9] National Dex Ubers UU,c|[Gen 9] National Dex LC,c|[Gen 9] National Dex Monotype,e|[Gen 9] National Dex Doubles,e|[Gen 9] National Dex Doubles Ubers,c|[Gen 9] National Dex 1v1,c|[Gen 9] National Dex AG,c|[Gen 9] National Dex AAA,c|[Gen 9] National Dex BH,c|[Gen 9] National Dex Godly Gift,c|[Gen 9] National Dex STABmons,c|[Gen 8] National Dex UU,c|[Gen 8] National Dex RU,c|[Gen 8] National Dex Doubles,e|[Gen 8] National Dex Monotype,c|[Gen 8 DLC 1] National Dex AG,c|,2|Pet Mods|[Gen 6] Megas Revisited,c|[Gen 9] Legends Z-A OU,e|,3|Randomized Metas|[Gen 9] Random Roulette,4f|[Gen 9] Super Staff Bros Ultimate,4f|[Gen 9] Monotype Random Battle,4f|[Gen 9] Random Battle (Shared Power, B12P6),4f|[Gen 9] Random Battle Mayhem,4f|[Gen 9] Battle Factory,4f|[Gen 9] 1v1 Factory,4f|[Gen 9] BSS Factory,5d|[Gen 9] Draft Factory,4d|[Gen 9] Baby Random Battle,4f|[Gen 9] Hackmons Cup,4f|[Gen 9] Doubles Hackmons Cup,4d|[Gen 9] Broken Cup,4f|[Gen 9] Challenge Cup 1v1,4f|[Gen 9] Challenge Cup 2v2,4f|[Gen 9] Challenge Cup 6v6,4d|[Gen 9] Metronome Battle,4e|[Gen 8] Random Battle,4f|[Gen 8] Random Doubles Battle,4d|[Gen 8] Free-For-All Random Battle,5|[Gen 8] Multi Random Battle,5|[Gen 8] Battle Factory,4d|[Gen 8] BSS Factory,5d|[Gen 8] Hackmons Cup,4d|[Gen 8] CAP 1v1,4d|[Gen 8 BDSP] Random Battle,4d|[Gen 7] Random Battle,4f|[Gen 7] Battle Factory,4d|[Gen 7] BSS Factory,5d|[Gen 7] Hackmons Cup,9|[Gen 7 Let's Go] Random Battle,4d|[Gen 6] Random Battle,4f|[Gen 6] Battle Factory,9|[Gen 5] Random Battle,4f|[Gen 4] Random Battle,4f|[Gen 3] Random Battle,4f|[Gen 2] Random Battle,4f|[Gen 1] Random Battle,4f|[Gen 1] Challenge Cup,9|[Gen 1] Hackmons Cup,9|,4|Past Gens OU|[Gen 8] OU,e|[Gen 7] OU,e|[Gen 6] OU,e|[Gen 5] OU,e|[Gen 4] OU,e|[Gen 3] OU,e|[Gen 2] OU,e|[Gen 1] OU,e|,4|Past Gens Doubles OU|[Gen 8] Doubles OU,e|[Gen 7] Doubles OU,e|[Gen 6] Doubles OU,e|[Gen 5] Doubles OU,c|[Gen 4] Doubles OU,c|[Gen 3] Doubles OU,c|,4|Sw/Sh Singles|[Gen 8] Ubers,c|[Gen 8] UU,c|[Gen 8] RU,c|[Gen 8] NU,c|[Gen 8] PU,c|[Gen 8] LC,c|[Gen 8] Monotype,c|[Gen 8] 1v1,c|[Gen 8] Anything Goes,c|[Gen 8] ZU,c|[Gen 8] CAP,c|[Gen 8] Battle Stadium Singles,5c|[Gen 8 BDSP] OU,c|[Gen 8 BDSP] Ubers,c|[Gen 8] Custom Game,c|,4|Sw/Sh Doubles|[Gen 8] Doubles Ubers,c|[Gen 8] Doubles UU,c|[Gen 8] VGC 2022,5c|[Gen 8] VGC 2021,5c|[Gen 8] VGC 2020,5c|[Gen 8 BDSP] Doubles OU,c|[Gen 8 BDSP] Battle Festival Doubles,1c|[Gen 8] Doubles Custom Game,c|,4|US/UM Singles|[Gen 7] Ubers,c|[Gen 7] UU,c|[Gen 7] RU,c|[Gen 7] NU,c|[Gen 7] PU,c|[Gen 7] LC,c|[Gen 7] Monotype,c|[Gen 7] 1v1,c|[Gen 7] Anything Goes,c|[Gen 7] ZU,c|[Gen 7] CAP,c|[Gen 7] Battle Spot Singles,5c|[Gen 7 Let's Go] OU,1c|[Gen 7] Custom Game,c|,4|US/UM Doubles|[Gen 7] Doubles UU,c|[Gen 7] VGC 2019,5c|[Gen 7] VGC 2018,5c|[Gen 7] VGC 2017,5c|[Gen 7] Battle Spot Doubles,5c|[Gen 7 Let's Go] Doubles OU,1c|[Gen 7] Doubles Custom Game,c|,4|OR/AS Singles|[Gen 6] Ubers,c|[Gen 6] UU,c|[Gen 6] RU,c|[Gen 6] PU,c|[Gen 6] LC,c|[Gen 6] Monotype,c|[Gen 6] 1v1,c|[Gen 6] Anything Goes,c|[Gen 6] ZU,c|[Gen 6] CAP,c|[Gen 6] Battle Spot Singles,5c|[Gen 6] Custom Game,c|,4|OR/AS Doubles/Triples|[Gen 6] VGC 2016,5c|[Gen 6] VGC 2015,5c|[Gen 6] VGC 2014,5c|[Gen 6] Battle Spot Doubles,5c|[Gen 6] Doubles Custom Game,c|[Gen 6] Battle Spot Triples,1c|[Gen 6] Triples Custom Game,c|,4|B2/W2 Singles|[Gen 5] Ubers,c|[Gen 5] UU,c|[Gen 5] RU,c|[Gen 5] NU,c|[Gen 5] PU,c|[Gen 5] Monotype,c|[Gen 5] LC,c|[Gen 5] 1v1,c|[Gen 5] CAP,c|[Gen 5] ZU,c|[Gen 5] BW1 OU,c|[Gen 5] GBU Singles,5c|[Gen 5] Custom Game,c|,4|B2/W2 Doubles|[Gen 5] VGC 2013,5c|[Gen 5] VGC 2012,5c|[Gen 5] VGC 2011,5c|[Gen 5] Doubles Custom Game,c|[Gen 5] Triples Custom Game,c|,4|DPP Singles|[Gen 4] UU,c|[Gen 4] NU,c|[Gen 4] LC,c|[Gen 4] Anything Goes,c|[Gen 4] 1v1,c|[Gen 4] CAP,c|[Gen 4] PU,c|[Gen 4] ZU,c|[Gen 4] Custom Game,c|,4|DPP Doubles|[Gen 4] VGC 2010,5c|[Gen 4] Doubles Custom Game,c|,4|Past Generations|[Gen 3] Ubers,c|[Gen 3] UU,c|[Gen 3] RU,c|[Gen 3] NU,c|[Gen 3] PU,c|[Gen 3] LC,c|[Gen 3] 1v1,c|[Gen 3] UUBL,c|[Gen 3] ZU,c|[Gen 3] ADV 200,c|[Gen 3] ADV 200 Doubles,c|[Gen 3] Orre Colosseum,4c|[Gen 3] Custom Game,c|[Gen 3] Doubles Custom Game,c|[Gen 2] Ubers,c|[Gen 2] UU,c|[Gen 2] NU,c|[Gen 2] PU,c|[Gen 2] 1v1,c|[Gen 2] ZU,c|[Gen 2] NC 2000,4c|[Gen 2] Stadium OU,c|[Gen 2] Custom Game,c|[Gen 1] Ubers,c|[Gen 1] UU,c|[Gen 1] NU,c|[Gen 1] PU,c|[Gen 1] ZU,c|[Gen 1] LC,c|[Gen 1] 1v1,c|[Gen 1] NC 1997,4c|[Gen 1] Japanese OU,c|[Gen 1] Stadium OU,c|[Gen 1] Tradebacks OU,c|[Gen 1] Custom Game,c
[2026-03-09 19:31:10,495][RandomPlayer 2][INFO] - [92m[1m<<<[0m |challstr|4|a9c5e72be069270fab6712ceaef21d25bd10f925fdffdd2f09ebc8e9cb843ec9d3ad3850f5dfde7147e6905acef1ed2d7f9acff4c32f600cee00cbeda1c019d5b86fd9171846c4c417db879bc484a4fe249edfc94c49284438dbc75283b386a7e4e2a15dab126da162fcad7b83c5c6ed031bf69793cfe797cbc92abe85479b43
[2026-03-09 19:31:10,495][RandomPlayer 2][INFO] - Bypassing authentication request
[2026-03-09 19:31:10,495][RandomPlayer 2][INFO] - [93m[1m>>>[0m |/trn RandomPlayer 2,0,
[2026-03-09 19:31:10,496][RandomPlayer 2][INFO] - [92m[1m<<<[0m |updatesearch|{"searching":[],"games":null}
[2026-03-09 19:31:10,496][RandomPlayer 2][INFO] - [92m[1m<<<[0m |updateuser| RandomPlayer 2|1|266|{"blockChallenges":false,"blockPMs":false,"ignoreTickets":false,"hideBattlesFromTrainerCard":false,"blockInvites":false,"doNotDisturb":false,"blockFriendRequests":false,"allowFriendNotifications":false,"displayBattlesToFriends":false,"hideLogins":false,"hiddenNextBattle":false,"inviteOnlyNextBattle":false,"language":null}
